LocalTime, GPSTime, ESSID, BSSID, Power, Security, Latitude, Longitude, Latitude Error, Longitude Error, Type
2026-05-20 09:19:05,1900-01-00 00:00:00,,7C:C3:85:9B:D5:E0,-77, ,0.000000,0.000000,0.000,0.000,AP
2026-05-20 09:19:05,1900-01-00 00:00:00,Bilagg,7C:C3:85:9B:D5:E0,-75, WPA2  WPA ,0.000000,0.000000,0.000,0.000,AP
2026-05-20 09:19:05,1900-01-00 00:00:00,Bilagg,7C:C3:85:9B:D5:E0,-87, WPA2  WPA ,0.000000,0.000000,0.000,0.000,AP
2026-05-20 09:19:05,1900-01-00 00:00:00,Bilagg,7C:C3:85:9B:D5:E0,-77, WPA2  WPA ,0.000000,0.000000,0.000,0.000,AP
2026-05-20 09:19:05,1900-01-00 00:00:00,Bilagg,7C:C3:85:9B:D5:E0,-75, WPA2  WPA ,0.000000,0.000000,0.000,0.000,AP
2026-05-20 09:19:05,1900-01-00 00:00:00,Bilagg,7C:C3:85:9B:D5:E0,-71, WPA2  WPA ,0.000000,0.000000,0.000,0.000,AP
2026-05-20 09:19:05,1900-01-00 00:00:00,Bilagg,7C:C3:85:9B:D5:E0,-77, WPA2  WPA ,0.000000,0.000000,0.000,0.000,AP
2026-05-20 09:19:05,1900-01-00 00:00:00,Bilagg,7C:C3:85:9B:D5:E0,-91, WPA2  WPA ,0.000000,0.000000,0.000,0.000,AP
2026-05-20 09:19:06,1900-01-00 00:00:00,Bilagg,7C:C3:85:9B:D5:E0,-75, WPA2  WPA ,0.000000,0.000000,0.000,0.000,AP
2026-05-20 09:19:06,1900-01-00 00:00:00,Bilagg,7C:C3:85:9B:D5:E0,-75, WPA2  WPA ,0.000000,0.000000,0.000,0.000,AP
2026-05-20 09:19:06,1900-01-00 00:00:00,Bilagg,7C:C3:85:9B:D5:E0,-73, WPA2  WPA ,0.000000,0.000000,0.000,0.000,AP
2026-05-20 09:19:06,1900-01-00 00:00:00,Bilagg,7C:C3:85:9B:D5:E0,-75, WPA2  WPA ,0.000000,0.000000,0.000,0.000,AP
2026-05-20 09:19:06,1900-01-00 00:00:00,Bilagg,7C:C3:85:9B:D5:E0,-71, WPA2  WPA ,0.000000,0.000000,0.000,0.000,AP
2026-05-20 09:19:06,1900-01-00 00:00:00,Bilagg,7C:C3:85:9B:D5:E0,-71, WPA2  WPA ,0.000000,0.000000,0.000,0.000,AP
2026-05-20 09:19:06,1900-01-00 00:00:00,Bilagg,7C:C3:85:9B:D5:E0,-87, WPA2  WPA ,0.000000,0.000000,0.000,0.000,AP
2026-05-20 09:19:06,1900-01-00 00:00:00,Bilagg,7C:C3:85:9B:D5:E0,-67, WPA2  WPA ,0.000000,0.000000,0.000,0.000,AP
2026-05-20 09:19:07,1900-01-00 00:00:00,Bilagg,7C:C3:85:9B:D5:E0,-93, WPA2  WPA ,0.000000,0.000000,0.000,0.000,AP
2026-05-20 09:19:07,1900-01-00 00:00:00,Bilagg,7C:C3:85:9B:D5:E0,-75, WPA2  WPA ,0.000000,0.000000,0.000,0.000,AP
2026-05-20 09:19:07,1900-01-00 00:00:00,Bilagg,7C:C3:85:9B:D5:E0,-73, WPA2  WPA ,0.000000,0.000000,0.000,0.000,AP
2026-05-20 09:19:07,1900-01-00 00:00:00,Bilagg,7C:C3:85:9B:D5:E0,-75, WPA2  WPA ,0.000000,0.000000,0.000,0.000,AP
2026-05-20 09:19:07,1900-01-00 00:00:00,Bilagg,7C:C3:85:9B:D5:E0,-77, WPA2  WPA ,0.000000,0.000000,0.000,0.000,AP
2026-05-20 09:19:07,1900-01-00 00:00:00,Bilagg,7C:C3:85:9B:D5:E0,-77, WPA2  WPA ,0.000000,0.000000,0.000,0.000,AP
2026-05-20 09:19:07,1900-01-00 00:00:00,Bilagg,7C:C3:85:9B:D5:E0,-93, WPA2  WPA ,0.000000,0.000000,0.000,0.000,AP
2026-05-20 09:19:07,1900-01-00 00:00:00,Bilagg,7C:C3:85:9B:D5:E0,-77, WPA2  WPA ,0.000000,0.000000,0.000,0.000,AP
2026-05-20 09:19:07,1900-01-00 00:00:00,Bilagg,7C:C3:85:9B:D5:E0,-73, WPA2  WPA ,0.000000,0.000000,0.000,0.000,AP
2026-05-20 09:19:08,1900-01-00 00:00:00,Bilagg,7C:C3:85:9B:D5:E0,-87, WPA2  WPA ,0.000000,0.000000,0.000,0.000,AP
2026-05-20 09:19:08,1900-01-00 00:00:00,Bilagg,7C:C3:85:9B:D5:E0,-69, WPA2  WPA ,0.000000,0.000000,0.000,0.000,AP
2026-05-20 09:19:08,1900-01-00 00:00:00,Bilagg,7C:C3:85:9B:D5:E0,-77, WPA2  WPA ,0.000000,0.000000,0.000,0.000,AP
2026-05-20 09:19:08,1900-01-00 00:00:00,Bilagg,7C:C3:85:9B:D5:E0,-73, WPA2  WPA ,0.000000,0.000000,0.000,0.000,AP
2026-05-20 09:19:08,1900-01-00 00:00:00,Bilagg,7C:C3:85:9B:D5:E0,-93, WPA2  WPA ,0.000000,0.000000,0.000,0.000,AP
2026-05-20 09:19:08,1900-01-00 00:00:00,Bilagg,7C:C3:85:9B:D5:E0,-77, WPA2  WPA ,0.000000,0.000000,0.000,0.000,AP
2026-05-20 09:19:08,1900-01-00 00:00:00,Bilagg,7C:C3:85:9B:D5:E0,-69, WPA2  WPA ,0.000000,0.000000,0.000,0.000,AP
2026-05-20 09:19:08,1900-01-00 00:00:00,Bilagg,7C:C3:85:9B:D5:E0,-67, WPA2  WPA ,0.000000,0.000000,0.000,0.000,AP
2026-05-20 09:19:08,1900-01-00 00:00:00,Bilagg,7C:C3:85:9B:D5:E0,-73, WPA2  WPA ,0.000000,0.000000,0.000,0.000,AP
2026-05-20 09:19:09,1900-01-00 00:00:00,Bilagg,7C:C3:85:9B:D5:E0,-67, WPA2  WPA ,0.000000,0.000000,0.000,0.000,AP
2026-05-20 09:19:09,1900-01-00 00:00:00,Bilagg,7C:C3:85:9B:D5:E0,-73, WPA2  WPA ,0.000000,0.000000,0.000,0.000,AP
2026-05-20 09:19:09,1900-01-00 00:00:00,Bilagg,7C:C3:85:9B:D5:E0,-65, WPA2  WPA ,0.000000,0.000000,0.000,0.000,AP
2026-05-20 09:19:09,1900-01-00 00:00:00,Bilagg,7C:C3:85:9B:D5:E0,-73, WPA2  WPA ,0.000000,0.000000,0.000,0.000,AP
2026-05-20 09:19:09,1900-01-00 00:00:00,Bilagg,7C:C3:85:9B:D5:E0,-69, WPA2  WPA ,0.000000,0.000000,0.000,0.000,AP
2026-05-20 09:19:09,1900-01-00 00:00:00,Bilagg,7C:C3:85:9B:D5:E0,-93, WPA2  WPA ,0.000000,0.000000,0.000,0.000,AP
2026-05-20 09:19:09,1900-01-00 00:00:00,Bilagg,7C:C3:85:9B:D5:E0,-69, WPA2  WPA ,0.000000,0.000000,0.000,0.000,AP
2026-05-20 09:19:09,1900-01-00 00:00:00,Bilagg,7C:C3:85:9B:D5:E0,-75, WPA2  WPA ,0.000000,0.000000,0.000,0.000,AP
2026-05-20 09:19:10,1900-01-00 00:00:00,Bilagg,7C:C3:85:9B:D5:E0,-75, WPA2  WPA ,0.000000,0.000000,0.000,0.000,AP
2026-05-20 09:19:10,1900-01-00 00:00:00,Bilagg,7C:C3:85:9B:D5:E0,-75, WPA2  WPA ,0.000000,0.000000,0.000,0.000,AP
2026-05-20 09:19:10,1900-01-00 00:00:00,Bilagg,7C:C3:85:9B:D5:E0,-77, WPA2  WPA ,0.000000,0.000000,0.000,0.000,AP
2026-05-20 09:19:10,1900-01-00 00:00:00,Bilagg,7C:C3:85:9B:D5:E0,-77, WPA2  WPA ,0.000000,0.000000,0.000,0.000,AP
2026-05-20 09:19:10,1900-01-00 00:00:00,Bilagg,7C:C3:85:9B:D5:E0,-73, WPA2  WPA ,0.000000,0.000000,0.000,0.000,AP
2026-05-20 09:19:10,1900-01-00 00:00:00,Bilagg,7C:C3:85:9B:D5:E0,-93, WPA2  WPA ,0.000000,0.000000,0.000,0.000,AP
2026-05-20 09:19:10,1900-01-00 00:00:00,Bilagg,7C:C3:85:9B:D5:E0,-77, WPA2  WPA ,0.000000,0.000000,0.000,0.000,AP
2026-05-20 09:19:10,1900-01-00 00:00:00,Bilagg,7C:C3:85:9B:D5:E0,-77, WPA2  WPA ,0.000000,0.000000,0.000,0.000,AP
2026-05-20 09:19:10,1900-01-00 00:00:00,Bilagg,7C:C3:85:9B:D5:E0,-77, WPA2  WPA ,0.000000,0.000000,0.000,0.000,AP
2026-05-20 09:19:10,1900-01-00 00:00:00,Bilagg,7C:C3:85:9B:D5:E0,-77, WPA2  WPA ,0.000000,0.000000,0.000,0.000,AP
2026-05-20 09:19:10,1900-01-00 00:00:00,Bilagg,7C:C3:85:9B:D5:E0,-67, WPA2  WPA ,0.000000,0.000000,0.000,0.000,AP
2026-05-20 09:19:11,1900-01-00 00:00:00,Bilagg,7C:C3:85:9B:D5:E0,-71, WPA2  WPA ,0.000000,0.000000,0.000,0.000,AP
2026-05-20 09:19:11,1900-01-00 00:00:00,Bilagg,7C:C3:85:9B:D5:E0,-65, WPA2  WPA ,0.000000,0.000000,0.000,0.000,AP
2026-05-20 09:19:11,1900-01-00 00:00:00,Bilagg,7C:C3:85:9B:D5:E0,-75, WPA2  WPA ,0.000000,0.000000,0.000,0.000,AP
2026-05-20 09:19:11,1900-01-00 00:00:00,Bilagg,7C:C3:85:9B:D5:E0,-85, WPA2  WPA ,0.000000,0.000000,0.000,0.000,AP
2026-05-20 09:19:11,1900-01-00 00:00:00,Bilagg,7C:C3:85:9B:D5:E0,-71, WPA2  WPA ,0.000000,0.000000,0.000,0.000,AP
2026-05-20 09:19:11,1900-01-00 00:00:00,Bilagg,7C:C3:85:9B:D5:E0,-69, WPA2  WPA ,0.000000,0.000000,0.000,0.000,AP
2026-05-20 09:19:11,1900-01-00 00:00:00,Bilagg,7C:C3:85:9B:D5:E0,-75, WPA2  WPA ,0.000000,0.000000,0.000,0.000,AP
2026-05-20 09:19:11,1900-01-00 00:00:00,Bilagg,7C:C3:85:9B:D5:E0,-93, WPA2  WPA ,0.000000,0.000000,0.000,0.000,AP
2026-05-20 09:19:11,1900-01-00 00:00:00,Bilagg,7C:C3:85:9B:D5:E0,-93, WPA2  WPA ,0.000000,0.000000,0.000,0.000,AP
2026-05-20 09:19:11,1900-01-00 00:00:00,Bilagg,7C:C3:85:9B:D5:E0,-73, WPA2  WPA ,0.000000,0.000000,0.000,0.000,AP
2026-05-20 09:19:11,1900-01-00 00:00:00,Bilagg,7C:C3:85:9B:D5:E0,-93, WPA2  WPA ,0.000000,0.000000,0.000,0.000,AP
2026-05-20 09:19:11,1900-01-00 00:00:00,Bilagg,7C:C3:85:9B:D5:E0,-77, WPA2  WPA ,0.000000,0.000000,0.000,0.000,AP
2026-05-20 09:19:11,1900-01-00 00:00:00,Bilagg,7C:C3:85:9B:D5:E0,-93, WPA2  WPA ,0.000000,0.000000,0.000,0.000,AP
2026-05-20 09:19:11,1900-01-00 00:00:00,Bilagg,7C:C3:85:9B:D5:E0,-67, WPA2  WPA ,0.000000,0.000000,0.000,0.000,AP
2026-05-20 09:19:11,1900-01-00 00:00:00,Bilagg,7C:C3:85:9B:D5:E0,-75, WPA2  WPA ,0.000000,0.000000,0.000,0.000,AP
2026-05-20 09:19:11,1900-01-00 00:00:00,Bilagg,7C:C3:85:9B:D5:E0,-67, WPA2  WPA ,0.000000,0.000000,0.000,0.000,AP
2026-05-20 09:19:11,1900-01-00 00:00:00,Bilagg,7C:C3:85:9B:D5:E0,-93, WPA2  WPA ,0.000000,0.000000,0.000,0.000,AP
2026-05-20 09:19:11,1900-01-00 00:00:00,Bilagg,7C:C3:85:9B:D5:E0,-91, WPA2  WPA ,0.000000,0.000000,0.000,0.000,AP
2026-05-20 09:19:11,1900-01-00 00:00:00,Bilagg,7C:C3:85:9B:D5:E0,-75, WPA2  WPA ,0.000000,0.000000,0.000,0.000,AP
2026-05-20 09:19:11,1900-01-00 00:00:00,Bilagg,7C:C3:85:9B:D5:E0,-93, WPA2  WPA ,0.000000,0.000000,0.000,0.000,AP
2026-05-20 09:19:11,1900-01-00 00:00:00,Bilagg,7C:C3:85:9B:D5:E0,-77, WPA2  WPA ,0.000000,0.000000,0.000,0.000,AP
2026-05-20 09:19:11,1900-01-00 00:00:00,Bilagg,7C:C3:85:9B:D5:E0,-93, WPA2  WPA ,0.000000,0.000000,0.000,0.000,AP
2026-05-20 09:19:11,1900-01-00 00:00:00,Bilagg,7C:C3:85:9B:D5:E0,-91, WPA2  WPA ,0.000000,0.000000,0.000,0.000,AP
2026-05-20 09:19:11,1900-01-00 00:00:00,Bilagg,7C:C3:85:9B:D5:E0,-75, WPA2  WPA ,0.000000,0.000000,0.000,0.000,AP
2026-05-20 09:19:11,1900-01-00 00:00:00,Bilagg,7C:C3:85:9B:D5:E0,-77, WPA2  WPA ,0.000000,0.000000,0.000,0.000,AP
2026-05-20 09:19:12,1900-01-00 00:00:00,Bilagg,7C:C3:85:9B:D5:E0,-75, WPA2  WPA ,0.000000,0.000000,0.000,0.000,AP
2026-05-20 09:19:12,1900-01-00 00:00:00,Bilagg,7C:C3:85:9B:D5:E0,-67, WPA2  WPA ,0.000000,0.000000,0.000,0.000,AP
2026-05-20 09:19:12,1900-01-00 00:00:00,Bilagg,7C:C3:85:9B:D5:E0,-75, WPA2  WPA ,0.000000,0.000000,0.000,0.000,AP
2026-05-20 09:19:12,1900-01-00 00:00:00,Bilagg,7C:C3:85:9B:D5:E0,-77, WPA2  WPA ,0.000000,0.000000,0.000,0.000,AP
2026-05-20 09:19:12,1900-01-00 00:00:00,Bilagg,7C:C3:85:9B:D5:E0,-77, WPA2  WPA ,0.000000,0.000000,0.000,0.000,AP
2026-05-20 09:19:12,1900-01-00 00:00:00,Bilagg,7C:C3:85:9B:D5:E0,-67, WPA2  WPA ,0.000000,0.000000,0.000,0.000,AP
2026-05-20 09:19:12,1900-01-00 00:00:00,Bilagg,7C:C3:85:9B:D5:E0,-77, WPA2  WPA ,0.000000,0.000000,0.000,0.000,AP
2026-05-20 09:19:12,1900-01-00 00:00:00,Bilagg,7C:C3:85:9B:D5:E0,-73, WPA2  WPA ,0.000000,0.000000,0.000,0.000,AP
2026-05-20 09:19:13,1900-01-00 00:00:00,Bilagg,7C:C3:85:9B:D5:E0,-67, WPA2  WPA ,0.000000,0.000000,0.000,0.000,AP
2026-05-20 09:19:13,1900-01-00 00:00:00,Bilagg,7C:C3:85:9B:D5:E0,-67, WPA2  WPA ,0.000000,0.000000,0.000,0.000,AP
2026-05-20 09:19:13,1900-01-00 00:00:00,Bilagg,7C:C3:85:9B:D5:E0,-75, WPA2  WPA ,0.000000,0.000000,0.000,0.000,AP
2026-05-20 09:19:13,1900-01-00 00:00:00,Bilagg,7C:C3:85:9B:D5:E0,-81, WPA2  WPA ,0.000000,0.000000,0.000,0.000,AP
2026-05-20 09:19:13,1900-01-00 00:00:00,Bilagg,7C:C3:85:9B:D5:E0,-75, WPA2  WPA ,0.000000,0.000000,0.000,0.000,AP
2026-05-20 09:19:13,1900-01-00 00:00:00,Bilagg,7C:C3:85:9B:D5:E0,-75, WPA2  WPA ,0.000000,0.000000,0.000,0.000,AP
2026-05-20 09:19:13,1900-01-00 00:00:00,Bilagg,7C:C3:85:9B:D5:E0,-71, WPA2  WPA ,0.000000,0.000000,0.000,0.000,AP
2026-05-20 09:19:13,1900-01-00 00:00:00,Bilagg,7C:C3:85:9B:D5:E0,-75, WPA2  WPA ,0.000000,0.000000,0.000,0.000,AP
2026-05-20 09:19:13,1900-01-00 00:00:00,Bilagg,7C:C3:85:9B:D5:E0,-77, WPA2  WPA ,0.000000,0.000000,0.000,0.000,AP
2026-05-20 09:19:14,1900-01-00 00:00:00,Bilagg,7C:C3:85:9B:D5:E0,-67, WPA2  WPA ,0.000000,0.000000,0.000,0.000,AP
2026-05-20 09:19:14,1900-01-00 00:00:00,Bilagg,7C:C3:85:9B:D5:E0,-75, WPA2  WPA ,0.000000,0.000000,0.000,0.000,AP
2026-05-20 09:19:14,1900-01-00 00:00:00,Bilagg,7C:C3:85:9B:D5:E0,-75, WPA2  WPA ,0.000000,0.000000,0.000,0.000,AP
2026-05-20 09:19:14,1900-01-00 00:00:00,Bilagg,7C:C3:85:9B:D5:E0,-69, WPA2  WPA ,0.000000,0.000000,0.000,0.000,AP
2026-05-20 09:19:14,1900-01-00 00:00:00,Bilagg,7C:C3:85:9B:D5:E0,-75, WPA2  WPA ,0.000000,0.000000,0.000,0.000,AP
2026-05-20 09:19:14,1900-01-00 00:00:00,Bilagg,7C:C3:85:9B:D5:E0,-71, WPA2  WPA ,0.000000,0.000000,0.000,0.000,AP
2026-05-20 09:19:15,1900-01-00 00:00:00,Bilagg,7C:C3:85:9B:D5:E0,-75, WPA2  WPA ,0.000000,0.000000,0.000,0.000,AP
2026-05-20 09:19:15,1900-01-00 00:00:00,Bilagg,7C:C3:85:9B:D5:E0,-77, WPA2  WPA ,0.000000,0.000000,0.000,0.000,AP
2026-05-20 09:19:15,1900-01-00 00:00:00,Bilagg,7C:C3:85:9B:D5:E0,-75, WPA2  WPA ,0.000000,0.000000,0.000,0.000,AP
2026-05-20 09:19:15,1900-01-00 00:00:00,Bilagg,7C:C3:85:9B:D5:E0,-71, WPA2  WPA ,0.000000,0.000000,0.000,0.000,AP
2026-05-20 09:19:15,1900-01-00 00:00:00,Bilagg,7C:C3:85:9B:D5:E0,-77, WPA2  WPA ,0.000000,0.000000,0.000,0.000,AP
2026-05-20 09:19:15,1900-01-00 00:00:00,Bilagg,7C:C3:85:9B:D5:E0,-77, WPA2  WPA ,0.000000,0.000000,0.000,0.000,AP
2026-05-20 09:19:15,1900-01-00 00:00:00,Bilagg,7C:C3:85:9B:D5:E0,-93, WPA2  WPA ,0.000000,0.000000,0.000,0.000,AP
2026-05-20 09:19:15,1900-01-00 00:00:00,Bilagg,7C:C3:85:9B:D5:E0,-71, WPA2  WPA ,0.000000,0.000000,0.000,0.000,AP
2026-05-20 09:19:16,1900-01-00 00:00:00,Bilagg,7C:C3:85:9B:D5:E0,-73, WPA2  WPA ,0.000000,0.000000,0.000,0.000,AP
2026-05-20 09:19:16,1900-01-00 00:00:00,Bilagg,7C:C3:85:9B:D5:E0,-75, WPA2  WPA ,0.000000,0.000000,0.000,0.000,AP
2026-05-20 09:19:16,1900-01-00 00:00:00,Bilagg,7C:C3:85:9B:D5:E0,-67, WPA2  WPA ,0.000000,0.000000,0.000,0.000,AP
2026-05-20 09:19:16,1900-01-00 00:00:00,Bilagg,7C:C3:85:9B:D5:E0,-67, WPA2  WPA ,0.000000,0.000000,0.000,0.000,AP
2026-05-20 09:19:16,1900-01-00 00:00:00,Bilagg,7C:C3:85:9B:D5:E0,-69, WPA2  WPA ,0.000000,0.000000,0.000,0.000,AP
2026-05-20 09:19:17,1900-01-00 00:00:00,Bilagg,7C:C3:85:9B:D5:E0,-77, WPA2  WPA ,0.000000,0.000000,0.000,0.000,AP
2026-05-20 09:19:17,1900-01-00 00:00:00,Bilagg,7C:C3:85:9B:D5:E0,-83, WPA2  WPA ,0.000000,0.000000,0.000,0.000,AP
2026-05-20 09:19:17,1900-01-00 00:00:00,Bilagg,7C:C3:85:9B:D5:E0,-75, WPA2  WPA ,0.000000,0.000000,0.000,0.000,AP
2026-05-20 09:19:17,1900-01-00 00:00:00,Bilagg,7C:C3:85:9B:D5:E0,-77, WPA2  WPA ,0.000000,0.000000,0.000,0.000,AP
2026-05-20 09:19:17,1900-01-00 00:00:00,Bilagg,7C:C3:85:9B:D5:E0,-93, WPA2  WPA ,0.000000,0.000000,0.000,0.000,AP
2026-05-20 09:19:17,1900-01-00 00:00:00,Bilagg,7C:C3:85:9B:D5:E0,-93, WPA2  WPA ,0.000000,0.000000,0.000,0.000,AP
2026-05-20 09:19:17,1900-01-00 00:00:00,Bilagg,7C:C3:85:9B:D5:E0,-75, WPA2  WPA ,0.000000,0.000000,0.000,0.000,AP
2026-05-20 09:19:17,1900-01-00 00:00:00,Bilagg,7C:C3:85:9B:D5:E0,-87, WPA2  WPA ,0.000000,0.000000,0.000,0.000,AP
2026-05-20 09:19:17,1900-01-00 00:00:00,Bilagg,7C:C3:85:9B:D5:E0,-77, WPA2  WPA ,0.000000,0.000000,0.000,0.000,AP
2026-05-20 09:19:17,1900-01-00 00:00:00,Bilagg,7C:C3:85:9B:D5:E0,-73, WPA2  WPA ,0.000000,0.000000,0.000,0.000,AP
2026-05-20 09:19:18,1900-01-00 00:00:00,Bilagg,7C:C3:85:9B:D5:E0,-77, WPA2  WPA ,0.000000,0.000000,0.000,0.000,AP
2026-05-20 09:19:18,1900-01-00 00:00:00,Bilagg,7C:C3:85:9B:D5:E0,-77, WPA2  WPA ,0.000000,0.000000,0.000,0.000,AP
2026-05-20 09:19:18,1900-01-00 00:00:00,Bilagg,7C:C3:85:9B:D5:E0,-77, WPA2  WPA ,0.000000,0.000000,0.000,0.000,AP
2026-05-20 09:19:18,1900-01-00 00:00:00,Bilagg,7C:C3:85:9B:D5:E0,-75, WPA2  WPA ,0.000000,0.000000,0.000,0.000,AP
2026-05-20 09:19:18,1900-01-00 00:00:00,Bilagg,7C:C3:85:9B:D5:E0,-77, WPA2  WPA ,0.000000,0.000000,0.000,0.000,AP
2026-05-20 09:19:18,1900-01-00 00:00:00,Bilagg,7C:C3:85:9B:D5:E0,-71, WPA2  WPA ,0.000000,0.000000,0.000,0.000,AP
2026-05-20 09:19:18,1900-01-00 00:00:00,Bilagg,7C:C3:85:9B:D5:E0,-75, WPA2  WPA ,0.000000,0.000000,0.000,0.000,AP
2026-05-20 09:19:18,1900-01-00 00:00:00,Bilagg,7C:C3:85:9B:D5:E0,-93, WPA2  WPA ,0.000000,0.000000,0.000,0.000,AP
2026-05-20 09:19:19,1900-01-00 00:00:00,Bilagg,7C:C3:85:9B:D5:E0,-67, WPA2  WPA ,0.000000,0.000000,0.000,0.000,AP
2026-05-20 09:19:19,1900-01-00 00:00:00,Bilagg,7C:C3:85:9B:D5:E0,-75, WPA2  WPA ,0.000000,0.000000,0.000,0.000,AP
2026-05-20 09:19:19,1900-01-00 00:00:00,Bilagg,7C:C3:85:9B:D5:E0,-75, WPA2  WPA ,0.000000,0.000000,0.000,0.000,AP
2026-05-20 09:19:19,1900-01-00 00:00:00,Bilagg,7C:C3:85:9B:D5:E0,-71, WPA2  WPA ,0.000000,0.000000,0.000,0.000,AP
2026-05-20 09:19:19,1900-01-00 00:00:00,Bilagg,7C:C3:85:9B:D5:E0,-77, WPA2  WPA ,0.000000,0.000000,0.000,0.000,AP
2026-05-20 09:19:19,1900-01-00 00:00:00,Bilagg,7C:C3:85:9B:D5:E0,-77, WPA2  WPA ,0.000000,0.000000,0.000,0.000,AP
2026-05-20 09:19:19,1900-01-00 00:00:00,Bilagg,7C:C3:85:9B:D5:E0,-73, WPA2  WPA ,0.000000,0.000000,0.000,0.000,AP
2026-05-20 09:19:19,1900-01-00 00:00:00,Bilagg,7C:C3:85:9B:D5:E0,-93, WPA2  WPA ,0.000000,0.000000,0.000,0.000,AP
2026-05-20 09:19:19,1900-01-00 00:00:00,Bilagg,7C:C3:85:9B:D5:E0,-75, WPA2  WPA ,0.000000,0.000000,0.000,0.000,AP
2026-05-20 09:19:19,1900-01-00 00:00:00,Bilagg,7C:C3:85:9B:D5:E0,-93, WPA2  WPA ,0.000000,0.000000,0.000,0.000,AP
2026-05-20 09:19:20,1900-01-00 00:00:00,Bilagg,7C:C3:85:9B:D5:E0,-93, WPA2  WPA ,0.000000,0.000000,0.000,0.000,AP
2026-05-20 09:19:20,1900-01-00 00:00:00,Bilagg,7C:C3:85:9B:D5:E0,-75, WPA2  WPA ,0.000000,0.000000,0.000,0.000,AP
2026-05-20 09:19:20,1900-01-00 00:00:00,Bilagg,7C:C3:85:9B:D5:E0,-77, WPA2  WPA ,0.000000,0.000000,0.000,0.000,AP
2026-05-20 09:19:20,1900-01-00 00:00:00,Bilagg,7C:C3:85:9B:D5:E0,-93, WPA2  WPA ,0.000000,0.000000,0.000,0.000,AP
2026-05-20 09:19:20,1900-01-00 00:00:00,Bilagg,7C:C3:85:9B:D5:E0,-87, WPA2  WPA ,0.000000,0.000000,0.000,0.000,AP
2026-05-20 09:19:20,1900-01-00 00:00:00,Bilagg,7C:C3:85:9B:D5:E0,-75, WPA2  WPA ,0.000000,0.000000,0.000,0.000,AP
2026-05-20 09:19:20,1900-01-00 00:00:00,Bilagg,7C:C3:85:9B:D5:E0,-79, WPA2  WPA ,0.000000,0.000000,0.000,0.000,AP
2026-05-20 09:19:21,1900-01-00 00:00:00,Bilagg,7C:C3:85:9B:D5:E0,-75, WPA2  WPA ,0.000000,0.000000,0.000,0.000,AP
2026-05-20 09:19:21,1900-01-00 00:00:00,Bilagg,7C:C3:85:9B:D5:E0,-73, WPA2  WPA ,0.000000,0.000000,0.000,0.000,AP
2026-05-20 09:19:21,1900-01-00 00:00:00,Bilagg,7C:C3:85:9B:D5:E0,-67, WPA2  WPA ,0.000000,0.000000,0.000,0.000,AP
2026-05-20 09:19:21,1900-01-00 00:00:00,Bilagg,7C:C3:85:9B:D5:E0,-77, WPA2  WPA ,0.000000,0.000000,0.000,0.000,AP
2026-05-20 09:19:21,1900-01-00 00:00:00,Bilagg,7C:C3:85:9B:D5:E0,-73, WPA2  WPA ,0.000000,0.000000,0.000,0.000,AP
2026-05-20 09:19:21,1900-01-00 00:00:00,Bilagg,7C:C3:85:9B:D5:E0,-77, WPA2  WPA ,0.000000,0.000000,0.000,0.000,AP
2026-05-20 09:19:21,1900-01-00 00:00:00,Bilagg,7C:C3:85:9B:D5:E0,-67, WPA2  WPA ,0.000000,0.000000,0.000,0.000,AP
2026-05-20 09:19:21,1900-01-00 00:00:00,Bilagg,7C:C3:85:9B:D5:E0,-93, WPA2  WPA ,0.000000,0.000000,0.000,0.000,AP
2026-05-20 09:19:21,1900-01-00 00:00:00,Bilagg,7C:C3:85:9B:D5:E0,-73, WPA2  WPA ,0.000000,0.000000,0.000,0.000,AP
2026-05-20 09:19:21,1900-01-00 00:00:00,Bilagg,7C:C3:85:9B:D5:E0,-75, WPA2  WPA ,0.000000,0.000000,0.000,0.000,AP
2026-05-20 09:19:22,1900-01-00 00:00:00,Bilagg,7C:C3:85:9B:D5:E0,-75, WPA2  WPA ,0.000000,0.000000,0.000,0.000,AP
2026-05-20 09:19:22,1900-01-00 00:00:00,Bilagg,7C:C3:85:9B:D5:E0,-93, WPA2  WPA ,0.000000,0.000000,0.000,0.000,AP
2026-05-20 09:19:22,1900-01-00 00:00:00,Bilagg,7C:C3:85:9B:D5:E0,-93, WPA2  WPA ,0.000000,0.000000,0.000,0.000,AP
2026-05-20 09:19:22,1900-01-00 00:00:00,Bilagg,7C:C3:85:9B:D5:E0,-71, WPA2  WPA ,0.000000,0.000000,0.000,0.000,AP
2026-05-20 09:19:22,1900-01-00 00:00:00,Bilagg,7C:C3:85:9B:D5:E0,-93, WPA2  WPA ,0.000000,0.000000,0.000,0.000,AP
2026-05-20 09:19:22,1900-01-00 00:00:00,Bilagg,7C:C3:85:9B:D5:E0,-75, WPA2  WPA ,0.000000,0.000000,0.000,0.000,AP
2026-05-20 09:19:22,1900-01-00 00:00:00,Bilagg,7C:C3:85:9B:D5:E0,-75, WPA2  WPA ,0.000000,0.000000,0.000,0.000,AP
2026-05-20 09:19:22,1900-01-00 00:00:00,Bilagg,7C:C3:85:9B:D5:E0,-75, WPA2  WPA ,0.000000,0.000000,0.000,0.000,AP
2026-05-20 09:19:23,1900-01-00 00:00:00,Bilagg,7C:C3:85:9B:D5:E0,-93, WPA2  WPA ,0.000000,0.000000,0.000,0.000,AP
2026-05-20 09:19:23,1900-01-00 00:00:00,Bilagg,7C:C3:85:9B:D5:E0,-67, WPA2  WPA ,0.000000,0.000000,0.000,0.000,AP
2026-05-20 09:19:23,1900-01-00 00:00:00,Bilagg,7C:C3:85:9B:D5:E0,-75, WPA2  WPA ,0.000000,0.000000,0.000,0.000,AP
2026-05-20 09:19:23,1900-01-00 00:00:00,Bilagg,7C:C3:85:9B:D5:E0,-81, WPA2  WPA ,0.000000,0.000000,0.000,0.000,AP
2026-05-20 09:19:23,1900-01-00 00:00:00,Bilagg,7C:C3:85:9B:D5:E0,-77, WPA2  WPA ,0.000000,0.000000,0.000,0.000,AP
2026-05-20 09:19:23,1900-01-00 00:00:00,Bilagg,7C:C3:85:9B:D5:E0,-93, WPA2  WPA ,0.000000,0.000000,0.000,0.000,AP
2026-05-20 09:19:23,1900-01-00 00:00:00,Bilagg,7C:C3:85:9B:D5:E0,-93, WPA2  WPA ,0.000000,0.000000,0.000,0.000,AP
2026-05-20 09:19:23,1900-01-00 00:00:00,Bilagg,7C:C3:85:9B:D5:E0,-67, WPA2  WPA ,0.000000,0.000000,0.000,0.000,AP
2026-05-20 09:19:23,1900-01-00 00:00:00,Bilagg,7C:C3:85:9B:D5:E0,-93, WPA2  WPA ,0.000000,0.000000,0.000,0.000,AP
2026-05-20 09:19:23,1900-01-00 00:00:00,Bilagg,7C:C3:85:9B:D5:E0,-69, WPA2  WPA ,0.000000,0.000000,0.000,0.000,AP
2026-05-20 09:19:23,1900-01-00 00:00:00,Bilagg,7C:C3:85:9B:D5:E0,-71, WPA2  WPA ,0.000000,0.000000,0.000,0.000,AP
2026-05-20 09:19:23,1900-01-00 00:00:00,Bilagg,7C:C3:85:9B:D5:E0,-75, WPA2  WPA ,0.000000,0.000000,0.000,0.000,AP
2026-05-20 09:19:24,1900-01-00 00:00:00,Bilagg,7C:C3:85:9B:D5:E0,-77, WPA2  WPA ,0.000000,0.000000,0.000,0.000,AP
2026-05-20 09:19:24,1900-01-00 00:00:00,Bilagg,7C:C3:85:9B:D5:E0,-69, WPA2  WPA ,0.000000,0.000000,0.000,0.000,AP
2026-05-20 09:19:24,1900-01-00 00:00:00,Bilagg,7C:C3:85:9B:D5:E0,-73, WPA2  WPA ,0.000000,0.000000,0.000,0.000,AP
2026-05-20 09:19:24,1900-01-00 00:00:00,Bilagg,7C:C3:85:9B:D5:E0,-67, WPA2  WPA ,0.000000,0.000000,0.000,0.000,AP
2026-05-20 09:19:24,1900-01-00 00:00:00,Bilagg,7C:C3:85:9B:D5:E0,-75, WPA2  WPA ,0.000000,0.000000,0.000,0.000,AP
2026-05-20 09:19:24,1900-01-00 00:00:00,Bilagg,7C:C3:85:9B:D5:E0,-75, WPA2  WPA ,0.000000,0.000000,0.000,0.000,AP
2026-05-20 09:19:24,1900-01-00 00:00:00,Bilagg,7C:C3:85:9B:D5:E0,-75, WPA2  WPA ,0.000000,0.000000,0.000,0.000,AP
2026-05-20 09:19:24,1900-01-00 00:00:00,Bilagg,7C:C3:85:9B:D5:E0,-75, WPA2  WPA ,0.000000,0.000000,0.000,0.000,AP
2026-05-20 09:19:24,1900-01-00 00:00:00,Bilagg,7C:C3:85:9B:D5:E0,-93, WPA2  WPA ,0.000000,0.000000,0.000,0.000,AP
2026-05-20 09:19:25,1900-01-00 00:00:00,Bilagg,7C:C3:85:9B:D5:E0,-75, WPA2  WPA ,0.000000,0.000000,0.000,0.000,AP
2026-05-20 09:19:25,1900-01-00 00:00:00,Bilagg,7C:C3:85:9B:D5:E0,-75, WPA2  WPA ,0.000000,0.000000,0.000,0.000,AP
2026-05-20 09:19:25,1900-01-00 00:00:00,Bilagg,7C:C3:85:9B:D5:E0,-69, WPA2  WPA ,0.000000,0.000000,0.000,0.000,AP
2026-05-20 09:19:25,1900-01-00 00:00:00,Bilagg,7C:C3:85:9B:D5:E0,-67, WPA2  WPA ,0.000000,0.000000,0.000,0.000,AP
2026-05-20 09:19:25,1900-01-00 00:00:00,Bilagg,7C:C3:85:9B:D5:E0,-77, WPA2  WPA ,0.000000,0.000000,0.000,0.000,AP
2026-05-20 09:19:25,1900-01-00 00:00:00,Bilagg,7C:C3:85:9B:D5:E0,-93, WPA2  WPA ,0.000000,0.000000,0.000,0.000,AP
2026-05-20 09:19:25,1900-01-00 00:00:00,Bilagg,7C:C3:85:9B:D5:E0,-77, WPA2  WPA ,0.000000,0.000000,0.000,0.000,AP
2026-05-20 09:19:25,1900-01-00 00:00:00,Bilagg,7C:C3:85:9B:D5:E0,-93, WPA2  WPA ,0.000000,0.000000,0.000,0.000,AP
2026-05-20 09:19:25,1900-01-00 00:00:00,Bilagg,7C:C3:85:9B:D5:E0,-93, WPA2  WPA ,0.000000,0.000000,0.000,0.000,AP
2026-05-20 09:19:25,1900-01-00 00:00:00,Bilagg,7C:C3:85:9B:D5:E0,-77, WPA2  WPA ,0.000000,0.000000,0.000,0.000,AP
2026-05-20 09:19:25,1900-01-00 00:00:00,Bilagg,7C:C3:85:9B:D5:E0,-75, WPA2  WPA ,0.000000,0.000000,0.000,0.000,AP
2026-05-20 09:19:26,1900-01-00 00:00:00,Bilagg,7C:C3:85:9B:D5:E0,-79, WPA2  WPA ,0.000000,0.000000,0.000,0.000,AP
2026-05-20 09:19:26,1900-01-00 00:00:00,Bilagg,7C:C3:85:9B:D5:E0,-93, WPA2  WPA ,0.000000,0.000000,0.000,0.000,AP
2026-05-20 09:19:26,1900-01-00 00:00:00,Bilagg,7C:C3:85:9B:D5:E0,-77, WPA2  WPA ,0.000000,0.000000,0.000,0.000,AP
2026-05-20 09:19:26,1900-01-00 00:00:00,Bilagg,7C:C3:85:9B:D5:E0,-67, WPA2  WPA ,0.000000,0.000000,0.000,0.000,AP
2026-05-20 09:19:26,1900-01-00 00:00:00,Bilagg,7C:C3:85:9B:D5:E0,-93, WPA2  WPA ,0.000000,0.000000,0.000,0.000,AP
2026-05-20 09:19:27,1900-01-00 00:00:00,Bilagg,7C:C3:85:9B:D5:E0,-93, WPA2  WPA ,0.000000,0.000000,0.000,0.000,AP
2026-05-20 09:19:27,1900-01-00 00:00:00,Bilagg,7C:C3:85:9B:D5:E0,-75, WPA2  WPA ,0.000000,0.000000,0.000,0.000,AP
2026-05-20 09:19:27,1900-01-00 00:00:00,Bilagg,7C:C3:85:9B:D5:E0,-79, WPA2  WPA ,0.000000,0.000000,0.000,0.000,AP
2026-05-20 09:19:27,1900-01-00 00:00:00,Bilagg,7C:C3:85:9B:D5:E0,-75, WPA2  WPA ,0.000000,0.000000,0.000,0.000,AP
2026-05-20 09:19:27,1900-01-00 00:00:00,Bilagg,7C:C3:85:9B:D5:E0,-77, WPA2  WPA ,0.000000,0.000000,0.000,0.000,AP
2026-05-20 09:19:27,1900-01-00 00:00:00,Bilagg,7C:C3:85:9B:D5:E0,-75, WPA2  WPA ,0.000000,0.000000,0.000,0.000,AP
2026-05-20 09:19:28,1900-01-00 00:00:00,Bilagg,7C:C3:85:9B:D5:E0,-77, WPA2  WPA ,0.000000,0.000000,0.000,0.000,AP
2026-05-20 09:19:28,1900-01-00 00:00:00,Bilagg,7C:C3:85:9B:D5:E0,-77, WPA2  WPA ,0.000000,0.000000,0.000,0.000,AP
2026-05-20 09:19:28,1900-01-00 00:00:00,Bilagg,7C:C3:85:9B:D5:E0,-93, WPA2  WPA ,0.000000,0.000000,0.000,0.000,AP
2026-05-20 09:19:28,1900-01-00 00:00:00,Bilagg,7C:C3:85:9B:D5:E0,-75, WPA2  WPA ,0.000000,0.000000,0.000,0.000,AP
2026-05-20 09:19:28,1900-01-00 00:00:00,Bilagg,7C:C3:85:9B:D5:E0,-69, WPA2  WPA ,0.000000,0.000000,0.000,0.000,AP
2026-05-20 09:19:28,1900-01-00 00:00:00,Bilagg,7C:C3:85:9B:D5:E0,-79, WPA2  WPA ,0.000000,0.000000,0.000,0.000,AP
2026-05-20 09:19:28,1900-01-00 00:00:00,Bilagg,7C:C3:85:9B:D5:E0,-89, WPA2  WPA ,0.000000,0.000000,0.000,0.000,AP
2026-05-20 09:19:29,1900-01-00 00:00:00,Bilagg,7C:C3:85:9B:D5:E0,-77, WPA2  WPA ,0.000000,0.000000,0.000,0.000,AP
2026-05-20 09:19:29,1900-01-00 00:00:00,Bilagg,7C:C3:85:9B:D5:E0,-77, WPA2  WPA ,0.000000,0.000000,0.000,0.000,AP
2026-05-20 09:19:29,1900-01-00 00:00:00,Bilagg,7C:C3:85:9B:D5:E0,-93, WPA2  WPA ,0.000000,0.000000,0.000,0.000,AP
2026-05-20 09:19:29,1900-01-00 00:00:00,Bilagg,7C:C3:85:9B:D5:E0,-67, WPA2  WPA ,0.000000,0.000000,0.000,0.000,AP
2026-05-20 09:19:29,1900-01-00 00:00:00,Bilagg,7C:C3:85:9B:D5:E0,-77, WPA2  WPA ,0.000000,0.000000,0.000,0.000,AP
2026-05-20 09:19:29,1900-01-00 00:00:00,Bilagg,7C:C3:85:9B:D5:E0,-77, WPA2  WPA ,0.000000,0.000000,0.000,0.000,AP
2026-05-20 09:19:29,1900-01-00 00:00:00,Bilagg,7C:C3:85:9B:D5:E0,-77, WPA2  WPA ,0.000000,0.000000,0.000,0.000,AP
2026-05-20 09:19:29,1900-01-00 00:00:00,Bilagg,7C:C3:85:9B:D5:E0,-85, WPA2  WPA ,0.000000,0.000000,0.000,0.000,AP
2026-05-20 09:19:30,1900-01-00 00:00:00,Bilagg,7C:C3:85:9B:D5:E0,-75, WPA2  WPA ,0.000000,0.000000,0.000,0.000,AP
2026-05-20 09:19:30,1900-01-00 00:00:00,Bilagg,7C:C3:85:9B:D5:E0,-77, WPA2  WPA ,0.000000,0.000000,0.000,0.000,AP
2026-05-20 09:19:30,1900-01-00 00:00:00,Bilagg,7C:C3:85:9B:D5:E0,-71, WPA2  WPA ,0.000000,0.000000,0.000,0.000,AP
2026-05-20 09:19:30,1900-01-00 00:00:00,Bilagg,7C:C3:85:9B:D5:E0,-67, WPA2  WPA ,0.000000,0.000000,0.000,0.000,AP
2026-05-20 09:19:30,1900-01-00 00:00:00,Bilagg,7C:C3:85:9B:D5:E0,-77, WPA2  WPA ,0.000000,0.000000,0.000,0.000,AP
2026-05-20 09:19:30,1900-01-00 00:00:00,Bilagg,7C:C3:85:9B:D5:E0,-85, WPA2  WPA ,0.000000,0.000000,0.000,0.000,AP
2026-05-20 09:19:30,1900-01-00 00:00:00,Bilagg,7C:C3:85:9B:D5:E0,-75, WPA2  WPA ,0.000000,0.000000,0.000,0.000,AP
2026-05-20 09:19:30,1900-01-00 00:00:00,Bilagg,7C:C3:85:9B:D5:E0,-77, WPA2  WPA ,0.000000,0.000000,0.000,0.000,AP
2026-05-20 09:19:31,1900-01-00 00:00:00,Bilagg,7C:C3:85:9B:D5:E0,-77, WPA2  WPA ,0.000000,0.000000,0.000,0.000,AP
2026-05-20 09:19:31,1900-01-00 00:00:00,Bilagg,7C:C3:85:9B:D5:E0,-77, WPA2  WPA ,0.000000,0.000000,0.000,0.000,AP
2026-05-20 09:19:31,1900-01-00 00:00:00,Bilagg,7C:C3:85:9B:D5:E0,-77, WPA2  WPA ,0.000000,0.000000,0.000,0.000,AP
2026-05-20 09:19:31,1900-01-00 00:00:00,Bilagg,7C:C3:85:9B:D5:E0,-67, WPA2  WPA ,0.000000,0.000000,0.000,0.000,AP
2026-05-20 09:19:31,1900-01-00 00:00:00,Bilagg,7C:C3:85:9B:D5:E0,-73, WPA2  WPA ,0.000000,0.000000,0.000,0.000,AP
2026-05-20 09:19:31,1900-01-00 00:00:00,Bilagg,7C:C3:85:9B:D5:E0,-77, WPA2  WPA ,0.000000,0.000000,0.000,0.000,AP
2026-05-20 09:19:31,1900-01-00 00:00:00,Bilagg,7C:C3:85:9B:D5:E0,-75, WPA2  WPA ,0.000000,0.000000,0.000,0.000,AP
2026-05-20 09:19:32,1900-01-00 00:00:00,Bilagg,7C:C3:85:9B:D5:E0,-77, WPA2  WPA ,0.000000,0.000000,0.000,0.000,AP
2026-05-20 09:19:32,1900-01-00 00:00:00,Bilagg,7C:C3:85:9B:D5:E0,-77, WPA2  WPA ,0.000000,0.000000,0.000,0.000,AP
2026-05-20 09:19:32,1900-01-00 00:00:00,Bilagg,7C:C3:85:9B:D5:E0,-67, WPA2  WPA ,0.000000,0.000000,0.000,0.000,AP
2026-05-20 09:19:32,1900-01-00 00:00:00,Bilagg,7C:C3:85:9B:D5:E0,-79, WPA2  WPA ,0.000000,0.000000,0.000,0.000,AP
2026-05-20 09:19:32,1900-01-00 00:00:00,Bilagg,7C:C3:85:9B:D5:E0,-67, WPA2  WPA ,0.000000,0.000000,0.000,0.000,AP
2026-05-20 09:19:32,1900-01-00 00:00:00,Bilagg,7C:C3:85:9B:D5:E0,-77, WPA2  WPA ,0.000000,0.000000,0.000,0.000,AP
2026-05-20 09:19:33,1900-01-00 00:00:00,Bilagg,7C:C3:85:9B:D5:E0,-79, WPA2  WPA ,0.000000,0.000000,0.000,0.000,AP
2026-05-20 09:19:33,1900-01-00 00:00:00,Bilagg,7C:C3:85:9B:D5:E0,-73, WPA2  WPA ,0.000000,0.000000,0.000,0.000,AP
2026-05-20 09:19:33,1900-01-00 00:00:00,Bilagg,7C:C3:85:9B:D5:E0,-77, WPA2  WPA ,0.000000,0.000000,0.000,0.000,AP
2026-05-20 09:19:33,1900-01-00 00:00:00,Bilagg,7C:C3:85:9B:D5:E0,-75, WPA2  WPA ,0.000000,0.000000,0.000,0.000,AP
2026-05-20 09:19:33,1900-01-00 00:00:00,Bilagg,7C:C3:85:9B:D5:E0,-73, WPA2  WPA ,0.000000,0.000000,0.000,0.000,AP
2026-05-20 09:19:33,1900-01-00 00:00:00,Bilagg,7C:C3:85:9B:D5:E0,-79, WPA2  WPA ,0.000000,0.000000,0.000,0.000,AP
2026-05-20 09:19:34,1900-01-00 00:00:00,Bilagg,7C:C3:85:9B:D5:E0,-77, WPA2  WPA ,0.000000,0.000000,0.000,0.000,AP
2026-05-20 09:19:34,1900-01-00 00:00:00,Bilagg,7C:C3:85:9B:D5:E0,-93, WPA2  WPA ,0.000000,0.000000,0.000,0.000,AP
2026-05-20 09:19:34,1900-01-00 00:00:00,Bilagg,7C:C3:85:9B:D5:E0,-69, WPA2  WPA ,0.000000,0.000000,0.000,0.000,AP
2026-05-20 09:19:34,1900-01-00 00:00:00,Bilagg,7C:C3:85:9B:D5:E0,-67, WPA2  WPA ,0.000000,0.000000,0.000,0.000,AP
2026-05-20 09:19:34,1900-01-00 00:00:00,Bilagg,7C:C3:85:9B:D5:E0,-77, WPA2  WPA ,0.000000,0.000000,0.000,0.000,AP
2026-05-20 09:19:34,1900-01-00 00:00:00,Bilagg,7C:C3:85:9B:D5:E0,-79, WPA2  WPA ,0.000000,0.000000,0.000,0.000,AP
2026-05-20 09:19:34,1900-01-00 00:00:00,Bilagg,7C:C3:85:9B:D5:E0,-77, WPA2  WPA ,0.000000,0.000000,0.000,0.000,AP
2026-05-20 09:19:34,1900-01-00 00:00:00,Bilagg,7C:C3:85:9B:D5:E0,-75, WPA2  WPA ,0.000000,0.000000,0.000,0.000,AP
2026-05-20 09:19:35,1900-01-00 00:00:00,Bilagg,7C:C3:85:9B:D5:E0,-77, WPA2  WPA ,0.000000,0.000000,0.000,0.000,AP
2026-05-20 09:19:35,1900-01-00 00:00:00,Bilagg,7C:C3:85:9B:D5:E0,-75, WPA2  WPA ,0.000000,0.000000,0.000,0.000,AP
2026-05-20 09:19:35,1900-01-00 00:00:00,Bilagg,7C:C3:85:9B:D5:E0,-77, WPA2  WPA ,0.000000,0.000000,0.000,0.000,AP
2026-05-20 09:19:35,1900-01-00 00:00:00,Bilagg,7C:C3:85:9B:D5:E0,-71, WPA2  WPA ,0.000000,0.000000,0.000,0.000,AP
2026-05-20 09:19:35,1900-01-00 00:00:00,Bilagg,7C:C3:85:9B:D5:E0,-79, WPA2  WPA ,0.000000,0.000000,0.000,0.000,AP
2026-05-20 09:19:36,1900-01-00 00:00:00,Bilagg,7C:C3:85:9B:D5:E0,-93, WPA2  WPA ,0.000000,0.000000,0.000,0.000,AP
2026-05-20 09:19:36,1900-01-00 00:00:00,Bilagg,7C:C3:85:9B:D5:E0,-93, WPA2  WPA ,0.000000,0.000000,0.000,0.000,AP
2026-05-20 09:19:36,1900-01-00 00:00:00,Bilagg,7C:C3:85:9B:D5:E0,-77, WPA2  WPA ,0.000000,0.000000,0.000,0.000,AP
2026-05-20 09:19:36,1900-01-00 00:00:00,Bilagg,7C:C3:85:9B:D5:E0,-73, WPA2  WPA ,0.000000,0.000000,0.000,0.000,AP
2026-05-20 09:19:36,1900-01-00 00:00:00,Bilagg,7C:C3:85:9B:D5:E0,-75, WPA2  WPA ,0.000000,0.000000,0.000,0.000,AP
2026-05-20 09:19:36,1900-01-00 00:00:00,Bilagg,7C:C3:85:9B:D5:E0,-77, WPA2  WPA ,0.000000,0.000000,0.000,0.000,AP
2026-05-20 09:19:36,1900-01-00 00:00:00,Bilagg,7C:C3:85:9B:D5:E0,-71, WPA2  WPA ,0.000000,0.000000,0.000,0.000,AP
2026-05-20 09:19:37,1900-01-00 00:00:00,Bilagg,7C:C3:85:9B:D5:E0,-75, WPA2  WPA ,0.000000,0.000000,0.000,0.000,AP
2026-05-20 09:19:37,1900-01-00 00:00:00,Bilagg,7C:C3:85:9B:D5:E0,-91, WPA2  WPA ,0.000000,0.000000,0.000,0.000,AP
2026-05-20 09:19:37,1900-01-00 00:00:00,Bilagg,7C:C3:85:9B:D5:E0,-75, WPA2  WPA ,0.000000,0.000000,0.000,0.000,AP
2026-05-20 09:19:37,1900-01-00 00:00:00,Bilagg,7C:C3:85:9B:D5:E0,-79, WPA2  WPA ,0.000000,0.000000,0.000,0.000,AP
2026-05-20 09:19:37,1900-01-00 00:00:00,Bilagg,7C:C3:85:9B:D5:E0,-71, WPA2  WPA ,0.000000,0.000000,0.000,0.000,AP
2026-05-20 09:19:37,1900-01-00 00:00:00,Bilagg,7C:C3:85:9B:D5:E0,-73, WPA2  WPA ,0.000000,0.000000,0.000,0.000,AP
2026-05-20 09:19:38,1900-01-00 00:00:00,Bilagg,7C:C3:85:9B:D5:E0,-93, WPA2  WPA ,0.000000,0.000000,0.000,0.000,AP
2026-05-20 09:19:38,1900-01-00 00:00:00,Bilagg,7C:C3:85:9B:D5:E0,-67, WPA2  WPA ,0.000000,0.000000,0.000,0.000,AP
2026-05-20 09:19:38,1900-01-00 00:00:00,Bilagg,7C:C3:85:9B:D5:E0,-87, WPA2  WPA ,0.000000,0.000000,0.000,0.000,AP
2026-05-20 09:19:38,1900-01-00 00:00:00,Bilagg,7C:C3:85:9B:D5:E0,-75, WPA2  WPA ,0.000000,0.000000,0.000,0.000,AP
2026-05-20 09:19:38,1900-01-00 00:00:00,Bilagg,7C:C3:85:9B:D5:E0,-71, WPA2  WPA ,0.000000,0.000000,0.000,0.000,AP
2026-05-20 09:19:38,1900-01-00 00:00:00,Bilagg,7C:C3:85:9B:D5:E0,-69, WPA2  WPA ,0.000000,0.000000,0.000,0.000,AP
2026-05-20 09:19:38,1900-01-00 00:00:00,Bilagg,7C:C3:85:9B:D5:E0,-77, WPA2  WPA ,0.000000,0.000000,0.000,0.000,AP
2026-05-20 09:19:38,1900-01-00 00:00:00,Bilagg,7C:C3:85:9B:D5:E0,-75, WPA2  WPA ,0.000000,0.000000,0.000,0.000,AP
2026-05-20 09:19:38,1900-01-00 00:00:00,Bilagg,7C:C3:85:9B:D5:E0,-73, WPA2  WPA ,0.000000,0.000000,0.000,0.000,AP
2026-05-20 09:19:38,1900-01-00 00:00:00,Bilagg,7C:C3:85:9B:D5:E0,-75, WPA2  WPA ,0.000000,0.000000,0.000,0.000,AP
2026-05-20 09:19:38,1900-01-00 00:00:00,Bilagg,7C:C3:85:9B:D5:E0,-73, WPA2  WPA ,0.000000,0.000000,0.000,0.000,AP
2026-05-20 09:19:38,1900-01-00 00:00:00,Bilagg,7C:C3:85:9B:D5:E0,-75, WPA2  WPA ,0.000000,0.000000,0.000,0.000,AP
2026-05-20 09:19:39,1900-01-00 00:00:00,Bilagg,7C:C3:85:9B:D5:E0,-73, WPA2  WPA ,0.000000,0.000000,0.000,0.000,AP
2026-05-20 09:19:39,1900-01-00 00:00:00,Bilagg,7C:C3:85:9B:D5:E0,-75, WPA2  WPA ,0.000000,0.000000,0.000,0.000,AP
2026-05-20 09:19:39,1900-01-00 00:00:00,Bilagg,7C:C3:85:9B:D5:E0,-91, WPA2  WPA ,0.000000,0.000000,0.000,0.000,AP
2026-05-20 09:19:39,1900-01-00 00:00:00,Bilagg,7C:C3:85:9B:D5:E0,-75, WPA2  WPA ,0.000000,0.000000,0.000,0.000,AP
2026-05-20 09:19:39,1900-01-00 00:00:00,Bilagg,7C:C3:85:9B:D5:E0,-77, WPA2  WPA ,0.000000,0.000000,0.000,0.000,AP
2026-05-20 09:19:40,1900-01-00 00:00:00,Bilagg,7C:C3:85:9B:D5:E0,-75, WPA2  WPA ,0.000000,0.000000,0.000,0.000,AP
2026-05-20 09:19:40,1900-01-00 00:00:00,Bilagg,7C:C3:85:9B:D5:E0,-93, WPA2  WPA ,0.000000,0.000000,0.000,0.000,AP
2026-05-20 09:19:40,1900-01-00 00:00:00,Bilagg,7C:C3:85:9B:D5:E0,-93, WPA2  WPA ,0.000000,0.000000,0.000,0.000,AP
2026-05-20 09:19:40,1900-01-00 00:00:00,Bilagg,7C:C3:85:9B:D5:E0,-75, WPA2  WPA ,0.000000,0.000000,0.000,0.000,AP
2026-05-20 09:19:40,1900-01-00 00:00:00,Bilagg,7C:C3:85:9B:D5:E0,-71, WPA2  WPA ,0.000000,0.000000,0.000,0.000,AP
2026-05-20 09:19:41,1900-01-00 00:00:00,Bilagg,7C:C3:85:9B:D5:E0,-75, WPA2  WPA ,0.000000,0.000000,0.000,0.000,AP
2026-05-20 09:19:41,1900-01-00 00:00:00,Bilagg,7C:C3:85:9B:D5:E0,-69, WPA2  WPA ,0.000000,0.000000,0.000,0.000,AP
2026-05-20 09:19:41,1900-01-00 00:00:00,Bilagg,7C:C3:85:9B:D5:E0,-67, WPA2  WPA ,0.000000,0.000000,0.000,0.000,AP
2026-05-20 09:19:41,1900-01-00 00:00:00,Bilagg,7C:C3:85:9B:D5:E0,-69, WPA2  WPA ,0.000000,0.000000,0.000,0.000,AP
2026-05-20 09:19:41,1900-01-00 00:00:00,Bilagg,7C:C3:85:9B:D5:E0,-69, WPA2  WPA ,0.000000,0.000000,0.000,0.000,AP
2026-05-20 09:19:41,1900-01-00 00:00:00,Bilagg,7C:C3:85:9B:D5:E0,-67, WPA2  WPA ,0.000000,0.000000,0.000,0.000,AP
2026-05-20 09:19:41,1900-01-00 00:00:00,Bilagg,7C:C3:85:9B:D5:E0,-91, WPA2  WPA ,0.000000,0.000000,0.000,0.000,AP
2026-05-20 09:19:42,1900-01-00 00:00:00,Bilagg,7C:C3:85:9B:D5:E0,-79, WPA2  WPA ,0.000000,0.000000,0.000,0.000,AP
2026-05-20 09:19:42,1900-01-00 00:00:00,Bilagg,7C:C3:85:9B:D5:E0,-67, WPA2  WPA ,0.000000,0.000000,0.000,0.000,AP
2026-05-20 09:19:42,1900-01-00 00:00:00,Bilagg,7C:C3:85:9B:D5:E0,-77, WPA2  WPA ,0.000000,0.000000,0.000,0.000,AP
2026-05-20 09:19:42,1900-01-00 00:00:00,Bilagg,7C:C3:85:9B:D5:E0,-75, WPA2  WPA ,0.000000,0.000000,0.000,0.000,AP
2026-05-20 09:19:42,1900-01-00 00:00:00,Bilagg,7C:C3:85:9B:D5:E0,-89, WPA2  WPA ,0.000000,0.000000,0.000,0.000,AP
2026-05-20 09:19:42,1900-01-00 00:00:00,Bilagg,7C:C3:85:9B:D5:E0,-73, WPA2  WPA ,0.000000,0.000000,0.000,0.000,AP
2026-05-20 09:19:42,1900-01-00 00:00:00,Bilagg,7C:C3:85:9B:D5:E0,-75, WPA2  WPA ,0.000000,0.000000,0.000,0.000,AP
2026-05-20 09:19:42,1900-01-00 00:00:00,Bilagg,7C:C3:85:9B:D5:E0,-75, WPA2  WPA ,0.000000,0.000000,0.000,0.000,AP
2026-05-20 09:19:43,1900-01-00 00:00:00,Bilagg,7C:C3:85:9B:D5:E0,-67, WPA2  WPA ,0.000000,0.000000,0.000,0.000,AP
2026-05-20 09:19:43,1900-01-00 00:00:00,Bilagg,7C:C3:85:9B:D5:E0,-93, WPA2  WPA ,0.000000,0.000000,0.000,0.000,AP
2026-05-20 09:19:43,1900-01-00 00:00:00,Bilagg,7C:C3:85:9B:D5:E0,-79, WPA2  WPA ,0.000000,0.000000,0.000,0.000,AP
2026-05-20 09:19:43,1900-01-00 00:00:00,Bilagg,7C:C3:85:9B:D5:E0,-91, WPA2  WPA ,0.000000,0.000000,0.000,0.000,AP
2026-05-20 09:19:43,1900-01-00 00:00:00,Bilagg,7C:C3:85:9B:D5:E0,-79, WPA2  WPA ,0.000000,0.000000,0.000,0.000,AP
2026-05-20 09:19:43,1900-01-00 00:00:00,Bilagg,7C:C3:85:9B:D5:E0,-77, WPA2  WPA ,0.000000,0.000000,0.000,0.000,AP
2026-05-20 09:19:43,1900-01-00 00:00:00,Bilagg,7C:C3:85:9B:D5:E0,-75, WPA2  WPA ,0.000000,0.000000,0.000,0.000,AP
2026-05-20 09:19:44,1900-01-00 00:00:00,Bilagg,7C:C3:85:9B:D5:E0,-77, WPA2  WPA ,0.000000,0.000000,0.000,0.000,AP
2026-05-20 09:19:44,1900-01-00 00:00:00,Bilagg,7C:C3:85:9B:D5:E0,-93, WPA2  WPA ,0.000000,0.000000,0.000,0.000,AP
2026-05-20 09:19:44,1900-01-00 00:00:00,Bilagg,7C:C3:85:9B:D5:E0,-77, WPA2  WPA ,0.000000,0.000000,0.000,0.000,AP
2026-05-20 09:19:44,1900-01-00 00:00:00,Bilagg,7C:C3:85:9B:D5:E0,-91, WPA2  WPA ,0.000000,0.000000,0.000,0.000,AP
2026-05-20 09:19:44,1900-01-00 00:00:00,Bilagg,7C:C3:85:9B:D5:E0,-77, WPA2  WPA ,0.000000,0.000000,0.000,0.000,AP
2026-05-20 09:19:44,1900-01-00 00:00:00,Bilagg,7C:C3:85:9B:D5:E0,-81, WPA2  WPA ,0.000000,0.000000,0.000,0.000,AP
2026-05-20 09:19:44,1900-01-00 00:00:00,Bilagg,7C:C3:85:9B:D5:E0,-93, WPA2  WPA ,0.000000,0.000000,0.000,0.000,AP
2026-05-20 09:19:45,1900-01-00 00:00:00,Bilagg,7C:C3:85:9B:D5:E0,-83, WPA2  WPA ,0.000000,0.000000,0.000,0.000,AP
2026-05-20 09:19:45,1900-01-00 00:00:00,Bilagg,7C:C3:85:9B:D5:E0,-77, WPA2  WPA ,0.000000,0.000000,0.000,0.000,AP
2026-05-20 09:19:45,1900-01-00 00:00:00,Bilagg,7C:C3:85:9B:D5:E0,-93, WPA2  WPA ,0.000000,0.000000,0.000,0.000,AP
2026-05-20 09:19:45,1900-01-00 00:00:00,Bilagg,7C:C3:85:9B:D5:E0,-93, WPA2  WPA ,0.000000,0.000000,0.000,0.000,AP
2026-05-20 09:19:45,1900-01-00 00:00:00,Bilagg,7C:C3:85:9B:D5:E0,-81, WPA2  WPA ,0.000000,0.000000,0.000,0.000,AP
2026-05-20 09:19:46,1900-01-00 00:00:00,Bilagg,7C:C3:85:9B:D5:E0,-93, WPA2  WPA ,0.000000,0.000000,0.000,0.000,AP
2026-05-20 09:19:46,1900-01-00 00:00:00,Bilagg,7C:C3:85:9B:D5:E0,-81, WPA2  WPA ,0.000000,0.000000,0.000,0.000,AP
2026-05-20 09:19:46,1900-01-00 00:00:00,Bilagg,7C:C3:85:9B:D5:E0,-93, WPA2  WPA ,0.000000,0.000000,0.000,0.000,AP
2026-05-20 09:19:46,1900-01-00 00:00:00,Bilagg,7C:C3:85:9B:D5:E0,-91, WPA2  WPA ,0.000000,0.000000,0.000,0.000,AP
2026-05-20 09:19:46,1900-01-00 00:00:00,Bilagg,7C:C3:85:9B:D5:E0,-77, WPA2  WPA ,0.000000,0.000000,0.000,0.000,AP
2026-05-20 09:19:46,1900-01-00 00:00:00,Bilagg,7C:C3:85:9B:D5:E0,-93, WPA2  WPA ,0.000000,0.000000,0.000,0.000,AP
2026-05-20 09:19:47,1900-01-00 00:00:00,Bilagg,7C:C3:85:9B:D5:E0,-91, WPA2  WPA ,0.000000,0.000000,0.000,0.000,AP
2026-05-20 09:19:47,1900-01-00 00:00:00,Bilagg,7C:C3:85:9B:D5:E0,-75, WPA2  WPA ,0.000000,0.000000,0.000,0.000,AP
2026-05-20 09:19:47,1900-01-00 00:00:00,Bilagg,7C:C3:85:9B:D5:E0,-75, WPA2  WPA ,0.000000,0.000000,0.000,0.000,AP
2026-05-20 09:19:47,1900-01-00 00:00:00,Bilagg,7C:C3:85:9B:D5:E0,-81, WPA2  WPA ,0.000000,0.000000,0.000,0.000,AP
2026-05-20 09:19:47,1900-01-00 00:00:00,Bilagg,7C:C3:85:9B:D5:E0,-77, WPA2  WPA ,0.000000,0.000000,0.000,0.000,AP
2026-05-20 09:19:47,1900-01-00 00:00:00,Bilagg,7C:C3:85:9B:D5:E0,-75, WPA2  WPA ,0.000000,0.000000,0.000,0.000,AP
2026-05-20 09:19:47,1900-01-00 00:00:00,Bilagg,7C:C3:85:9B:D5:E0,-81, WPA2  WPA ,0.000000,0.000000,0.000,0.000,AP
2026-05-20 09:19:47,1900-01-00 00:00:00,Bilagg,7C:C3:85:9B:D5:E0,-77, WPA2  WPA ,0.000000,0.000000,0.000,0.000,AP
2026-05-20 09:19:48,1900-01-00 00:00:00,Bilagg,7C:C3:85:9B:D5:E0,-77, WPA2  WPA ,0.000000,0.000000,0.000,0.000,AP
2026-05-20 09:19:48,1900-01-00 00:00:00,Bilagg,7C:C3:85:9B:D5:E0,-69, WPA2  WPA ,0.000000,0.000000,0.000,0.000,AP
2026-05-20 09:19:48,1900-01-00 00:00:00,Bilagg,7C:C3:85:9B:D5:E0,-75, WPA2  WPA ,0.000000,0.000000,0.000,0.000,AP
2026-05-20 09:19:48,1900-01-00 00:00:00,Bilagg,7C:C3:85:9B:D5:E0,-77, WPA2  WPA ,0.000000,0.000000,0.000,0.000,AP
2026-05-20 09:19:48,1900-01-00 00:00:00,Bilagg,7C:C3:85:9B:D5:E0,-77, WPA2  WPA ,0.000000,0.000000,0.000,0.000,AP
2026-05-20 09:19:48,1900-01-00 00:00:00,Bilagg,7C:C3:85:9B:D5:E0,-75, WPA2  WPA ,0.000000,0.000000,0.000,0.000,AP
2026-05-20 09:19:48,1900-01-00 00:00:00,Bilagg,7C:C3:85:9B:D5:E0,-75, WPA2  WPA ,0.000000,0.000000,0.000,0.000,AP
2026-05-20 09:19:48,1900-01-00 00:00:00,Bilagg,7C:C3:85:9B:D5:E0,-87, WPA2  WPA ,0.000000,0.000000,0.000,0.000,AP
2026-05-20 09:19:49,1900-01-00 00:00:00,Bilagg,7C:C3:85:9B:D5:E0,-77, WPA2  WPA ,0.000000,0.000000,0.000,0.000,AP
2026-05-20 09:19:49,1900-01-00 00:00:00,Bilagg,7C:C3:85:9B:D5:E0,-93, WPA2  WPA ,0.000000,0.000000,0.000,0.000,AP
2026-05-20 09:19:49,1900-01-00 00:00:00,Bilagg,7C:C3:85:9B:D5:E0,-93, WPA2  WPA ,0.000000,0.000000,0.000,0.000,AP
2026-05-20 09:19:49,1900-01-00 00:00:00,Bilagg,7C:C3:85:9B:D5:E0,-77, WPA2  WPA ,0.000000,0.000000,0.000,0.000,AP
2026-05-20 09:19:49,1900-01-00 00:00:00,Bilagg,7C:C3:85:9B:D5:E0,-93, WPA2  WPA ,0.000000,0.000000,0.000,0.000,AP
2026-05-20 09:19:49,1900-01-00 00:00:00,Bilagg,7C:C3:85:9B:D5:E0,-75, WPA2  WPA ,0.000000,0.000000,0.000,0.000,AP
2026-05-20 09:19:50,1900-01-00 00:00:00,Bilagg,7C:C3:85:9B:D5:E0,-75, WPA2  WPA ,0.000000,0.000000,0.000,0.000,AP
2026-05-20 09:19:50,1900-01-00 00:00:00,Bilagg,7C:C3:85:9B:D5:E0,-75, WPA2  WPA ,0.000000,0.000000,0.000,0.000,AP
2026-05-20 09:19:50,1900-01-00 00:00:00,Bilagg,7C:C3:85:9B:D5:E0,-71, WPA2  WPA ,0.000000,0.000000,0.000,0.000,AP
2026-05-20 09:19:50,1900-01-00 00:00:00,Bilagg,7C:C3:85:9B:D5:E0,-87, WPA2  WPA ,0.000000,0.000000,0.000,0.000,AP
2026-05-20 09:19:50,1900-01-00 00:00:00,Bilagg,7C:C3:85:9B:D5:E0,-77, WPA2  WPA ,0.000000,0.000000,0.000,0.000,AP
2026-05-20 09:19:50,1900-01-00 00:00:00,Bilagg,7C:C3:85:9B:D5:E0,-73, WPA2  WPA ,0.000000,0.000000,0.000,0.000,AP
2026-05-20 09:19:50,1900-01-00 00:00:00,Bilagg,7C:C3:85:9B:D5:E0,-75, WPA2  WPA ,0.000000,0.000000,0.000,0.000,AP
2026-05-20 09:19:51,1900-01-00 00:00:00,Bilagg,7C:C3:85:9B:D5:E0,-93, WPA2  WPA ,0.000000,0.000000,0.000,0.000,AP
2026-05-20 09:19:51,1900-01-00 00:00:00,Bilagg,7C:C3:85:9B:D5:E0,-93, WPA2  WPA ,0.000000,0.000000,0.000,0.000,AP
2026-05-20 09:19:51,1900-01-00 00:00:00,Bilagg,7C:C3:85:9B:D5:E0,-77, WPA2  WPA ,0.000000,0.000000,0.000,0.000,AP
2026-05-20 09:19:51,1900-01-00 00:00:00,Bilagg,7C:C3:85:9B:D5:E0,-75, WPA2  WPA ,0.000000,0.000000,0.000,0.000,AP
2026-05-20 09:19:51,1900-01-00 00:00:00,Bilagg,7C:C3:85:9B:D5:E0,-77, WPA2  WPA ,0.000000,0.000000,0.000,0.000,AP
2026-05-20 09:19:52,1900-01-00 00:00:00,Bilagg,7C:C3:85:9B:D5:E0,-69, WPA2  WPA ,0.000000,0.000000,0.000,0.000,AP
2026-05-20 09:19:52,1900-01-00 00:00:00,Bilagg,7C:C3:85:9B:D5:E0,-69, WPA2  WPA ,0.000000,0.000000,0.000,0.000,AP
2026-05-20 09:19:52,1900-01-00 00:00:00,Bilagg,7C:C3:85:9B:D5:E0,-71, WPA2  WPA ,0.000000,0.000000,0.000,0.000,AP
2026-05-20 09:19:53,1900-01-00 00:00:00,Bilagg,7C:C3:85:9B:D5:E0,-71, WPA2  WPA ,0.000000,0.000000,0.000,0.000,AP
2026-05-20 09:19:53,1900-01-00 00:00:00,Bilagg,7C:C3:85:9B:D5:E0,-77, WPA2  WPA ,0.000000,0.000000,0.000,0.000,AP
2026-05-20 09:19:53,1900-01-00 00:00:00,Bilagg,7C:C3:85:9B:D5:E0,-67, WPA2  WPA ,0.000000,0.000000,0.000,0.000,AP
2026-05-20 09:19:53,1900-01-00 00:00:00,Bilagg,7C:C3:85:9B:D5:E0,-71, WPA2  WPA ,0.000000,0.000000,0.000,0.000,AP
2026-05-20 09:19:53,1900-01-00 00:00:00,Bilagg,7C:C3:85:9B:D5:E0,-71, WPA2  WPA ,0.000000,0.000000,0.000,0.000,AP
2026-05-20 09:19:53,1900-01-00 00:00:00,Bilagg,7C:C3:85:9B:D5:E0,-79, WPA2  WPA ,0.000000,0.000000,0.000,0.000,AP
2026-05-20 09:19:54,1900-01-00 00:00:00,Bilagg,7C:C3:85:9B:D5:E0,-71, WPA2  WPA ,0.000000,0.000000,0.000,0.000,AP
2026-05-20 09:19:54,1900-01-00 00:00:00,Bilagg,7C:C3:85:9B:D5:E0,-71, WPA2  WPA ,0.000000,0.000000,0.000,0.000,AP
2026-05-20 09:19:54,1900-01-00 00:00:00,Bilagg,7C:C3:85:9B:D5:E0,-71, WPA2  WPA ,0.000000,0.000000,0.000,0.000,AP
2026-05-20 09:19:54,1900-01-00 00:00:00,Bilagg,7C:C3:85:9B:D5:E0,-75, WPA2  WPA ,0.000000,0.000000,0.000,0.000,AP
2026-05-20 09:19:54,1900-01-00 00:00:00,Bilagg,7C:C3:85:9B:D5:E0,-79, WPA2  WPA ,0.000000,0.000000,0.000,0.000,AP
2026-05-20 09:19:54,1900-01-00 00:00:00,Bilagg,7C:C3:85:9B:D5:E0,-77, WPA2  WPA ,0.000000,0.000000,0.000,0.000,AP
2026-05-20 09:19:54,1900-01-00 00:00:00,Bilagg,7C:C3:85:9B:D5:E0,-71, WPA2  WPA ,0.000000,0.000000,0.000,0.000,AP
2026-05-20 09:19:54,1900-01-00 00:00:00,Bilagg,7C:C3:85:9B:D5:E0,-75, WPA2  WPA ,0.000000,0.000000,0.000,0.000,AP
2026-05-20 09:19:54,1900-01-00 00:00:00,Bilagg,7C:C3:85:9B:D5:E0,-73, WPA2  WPA ,0.000000,0.000000,0.000,0.000,AP
2026-05-20 09:19:55,1900-01-00 00:00:00,Bilagg,7C:C3:85:9B:D5:E0,-69, WPA2  WPA ,0.000000,0.000000,0.000,0.000,AP
2026-05-20 09:19:55,1900-01-00 00:00:00,Bilagg,7C:C3:85:9B:D5:E0,-73, WPA2  WPA ,0.000000,0.000000,0.000,0.000,AP
2026-05-20 09:19:55,1900-01-00 00:00:00,Bilagg,7C:C3:85:9B:D5:E0,-77, WPA2  WPA ,0.000000,0.000000,0.000,0.000,AP
2026-05-20 09:19:55,1900-01-00 00:00:00,Bilagg,7C:C3:85:9B:D5:E0,-75, WPA2  WPA ,0.000000,0.000000,0.000,0.000,AP
2026-05-20 09:19:55,1900-01-00 00:00:00,Bilagg,7C:C3:85:9B:D5:E0,-91, WPA2  WPA ,0.000000,0.000000,0.000,0.000,AP
2026-05-20 09:19:55,1900-01-00 00:00:00,Bilagg,7C:C3:85:9B:D5:E0,-91, WPA2  WPA ,0.000000,0.000000,0.000,0.000,AP
2026-05-20 09:19:55,1900-01-00 00:00:00,Bilagg,7C:C3:85:9B:D5:E0,-71, WPA2  WPA ,0.000000,0.000000,0.000,0.000,AP
2026-05-20 09:19:55,1900-01-00 00:00:00,Bilagg,7C:C3:85:9B:D5:E0,-69, WPA2  WPA ,0.000000,0.000000,0.000,0.000,AP
2026-05-20 09:19:56,1900-01-00 00:00:00,Bilagg,7C:C3:85:9B:D5:E0,-77, WPA2  WPA ,0.000000,0.000000,0.000,0.000,AP
2026-05-20 09:19:56,1900-01-00 00:00:00,Bilagg,7C:C3:85:9B:D5:E0,-71, WPA2  WPA ,0.000000,0.000000,0.000,0.000,AP
2026-05-20 09:19:56,1900-01-00 00:00:00,Bilagg,7C:C3:85:9B:D5:E0,-75, WPA2  WPA ,0.000000,0.000000,0.000,0.000,AP
2026-05-20 09:19:56,1900-01-00 00:00:00,Bilagg,7C:C3:85:9B:D5:E0,-73, WPA2  WPA ,0.000000,0.000000,0.000,0.000,AP
2026-05-20 09:19:56,1900-01-00 00:00:00,Bilagg,7C:C3:85:9B:D5:E0,-75, WPA2  WPA ,0.000000,0.000000,0.000,0.000,AP
2026-05-20 09:19:57,1900-01-00 00:00:00,Bilagg,7C:C3:85:9B:D5:E0,-75, WPA2  WPA ,0.000000,0.000000,0.000,0.000,AP
2026-05-20 09:19:57,1900-01-00 00:00:00,Bilagg,7C:C3:85:9B:D5:E0,-75, WPA2  WPA ,0.000000,0.000000,0.000,0.000,AP
2026-05-20 09:19:58,1900-01-00 00:00:00,Bilagg,7C:C3:85:9B:D5:E0,-67, WPA2  WPA ,0.000000,0.000000,0.000,0.000,AP
2026-05-20 09:19:58,1900-01-00 00:00:00,Bilagg,7C:C3:85:9B:D5:E0,-77, WPA2  WPA ,0.000000,0.000000,0.000,0.000,AP
2026-05-20 09:19:58,1900-01-00 00:00:00,Bilagg,7C:C3:85:9B:D5:E0,-71, WPA2  WPA ,0.000000,0.000000,0.000,0.000,AP
2026-05-20 09:19:58,1900-01-00 00:00:00,Bilagg,7C:C3:85:9B:D5:E0,-77, WPA2  WPA ,0.000000,0.000000,0.000,0.000,AP
2026-05-20 09:19:59,1900-01-00 00:00:00,Bilagg,7C:C3:85:9B:D5:E0,-71, WPA2  WPA ,0.000000,0.000000,0.000,0.000,AP
2026-05-20 09:20:00,1900-01-00 00:00:00,Bilagg,7C:C3:85:9B:D5:E0,-73, WPA2  WPA ,0.000000,0.000000,0.000,0.000,AP
2026-05-20 09:20:00,1900-01-00 00:00:00,Bilagg,7C:C3:85:9B:D5:E0,-69, WPA2  WPA ,0.000000,0.000000,0.000,0.000,AP
2026-05-20 09:20:00,1900-01-00 00:00:00,Bilagg,7C:C3:85:9B:D5:E0,-75, WPA2  WPA ,0.000000,0.000000,0.000,0.000,AP
2026-05-20 09:20:00,1900-01-00 00:00:00,Bilagg,7C:C3:85:9B:D5:E0,-77, WPA2  WPA ,0.000000,0.000000,0.000,0.000,AP
2026-05-20 09:20:01,1900-01-00 00:00:00,Bilagg,7C:C3:85:9B:D5:E0,-89, WPA2  WPA ,0.000000,0.000000,0.000,0.000,AP
2026-05-20 09:20:01,1900-01-00 00:00:00,Bilagg,7C:C3:85:9B:D5:E0,-67, WPA2  WPA ,0.000000,0.000000,0.000,0.000,AP
2026-05-20 09:20:01,1900-01-00 00:00:00,Bilagg,7C:C3:85:9B:D5:E0,-71, WPA2  WPA ,0.000000,0.000000,0.000,0.000,AP
2026-05-20 09:20:01,1900-01-00 00:00:00,Bilagg,7C:C3:85:9B:D5:E0,-79, WPA2  WPA ,0.000000,0.000000,0.000,0.000,AP
2026-05-20 09:20:01,1900-01-00 00:00:00,Bilagg,7C:C3:85:9B:D5:E0,-69, WPA2  WPA ,0.000000,0.000000,0.000,0.000,AP
2026-05-20 09:20:01,1900-01-00 00:00:00,Bilagg,7C:C3:85:9B:D5:E0,-69, WPA2  WPA ,0.000000,0.000000,0.000,0.000,AP
2026-05-20 09:20:01,1900-01-00 00:00:00,Bilagg,7C:C3:85:9B:D5:E0,-79, WPA2  WPA ,0.000000,0.000000,0.000,0.000,AP
2026-05-20 09:20:01,1900-01-00 00:00:00,Bilagg,7C:C3:85:9B:D5:E0,-71, WPA2  WPA ,0.000000,0.000000,0.000,0.000,AP
2026-05-20 09:20:02,1900-01-00 00:00:00,Bilagg,7C:C3:85:9B:D5:E0,-83, WPA2  WPA ,0.000000,0.000000,0.000,0.000,AP
2026-05-20 09:20:02,1900-01-00 00:00:00,Bilagg,7C:C3:85:9B:D5:E0,-69, WPA2  WPA ,0.000000,0.000000,0.000,0.000,AP
2026-05-20 09:20:02,1900-01-00 00:00:00,Bilagg,7C:C3:85:9B:D5:E0,-81, WPA2  WPA ,0.000000,0.000000,0.000,0.000,AP
2026-05-20 09:20:02,1900-01-00 00:00:00,Bilagg,7C:C3:85:9B:D5:E0,-67, WPA2  WPA ,0.000000,0.000000,0.000,0.000,AP
2026-05-20 09:20:02,1900-01-00 00:00:00,Bilagg,7C:C3:85:9B:D5:E0,-77, WPA2  WPA ,0.000000,0.000000,0.000,0.000,AP
2026-05-20 09:20:02,1900-01-00 00:00:00,Bilagg,7C:C3:85:9B:D5:E0,-75, WPA2  WPA ,0.000000,0.000000,0.000,0.000,AP
2026-05-20 09:20:02,1900-01-00 00:00:00,Bilagg,7C:C3:85:9B:D5:E0,-71, WPA2  WPA ,0.000000,0.000000,0.000,0.000,AP
2026-05-20 09:20:03,1900-01-00 00:00:00,Bilagg,7C:C3:85:9B:D5:E0,-69, WPA2  WPA ,0.000000,0.000000,0.000,0.000,AP
2026-05-20 09:20:03,1900-01-00 00:00:00,Bilagg,7C:C3:85:9B:D5:E0,-75, WPA2  WPA ,0.000000,0.000000,0.000,0.000,AP
2026-05-20 09:20:03,1900-01-00 00:00:00,Bilagg,7C:C3:85:9B:D5:E0,-73, WPA2  WPA ,0.000000,0.000000,0.000,0.000,AP
2026-05-20 09:20:03,1900-01-00 00:00:00,Bilagg,7C:C3:85:9B:D5:E0,-71, WPA2  WPA ,0.000000,0.000000,0.000,0.000,AP
2026-05-20 09:20:03,1900-01-00 00:00:00,Bilagg,7C:C3:85:9B:D5:E0,-81, WPA2  WPA ,0.000000,0.000000,0.000,0.000,AP
2026-05-20 09:20:03,1900-01-00 00:00:00,Bilagg,7C:C3:85:9B:D5:E0,-73, WPA2  WPA ,0.000000,0.000000,0.000,0.000,AP
2026-05-20 09:20:03,1900-01-00 00:00:00,Bilagg,7C:C3:85:9B:D5:E0,-77, WPA2  WPA ,0.000000,0.000000,0.000,0.000,AP
2026-05-20 09:20:03,1900-01-00 00:00:00,Bilagg,7C:C3:85:9B:D5:E0,-75, WPA2  WPA ,0.000000,0.000000,0.000,0.000,AP
2026-05-20 09:20:04,1900-01-00 00:00:00,Bilagg,7C:C3:85:9B:D5:E0,-71, WPA2  WPA ,0.000000,0.000000,0.000,0.000,AP
2026-05-20 09:20:04,1900-01-00 00:00:00,Bilagg,7C:C3:85:9B:D5:E0,-77, WPA2  WPA ,0.000000,0.000000,0.000,0.000,AP
2026-05-20 09:20:04,1900-01-00 00:00:00,Bilagg,7C:C3:85:9B:D5:E0,-73, WPA2  WPA ,0.000000,0.000000,0.000,0.000,AP
2026-05-20 09:20:04,1900-01-00 00:00:00,Bilagg,7C:C3:85:9B:D5:E0,-87, WPA2  WPA ,0.000000,0.000000,0.000,0.000,AP
2026-05-20 09:20:05,1900-01-00 00:00:00,Bilagg,7C:C3:85:9B:D5:E0,-67, WPA2  WPA ,0.000000,0.000000,0.000,0.000,AP
2026-05-20 09:20:05,1900-01-00 00:00:00,Bilagg,7C:C3:85:9B:D5:E0,-77, WPA2  WPA ,0.000000,0.000000,0.000,0.000,AP
2026-05-20 09:20:05,1900-01-00 00:00:00,Bilagg,7C:C3:85:9B:D5:E0,-77, WPA2  WPA ,0.000000,0.000000,0.000,0.000,AP
2026-05-20 09:20:05,1900-01-00 00:00:00,Bilagg,7C:C3:85:9B:D5:E0,-67, WPA2  WPA ,0.000000,0.000000,0.000,0.000,AP
2026-05-20 09:20:05,1900-01-00 00:00:00,Bilagg,7C:C3:85:9B:D5:E0,-69, WPA2  WPA ,0.000000,0.000000,0.000,0.000,AP
2026-05-20 09:20:05,1900-01-00 00:00:00,Bilagg,7C:C3:85:9B:D5:E0,-77, WPA2  WPA ,0.000000,0.000000,0.000,0.000,AP
2026-05-20 09:20:05,1900-01-00 00:00:00,Bilagg,7C:C3:85:9B:D5:E0,-67, WPA2  WPA ,0.000000,0.000000,0.000,0.000,AP
2026-05-20 09:20:06,1900-01-00 00:00:00,Bilagg,7C:C3:85:9B:D5:E0,-71, WPA2  WPA ,0.000000,0.000000,0.000,0.000,AP
2026-05-20 09:20:06,1900-01-00 00:00:00,Bilagg,7C:C3:85:9B:D5:E0,-65, WPA2  WPA ,0.000000,0.000000,0.000,0.000,AP
2026-05-20 09:20:06,1900-01-00 00:00:00,Bilagg,7C:C3:85:9B:D5:E0,-73, WPA2  WPA ,0.000000,0.000000,0.000,0.000,AP
2026-05-20 09:20:06,1900-01-00 00:00:00,Bilagg,7C:C3:85:9B:D5:E0,-65, WPA2  WPA ,0.000000,0.000000,0.000,0.000,AP
2026-05-20 09:20:06,1900-01-00 00:00:00,Bilagg,7C:C3:85:9B:D5:E0,-75, WPA2  WPA ,0.000000,0.000000,0.000,0.000,AP
2026-05-20 09:20:06,1900-01-00 00:00:00,Bilagg,7C:C3:85:9B:D5:E0,-75, WPA2  WPA ,0.000000,0.000000,0.000,0.000,AP
2026-05-20 09:20:06,1900-01-00 00:00:00,Bilagg,7C:C3:85:9B:D5:E0,-73, WPA2  WPA ,0.000000,0.000000,0.000,0.000,AP
2026-05-20 09:20:06,1900-01-00 00:00:00,Bilagg,7C:C3:85:9B:D5:E0,-77, WPA2  WPA ,0.000000,0.000000,0.000,0.000,AP
2026-05-20 09:20:07,1900-01-00 00:00:00,Bilagg,7C:C3:85:9B:D5:E0,-71, WPA2  WPA ,0.000000,0.000000,0.000,0.000,AP
2026-05-20 09:20:07,1900-01-00 00:00:00,Bilagg,7C:C3:85:9B:D5:E0,-69, WPA2  WPA ,0.000000,0.000000,0.000,0.000,AP
2026-05-20 09:20:07,1900-01-00 00:00:00,Bilagg,7C:C3:85:9B:D5:E0,-67, WPA2  WPA ,0.000000,0.000000,0.000,0.000,AP
2026-05-20 09:20:07,1900-01-00 00:00:00,Bilagg,7C:C3:85:9B:D5:E0,-71, WPA2  WPA ,0.000000,0.000000,0.000,0.000,AP
2026-05-20 09:20:07,1900-01-00 00:00:00,Bilagg,7C:C3:85:9B:D5:E0,-77, WPA2  WPA ,0.000000,0.000000,0.000,0.000,AP
2026-05-20 09:20:07,1900-01-00 00:00:00,Bilagg,7C:C3:85:9B:D5:E0,-67, WPA2  WPA ,0.000000,0.000000,0.000,0.000,AP
2026-05-20 09:20:07,1900-01-00 00:00:00,Bilagg,7C:C3:85:9B:D5:E0,-69, WPA2  WPA ,0.000000,0.000000,0.000,0.000,AP
2026-05-20 09:20:07,1900-01-00 00:00:00,Bilagg,7C:C3:85:9B:D5:E0,-65, WPA2  WPA ,0.000000,0.000000,0.000,0.000,AP
2026-05-20 09:20:07,1900-01-00 00:00:00,Bilagg,7C:C3:85:9B:D5:E0,-71, WPA2  WPA ,0.000000,0.000000,0.000,0.000,AP
2026-05-20 09:20:07,1900-01-00 00:00:00,Bilagg,7C:C3:85:9B:D5:E0,-93, WPA2  WPA ,0.000000,0.000000,0.000,0.000,AP
2026-05-20 09:20:07,1900-01-00 00:00:00,Bilagg,7C:C3:85:9B:D5:E0,-73, WPA2  WPA ,0.000000,0.000000,0.000,0.000,AP
2026-05-20 09:20:07,1900-01-00 00:00:00,Bilagg,7C:C3:85:9B:D5:E0,-69, WPA2  WPA ,0.000000,0.000000,0.000,0.000,AP
2026-05-20 09:20:07,1900-01-00 00:00:00,Bilagg,7C:C3:85:9B:D5:E0,-69, WPA2  WPA ,0.000000,0.000000,0.000,0.000,AP
2026-05-20 09:20:07,1900-01-00 00:00:00,Bilagg,7C:C3:85:9B:D5:E0,-69, WPA2  WPA ,0.000000,0.000000,0.000,0.000,AP
2026-05-20 09:20:07,1900-01-00 00:00:00,Bilagg,7C:C3:85:9B:D5:E0,-75, WPA2  WPA ,0.000000,0.000000,0.000,0.000,AP
2026-05-20 09:20:07,1900-01-00 00:00:00,Bilagg,7C:C3:85:9B:D5:E0,-65, WPA2  WPA ,0.000000,0.000000,0.000,0.000,AP
2026-05-20 09:20:07,1900-01-00 00:00:00,Bilagg,7C:C3:85:9B:D5:E0,-73, WPA2  WPA ,0.000000,0.000000,0.000,0.000,AP
2026-05-20 09:20:08,1900-01-00 00:00:00,Bilagg,7C:C3:85:9B:D5:E0,-73, WPA2  WPA ,0.000000,0.000000,0.000,0.000,AP
2026-05-20 09:20:08,1900-01-00 00:00:00,Bilagg,7C:C3:85:9B:D5:E0,-67, WPA2  WPA ,0.000000,0.000000,0.000,0.000,AP
2026-05-20 09:20:08,1900-01-00 00:00:00,Bilagg,7C:C3:85:9B:D5:E0,-73, WPA2  WPA ,0.000000,0.000000,0.000,0.000,AP
2026-05-20 09:20:08,1900-01-00 00:00:00,Bilagg,7C:C3:85:9B:D5:E0,-71, WPA2  WPA ,0.000000,0.000000,0.000,0.000,AP
2026-05-20 09:20:08,1900-01-00 00:00:00,Bilagg,7C:C3:85:9B:D5:E0,-73, WPA2  WPA ,0.000000,0.000000,0.000,0.000,AP
2026-05-20 09:20:08,1900-01-00 00:00:00,Bilagg,7C:C3:85:9B:D5:E0,-73, WPA2  WPA ,0.000000,0.000000,0.000,0.000,AP
2026-05-20 09:20:08,1900-01-00 00:00:00,Bilagg,7C:C3:85:9B:D5:E0,-69, WPA2  WPA ,0.000000,0.000000,0.000,0.000,AP
2026-05-20 09:20:08,1900-01-00 00:00:00,Bilagg,7C:C3:85:9B:D5:E0,-73, WPA2  WPA ,0.000000,0.000000,0.000,0.000,AP
2026-05-20 09:20:08,1900-01-00 00:00:00,Bilagg,7C:C3:85:9B:D5:E0,-71, WPA2  WPA ,0.000000,0.000000,0.000,0.000,AP
2026-05-20 09:20:09,1900-01-00 00:00:00,Bilagg,7C:C3:85:9B:D5:E0,-71, WPA2  WPA ,0.000000,0.000000,0.000,0.000,AP
2026-05-20 09:20:09,1900-01-00 00:00:00,Bilagg,7C:C3:85:9B:D5:E0,-79, WPA2  WPA ,0.000000,0.000000,0.000,0.000,AP
2026-05-20 09:20:09,1900-01-00 00:00:00,Bilagg,7C:C3:85:9B:D5:E0,-73, WPA2  WPA ,0.000000,0.000000,0.000,0.000,AP
2026-05-20 09:20:09,1900-01-00 00:00:00,Bilagg,7C:C3:85:9B:D5:E0,-71, WPA2  WPA ,0.000000,0.000000,0.000,0.000,AP
2026-05-20 09:20:09,1900-01-00 00:00:00,Bilagg,7C:C3:85:9B:D5:E0,-71, WPA2  WPA ,0.000000,0.000000,0.000,0.000,AP
2026-05-20 09:20:09,1900-01-00 00:00:00,Bilagg,7C:C3:85:9B:D5:E0,-71, WPA2  WPA ,0.000000,0.000000,0.000,0.000,AP
2026-05-20 09:20:09,1900-01-00 00:00:00,Bilagg,7C:C3:85:9B:D5:E0,-73, WPA2  WPA ,0.000000,0.000000,0.000,0.000,AP
2026-05-20 09:20:09,1900-01-00 00:00:00,Bilagg,7C:C3:85:9B:D5:E0,-73, WPA2  WPA ,0.000000,0.000000,0.000,0.000,AP
2026-05-20 09:20:09,1900-01-00 00:00:00,Bilagg,7C:C3:85:9B:D5:E0,-71, WPA2  WPA ,0.000000,0.000000,0.000,0.000,AP
2026-05-20 09:20:09,1900-01-00 00:00:00,Bilagg,7C:C3:85:9B:D5:E0,-71, WPA2  WPA ,0.000000,0.000000,0.000,0.000,AP
2026-05-20 09:20:09,1900-01-00 00:00:00,Bilagg,7C:C3:85:9B:D5:E0,-69, WPA2  WPA ,0.000000,0.000000,0.000,0.000,AP
2026-05-20 09:20:10,1900-01-00 00:00:00,Bilagg,7C:C3:85:9B:D5:E0,-73, WPA2  WPA ,0.000000,0.000000,0.000,0.000,AP
2026-05-20 09:20:10,1900-01-00 00:00:00,Bilagg,7C:C3:85:9B:D5:E0,-71, WPA2  WPA ,0.000000,0.000000,0.000,0.000,AP
2026-05-20 09:20:10,1900-01-00 00:00:00,Bilagg,7C:C3:85:9B:D5:E0,-67, WPA2  WPA ,0.000000,0.000000,0.000,0.000,AP
2026-05-20 09:20:10,1900-01-00 00:00:00,Bilagg,7C:C3:85:9B:D5:E0,-81, WPA2  WPA ,0.000000,0.000000,0.000,0.000,AP
2026-05-20 09:20:10,1900-01-00 00:00:00,Bilagg,7C:C3:85:9B:D5:E0,-71, WPA2  WPA ,0.000000,0.000000,0.000,0.000,AP
2026-05-20 09:20:11,1900-01-00 00:00:00,Bilagg,7C:C3:85:9B:D5:E0,-71, WPA2  WPA ,0.000000,0.000000,0.000,0.000,AP
2026-05-20 09:20:11,1900-01-00 00:00:00,Bilagg,7C:C3:85:9B:D5:E0,-75, WPA2  WPA ,0.000000,0.000000,0.000,0.000,AP
2026-05-20 09:20:11,1900-01-00 00:00:00,Bilagg,7C:C3:85:9B:D5:E0,-75, WPA2  WPA ,0.000000,0.000000,0.000,0.000,AP
2026-05-20 09:20:12,1900-01-00 00:00:00,Bilagg,7C:C3:85:9B:D5:E0,-73, WPA2  WPA ,0.000000,0.000000,0.000,0.000,AP
2026-05-20 09:20:12,1900-01-00 00:00:00,Bilagg,7C:C3:85:9B:D5:E0,-67, WPA2  WPA ,0.000000,0.000000,0.000,0.000,AP
2026-05-20 09:20:12,1900-01-00 00:00:00,Bilagg,7C:C3:85:9B:D5:E0,-81, WPA2  WPA ,0.000000,0.000000,0.000,0.000,AP
2026-05-20 09:20:12,1900-01-00 00:00:00,Bilagg,7C:C3:85:9B:D5:E0,-69, WPA2  WPA ,0.000000,0.000000,0.000,0.000,AP
2026-05-20 09:20:12,1900-01-00 00:00:00,Bilagg,7C:C3:85:9B:D5:E0,-71, WPA2  WPA ,0.000000,0.000000,0.000,0.000,AP
2026-05-20 09:20:12,1900-01-00 00:00:00,Bilagg,7C:C3:85:9B:D5:E0,-71, WPA2  WPA ,0.000000,0.000000,0.000,0.000,AP
2026-05-20 09:20:12,1900-01-00 00:00:00,Bilagg,7C:C3:85:9B:D5:E0,-77, WPA2  WPA ,0.000000,0.000000,0.000,0.000,AP
2026-05-20 09:20:13,1900-01-00 00:00:00,Bilagg,7C:C3:85:9B:D5:E0,-77, WPA2  WPA ,0.000000,0.000000,0.000,0.000,AP
2026-05-20 09:20:13,1900-01-00 00:00:00,Bilagg,7C:C3:85:9B:D5:E0,-71, WPA2  WPA ,0.000000,0.000000,0.000,0.000,AP
2026-05-20 09:20:14,1900-01-00 00:00:00,Bilagg,7C:C3:85:9B:D5:E0,-69, WPA2  WPA ,0.000000,0.000000,0.000,0.000,AP
2026-05-20 09:20:14,1900-01-00 00:00:00,Bilagg,7C:C3:85:9B:D5:E0,-73, WPA2  WPA ,0.000000,0.000000,0.000,0.000,AP
2026-05-20 09:20:14,1900-01-00 00:00:00,Bilagg,7C:C3:85:9B:D5:E0,-69, WPA2  WPA ,0.000000,0.000000,0.000,0.000,AP
2026-05-20 09:20:14,1900-01-00 00:00:00,Bilagg,7C:C3:85:9B:D5:E0,-67, WPA2  WPA ,0.000000,0.000000,0.000,0.000,AP
2026-05-20 09:20:15,1900-01-00 00:00:00,Bilagg,7C:C3:85:9B:D5:E0,-73, WPA2  WPA ,0.000000,0.000000,0.000,0.000,AP
2026-05-20 09:20:15,1900-01-00 00:00:00,Bilagg,7C:C3:85:9B:D5:E0,-77, WPA2  WPA ,0.000000,0.000000,0.000,0.000,AP
2026-05-20 09:20:15,1900-01-00 00:00:00,Bilagg,7C:C3:85:9B:D5:E0,-73, WPA2  WPA ,0.000000,0.000000,0.000,0.000,AP
2026-05-20 09:20:15,1900-01-00 00:00:00,Bilagg,7C:C3:85:9B:D5:E0,-73, WPA2  WPA ,0.000000,0.000000,0.000,0.000,AP
2026-05-20 09:20:15,1900-01-00 00:00:00,Bilagg,7C:C3:85:9B:D5:E0,-81, WPA2  WPA ,0.000000,0.000000,0.000,0.000,AP
2026-05-20 09:20:16,1900-01-00 00:00:00,Bilagg,7C:C3:85:9B:D5:E0,-69, WPA2  WPA ,0.000000,0.000000,0.000,0.000,AP
2026-05-20 09:20:16,1900-01-00 00:00:00,Bilagg,7C:C3:85:9B:D5:E0,-77, WPA2  WPA ,0.000000,0.000000,0.000,0.000,AP
2026-05-20 09:20:16,1900-01-00 00:00:00,Bilagg,7C:C3:85:9B:D5:E0,-69, WPA2  WPA ,0.000000,0.000000,0.000,0.000,AP
2026-05-20 09:20:16,1900-01-00 00:00:00,Bilagg,7C:C3:85:9B:D5:E0,-93, WPA2  WPA ,0.000000,0.000000,0.000,0.000,AP
2026-05-20 09:20:16,1900-01-00 00:00:00,Bilagg,7C:C3:85:9B:D5:E0,-63, WPA2  WPA ,0.000000,0.000000,0.000,0.000,AP
2026-05-20 09:20:16,1900-01-00 00:00:00,Bilagg,7C:C3:85:9B:D5:E0,-69, WPA2  WPA ,0.000000,0.000000,0.000,0.000,AP
2026-05-20 09:20:16,1900-01-00 00:00:00,Bilagg,7C:C3:85:9B:D5:E0,-69, WPA2  WPA ,0.000000,0.000000,0.000,0.000,AP
2026-05-20 09:20:17,1900-01-00 00:00:00,Bilagg,7C:C3:85:9B:D5:E0,-77, WPA2  WPA ,0.000000,0.000000,0.000,0.000,AP
2026-05-20 09:20:17,1900-01-00 00:00:00,Bilagg,7C:C3:85:9B:D5:E0,-77, WPA2  WPA ,0.000000,0.000000,0.000,0.000,AP
2026-05-20 09:20:17,1900-01-00 00:00:00,Bilagg,7C:C3:85:9B:D5:E0,-93, WPA2  WPA ,0.000000,0.000000,0.000,0.000,AP
2026-05-20 09:20:17,1900-01-00 00:00:00,Bilagg,7C:C3:85:9B:D5:E0,-67, WPA2  WPA ,0.000000,0.000000,0.000,0.000,AP
2026-05-20 09:20:17,1900-01-00 00:00:00,Bilagg,7C:C3:85:9B:D5:E0,-63, WPA2  WPA ,0.000000,0.000000,0.000,0.000,AP
2026-05-20 09:20:18,1900-01-00 00:00:00,Bilagg,7C:C3:85:9B:D5:E0,-69, WPA2  WPA ,0.000000,0.000000,0.000,0.000,AP
2026-05-20 09:20:18,1900-01-00 00:00:00,Bilagg,7C:C3:85:9B:D5:E0,-79, WPA2  WPA ,0.000000,0.000000,0.000,0.000,AP
2026-05-20 09:20:18,1900-01-00 00:00:00,Bilagg,7C:C3:85:9B:D5:E0,-77, WPA2  WPA ,0.000000,0.000000,0.000,0.000,AP
2026-05-20 09:20:18,1900-01-00 00:00:00,Bilagg,7C:C3:85:9B:D5:E0,-69, WPA2  WPA ,0.000000,0.000000,0.000,0.000,AP
2026-05-20 09:20:18,1900-01-00 00:00:00,Bilagg,7C:C3:85:9B:D5:E0,-77, WPA2  WPA ,0.000000,0.000000,0.000,0.000,AP
2026-05-20 09:20:18,1900-01-00 00:00:00,Bilagg,7C:C3:85:9B:D5:E0,-71, WPA2  WPA ,0.000000,0.000000,0.000,0.000,AP
2026-05-20 09:20:18,1900-01-00 00:00:00,Bilagg,7C:C3:85:9B:D5:E0,-81, WPA2  WPA ,0.000000,0.000000,0.000,0.000,AP
2026-05-20 09:20:18,1900-01-00 00:00:00,Bilagg,7C:C3:85:9B:D5:E0,-73, WPA2  WPA ,0.000000,0.000000,0.000,0.000,AP
2026-05-20 09:20:19,1900-01-00 00:00:00,Bilagg,7C:C3:85:9B:D5:E0,-79, WPA2  WPA ,0.000000,0.000000,0.000,0.000,AP
2026-05-20 09:20:19,1900-01-00 00:00:00,Bilagg,7C:C3:85:9B:D5:E0,-79, WPA2  WPA ,0.000000,0.000000,0.000,0.000,AP
2026-05-20 09:20:19,1900-01-00 00:00:00,Bilagg,7C:C3:85:9B:D5:E0,-67, WPA2  WPA ,0.000000,0.000000,0.000,0.000,AP
2026-05-20 09:20:19,1900-01-00 00:00:00,Bilagg,7C:C3:85:9B:D5:E0,-93, WPA2  WPA ,0.000000,0.000000,0.000,0.000,AP
2026-05-20 09:20:19,1900-01-00 00:00:00,Bilagg,7C:C3:85:9B:D5:E0,-67, WPA2  WPA ,0.000000,0.000000,0.000,0.000,AP
2026-05-20 09:20:20,1900-01-00 00:00:00,Bilagg,7C:C3:85:9B:D5:E0,-69, WPA2  WPA ,0.000000,0.000000,0.000,0.000,AP
2026-05-20 09:20:20,1900-01-00 00:00:00,Bilagg,7C:C3:85:9B:D5:E0,-91, WPA2  WPA ,0.000000,0.000000,0.000,0.000,AP
2026-05-20 09:20:20,1900-01-00 00:00:00,Bilagg,7C:C3:85:9B:D5:E0,-73, WPA2  WPA ,0.000000,0.000000,0.000,0.000,AP
2026-05-20 09:20:20,1900-01-00 00:00:00,Bilagg,7C:C3:85:9B:D5:E0,-79, WPA2  WPA ,0.000000,0.000000,0.000,0.000,AP
2026-05-20 09:20:20,1900-01-00 00:00:00,Bilagg,7C:C3:85:9B:D5:E0,-73, WPA2  WPA ,0.000000,0.000000,0.000,0.000,AP
2026-05-20 09:20:20,1900-01-00 00:00:00,Bilagg,7C:C3:85:9B:D5:E0,-77, WPA2  WPA ,0.000000,0.000000,0.000,0.000,AP
2026-05-20 09:20:20,1900-01-00 00:00:00,Bilagg,7C:C3:85:9B:D5:E0,-77, WPA2  WPA ,0.000000,0.000000,0.000,0.000,AP
2026-05-20 09:20:21,1900-01-00 00:00:00,Bilagg,7C:C3:85:9B:D5:E0,-93, WPA2  WPA ,0.000000,0.000000,0.000,0.000,AP
2026-05-20 09:20:21,1900-01-00 00:00:00,Bilagg,7C:C3:85:9B:D5:E0,-67, WPA2  WPA ,0.000000,0.000000,0.000,0.000,AP
2026-05-20 09:20:21,1900-01-00 00:00:00,Bilagg,7C:C3:85:9B:D5:E0,-77, WPA2  WPA ,0.000000,0.000000,0.000,0.000,AP
2026-05-20 09:20:21,1900-01-00 00:00:00,Bilagg,7C:C3:85:9B:D5:E0,-67, WPA2  WPA ,0.000000,0.000000,0.000,0.000,AP
2026-05-20 09:20:21,1900-01-00 00:00:00,Bilagg,7C:C3:85:9B:D5:E0,-71, WPA2  WPA ,0.000000,0.000000,0.000,0.000,AP
2026-05-20 09:20:21,1900-01-00 00:00:00,Bilagg,7C:C3:85:9B:D5:E0,-69, WPA2  WPA ,0.000000,0.000000,0.000,0.000,AP
2026-05-20 09:20:21,1900-01-00 00:00:00,Bilagg,7C:C3:85:9B:D5:E0,-71, WPA2  WPA ,0.000000,0.000000,0.000,0.000,AP
2026-05-20 09:20:21,1900-01-00 00:00:00,Bilagg,7C:C3:85:9B:D5:E0,-69, WPA2  WPA ,0.000000,0.000000,0.000,0.000,AP
2026-05-20 09:20:21,1900-01-00 00:00:00,Bilagg,7C:C3:85:9B:D5:E0,-91, WPA2  WPA ,0.000000,0.000000,0.000,0.000,AP
2026-05-20 09:20:21,1900-01-00 00:00:00,Bilagg,7C:C3:85:9B:D5:E0,-75, WPA2  WPA ,0.000000,0.000000,0.000,0.000,AP
2026-05-20 09:20:21,1900-01-00 00:00:00,Bilagg,7C:C3:85:9B:D5:E0,-71, WPA2  WPA ,0.000000,0.000000,0.000,0.000,AP
2026-05-20 09:20:21,1900-01-00 00:00:00,Bilagg,7C:C3:85:9B:D5:E0,-77, WPA2  WPA ,0.000000,0.000000,0.000,0.000,AP
2026-05-20 09:20:22,1900-01-00 00:00:00,Bilagg,7C:C3:85:9B:D5:E0,-71, WPA2  WPA ,0.000000,0.000000,0.000,0.000,AP
2026-05-20 09:20:22,1900-01-00 00:00:00,Bilagg,7C:C3:85:9B:D5:E0,-93, WPA2  WPA ,0.000000,0.000000,0.000,0.000,AP
2026-05-20 09:20:22,1900-01-00 00:00:00,Bilagg,7C:C3:85:9B:D5:E0,-67, WPA2  WPA ,0.000000,0.000000,0.000,0.000,AP
2026-05-20 09:20:22,1900-01-00 00:00:00,Bilagg,7C:C3:85:9B:D5:E0,-69, WPA2  WPA ,0.000000,0.000000,0.000,0.000,AP
2026-05-20 09:20:22,1900-01-00 00:00:00,Bilagg,7C:C3:85:9B:D5:E0,-77, WPA2  WPA ,0.000000,0.000000,0.000,0.000,AP
2026-05-20 09:20:22,1900-01-00 00:00:00,Bilagg,7C:C3:85:9B:D5:E0,-71, WPA2  WPA ,0.000000,0.000000,0.000,0.000,AP
2026-05-20 09:20:22,1900-01-00 00:00:00,Bilagg,7C:C3:85:9B:D5:E0,-79, WPA2  WPA ,0.000000,0.000000,0.000,0.000,AP
2026-05-20 09:20:22,1900-01-00 00:00:00,Bilagg,7C:C3:85:9B:D5:E0,-71, WPA2  WPA ,0.000000,0.000000,0.000,0.000,AP
2026-05-20 09:20:22,1900-01-00 00:00:00,Bilagg,7C:C3:85:9B:D5:E0,-75, WPA2  WPA ,0.000000,0.000000,0.000,0.000,AP
2026-05-20 09:20:23,1900-01-00 00:00:00,Bilagg,7C:C3:85:9B:D5:E0,-71, WPA2  WPA ,0.000000,0.000000,0.000,0.000,AP
2026-05-20 09:20:23,1900-01-00 00:00:00,Bilagg,7C:C3:85:9B:D5:E0,-73, WPA2  WPA ,0.000000,0.000000,0.000,0.000,AP
2026-05-20 09:20:23,1900-01-00 00:00:00,Bilagg,7C:C3:85:9B:D5:E0,-77, WPA2  WPA ,0.000000,0.000000,0.000,0.000,AP
2026-05-20 09:20:23,1900-01-00 00:00:00,Bilagg,7C:C3:85:9B:D5:E0,-85, WPA2  WPA ,0.000000,0.000000,0.000,0.000,AP
2026-05-20 09:20:23,1900-01-00 00:00:00,Bilagg,7C:C3:85:9B:D5:E0,-93, WPA2  WPA ,0.000000,0.000000,0.000,0.000,AP
2026-05-20 09:20:24,1900-01-00 00:00:00,Bilagg,7C:C3:85:9B:D5:E0,-71, WPA2  WPA ,0.000000,0.000000,0.000,0.000,AP
2026-05-20 09:20:24,1900-01-00 00:00:00,Bilagg,7C:C3:85:9B:D5:E0,-65, WPA2  WPA ,0.000000,0.000000,0.000,0.000,AP
2026-05-20 09:20:24,1900-01-00 00:00:00,Bilagg,7C:C3:85:9B:D5:E0,-93, WPA2  WPA ,0.000000,0.000000,0.000,0.000,AP
2026-05-20 09:20:24,1900-01-00 00:00:00,Bilagg,7C:C3:85:9B:D5:E0,-75, WPA2  WPA ,0.000000,0.000000,0.000,0.000,AP
2026-05-20 09:20:24,1900-01-00 00:00:00,Bilagg,7C:C3:85:9B:D5:E0,-73, WPA2  WPA ,0.000000,0.000000,0.000,0.000,AP
2026-05-20 09:20:24,1900-01-00 00:00:00,Bilagg,7C:C3:85:9B:D5:E0,-75, WPA2  WPA ,0.000000,0.000000,0.000,0.000,AP
2026-05-20 09:20:25,1900-01-00 00:00:00,Bilagg,7C:C3:85:9B:D5:E0,-73, WPA2  WPA ,0.000000,0.000000,0.000,0.000,AP
2026-05-20 09:20:25,1900-01-00 00:00:00,Bilagg,7C:C3:85:9B:D5:E0,-69, WPA2  WPA ,0.000000,0.000000,0.000,0.000,AP
2026-05-20 09:20:25,1900-01-00 00:00:00,Bilagg,7C:C3:85:9B:D5:E0,-75, WPA2  WPA ,0.000000,0.000000,0.000,0.000,AP
2026-05-20 09:20:25,1900-01-00 00:00:00,Bilagg,7C:C3:85:9B:D5:E0,-69, WPA2  WPA ,0.000000,0.000000,0.000,0.000,AP
2026-05-20 09:20:25,1900-01-00 00:00:00,Bilagg,7C:C3:85:9B:D5:E0,-73, WPA2  WPA ,0.000000,0.000000,0.000,0.000,AP
2026-05-20 09:20:25,1900-01-00 00:00:00,Bilagg,7C:C3:85:9B:D5:E0,-73, WPA2  WPA ,0.000000,0.000000,0.000,0.000,AP
2026-05-20 09:20:25,1900-01-00 00:00:00,Bilagg,7C:C3:85:9B:D5:E0,-77, WPA2  WPA ,0.000000,0.000000,0.000,0.000,AP
2026-05-20 09:20:25,1900-01-00 00:00:00,Bilagg,7C:C3:85:9B:D5:E0,-69, WPA2  WPA ,0.000000,0.000000,0.000,0.000,AP
2026-05-20 09:20:26,1900-01-00 00:00:00,Bilagg,7C:C3:85:9B:D5:E0,-73, WPA2  WPA ,0.000000,0.000000,0.000,0.000,AP
2026-05-20 09:20:26,1900-01-00 00:00:00,Bilagg,7C:C3:85:9B:D5:E0,-75, WPA2  WPA ,0.000000,0.000000,0.000,0.000,AP
2026-05-20 09:20:26,1900-01-00 00:00:00,Bilagg,7C:C3:85:9B:D5:E0,-69, WPA2  WPA ,0.000000,0.000000,0.000,0.000,AP
2026-05-20 09:20:26,1900-01-00 00:00:00,Bilagg,7C:C3:85:9B:D5:E0,-69, WPA2  WPA ,0.000000,0.000000,0.000,0.000,AP
2026-05-20 09:20:26,1900-01-00 00:00:00,Bilagg,7C:C3:85:9B:D5:E0,-77, WPA2  WPA ,0.000000,0.000000,0.000,0.000,AP
2026-05-20 09:20:26,1900-01-00 00:00:00,Bilagg,7C:C3:85:9B:D5:E0,-71, WPA2  WPA ,0.000000,0.000000,0.000,0.000,AP
2026-05-20 09:20:26,1900-01-00 00:00:00,Bilagg,7C:C3:85:9B:D5:E0,-75, WPA2  WPA ,0.000000,0.000000,0.000,0.000,AP
2026-05-20 09:20:26,1900-01-00 00:00:00,Bilagg,7C:C3:85:9B:D5:E0,-69, WPA2  WPA ,0.000000,0.000000,0.000,0.000,AP
2026-05-20 09:20:27,1900-01-00 00:00:00,Bilagg,7C:C3:85:9B:D5:E0,-77, WPA2  WPA ,0.000000,0.000000,0.000,0.000,AP
2026-05-20 09:20:27,1900-01-00 00:00:00,Bilagg,7C:C3:85:9B:D5:E0,-75, WPA2  WPA ,0.000000,0.000000,0.000,0.000,AP
2026-05-20 09:20:27,1900-01-00 00:00:00,Bilagg,7C:C3:85:9B:D5:E0,-91, WPA2  WPA ,0.000000,0.000000,0.000,0.000,AP
2026-05-20 09:20:27,1900-01-00 00:00:00,Bilagg,7C:C3:85:9B:D5:E0,-69, WPA2  WPA ,0.000000,0.000000,0.000,0.000,AP
2026-05-20 09:20:27,1900-01-00 00:00:00,Bilagg,7C:C3:85:9B:D5:E0,-79, WPA2  WPA ,0.000000,0.000000,0.000,0.000,AP
2026-05-20 09:20:27,1900-01-00 00:00:00,Bilagg,7C:C3:85:9B:D5:E0,-71, WPA2  WPA ,0.000000,0.000000,0.000,0.000,AP
2026-05-20 09:20:27,1900-01-00 00:00:00,Bilagg,7C:C3:85:9B:D5:E0,-77, WPA2  WPA ,0.000000,0.000000,0.000,0.000,AP
2026-05-20 09:20:27,1900-01-00 00:00:00,Bilagg,7C:C3:85:9B:D5:E0,-75, WPA2  WPA ,0.000000,0.000000,0.000,0.000,AP
2026-05-20 09:20:28,1900-01-00 00:00:00,Bilagg,7C:C3:85:9B:D5:E0,-77, WPA2  WPA ,0.000000,0.000000,0.000,0.000,AP
2026-05-20 09:20:28,1900-01-00 00:00:00,Bilagg,7C:C3:85:9B:D5:E0,-91, WPA2  WPA ,0.000000,0.000000,0.000,0.000,AP
2026-05-20 09:20:28,1900-01-00 00:00:00,Bilagg,7C:C3:85:9B:D5:E0,-75, WPA2  WPA ,0.000000,0.000000,0.000,0.000,AP
2026-05-20 09:20:28,1900-01-00 00:00:00,Bilagg,7C:C3:85:9B:D5:E0,-75, WPA2  WPA ,0.000000,0.000000,0.000,0.000,AP
2026-05-20 09:20:28,1900-01-00 00:00:00,Bilagg,7C:C3:85:9B:D5:E0,-75, WPA2  WPA ,0.000000,0.000000,0.000,0.000,AP
2026-05-20 09:20:28,1900-01-00 00:00:00,Bilagg,7C:C3:85:9B:D5:E0,-81, WPA2  WPA ,0.000000,0.000000,0.000,0.000,AP
2026-05-20 09:20:28,1900-01-00 00:00:00,Bilagg,7C:C3:85:9B:D5:E0,-67, WPA2  WPA ,0.000000,0.000000,0.000,0.000,AP
2026-05-20 09:20:29,1900-01-00 00:00:00,Bilagg,7C:C3:85:9B:D5:E0,-77, WPA2  WPA ,0.000000,0.000000,0.000,0.000,AP
2026-05-20 09:20:29,1900-01-00 00:00:00,Bilagg,7C:C3:85:9B:D5:E0,-75, WPA2  WPA ,0.000000,0.000000,0.000,0.000,AP
2026-05-20 09:20:29,1900-01-00 00:00:00,Bilagg,7C:C3:85:9B:D5:E0,-71, WPA2  WPA ,0.000000,0.000000,0.000,0.000,AP
2026-05-20 09:20:29,1900-01-00 00:00:00,Bilagg,7C:C3:85:9B:D5:E0,-69, WPA2  WPA ,0.000000,0.000000,0.000,0.000,AP
2026-05-20 09:20:29,1900-01-00 00:00:00,Bilagg,7C:C3:85:9B:D5:E0,-77, WPA2  WPA ,0.000000,0.000000,0.000,0.000,AP
2026-05-20 09:20:30,1900-01-00 00:00:00,Bilagg,7C:C3:85:9B:D5:E0,-75, WPA2  WPA ,0.000000,0.000000,0.000,0.000,AP
2026-05-20 09:20:30,1900-01-00 00:00:00,Bilagg,7C:C3:85:9B:D5:E0,-75, WPA2  WPA ,0.000000,0.000000,0.000,0.000,AP
2026-05-20 09:20:30,1900-01-00 00:00:00,Bilagg,7C:C3:85:9B:D5:E0,-71, WPA2  WPA ,0.000000,0.000000,0.000,0.000,AP
2026-05-20 09:20:30,1900-01-00 00:00:00,Bilagg,7C:C3:85:9B:D5:E0,-93, WPA2  WPA ,0.000000,0.000000,0.000,0.000,AP
2026-05-20 09:20:30,1900-01-00 00:00:00,Bilagg,7C:C3:85:9B:D5:E0,-71, WPA2  WPA ,0.000000,0.000000,0.000,0.000,AP
2026-05-20 09:20:30,1900-01-00 00:00:00,Bilagg,7C:C3:85:9B:D5:E0,-77, WPA2  WPA ,0.000000,0.000000,0.000,0.000,AP
2026-05-20 09:20:31,1900-01-00 00:00:00,Bilagg,7C:C3:85:9B:D5:E0,-71, WPA2  WPA ,0.000000,0.000000,0.000,0.000,AP
2026-05-20 09:20:31,1900-01-00 00:00:00,Bilagg,7C:C3:85:9B:D5:E0,-67, WPA2  WPA ,0.000000,0.000000,0.000,0.000,AP
2026-05-20 09:20:31,1900-01-00 00:00:00,Bilagg,7C:C3:85:9B:D5:E0,-69, WPA2  WPA ,0.000000,0.000000,0.000,0.000,AP
2026-05-20 09:20:31,1900-01-00 00:00:00,Bilagg,7C:C3:85:9B:D5:E0,-77, WPA2  WPA ,0.000000,0.000000,0.000,0.000,AP
2026-05-20 09:20:31,1900-01-00 00:00:00,Bilagg,7C:C3:85:9B:D5:E0,-69, WPA2  WPA ,0.000000,0.000000,0.000,0.000,AP
2026-05-20 09:20:31,1900-01-00 00:00:00,Bilagg,7C:C3:85:9B:D5:E0,-77, WPA2  WPA ,0.000000,0.000000,0.000,0.000,AP
2026-05-20 09:20:32,1900-01-00 00:00:00,Bilagg,7C:C3:85:9B:D5:E0,-63, WPA2  WPA ,0.000000,0.000000,0.000,0.000,AP
2026-05-20 09:20:32,1900-01-00 00:00:00,Bilagg,7C:C3:85:9B:D5:E0,-91, WPA2  WPA ,0.000000,0.000000,0.000,0.000,AP
2026-05-20 09:20:32,1900-01-00 00:00:00,Bilagg,7C:C3:85:9B:D5:E0,-71, WPA2  WPA ,0.000000,0.000000,0.000,0.000,AP
2026-05-20 09:20:32,1900-01-00 00:00:00,Bilagg,7C:C3:85:9B:D5:E0,-73, WPA2  WPA ,0.000000,0.000000,0.000,0.000,AP
2026-05-20 09:20:32,1900-01-00 00:00:00,Bilagg,7C:C3:85:9B:D5:E0,-71, WPA2  WPA ,0.000000,0.000000,0.000,0.000,AP
2026-05-20 09:20:32,1900-01-00 00:00:00,Bilagg,7C:C3:85:9B:D5:E0,-77, WPA2  WPA ,0.000000,0.000000,0.000,0.000,AP
2026-05-20 09:20:32,1900-01-00 00:00:00,Bilagg,7C:C3:85:9B:D5:E0,-71, WPA2  WPA ,0.000000,0.000000,0.000,0.000,AP
2026-05-20 09:20:32,1900-01-00 00:00:00,Bilagg,7C:C3:85:9B:D5:E0,-75, WPA2  WPA ,0.000000,0.000000,0.000,0.000,AP
2026-05-20 09:20:32,1900-01-00 00:00:00,Bilagg,7C:C3:85:9B:D5:E0,-79, WPA2  WPA ,0.000000,0.000000,0.000,0.000,AP
2026-05-20 09:20:33,1900-01-00 00:00:00,Bilagg,7C:C3:85:9B:D5:E0,-67, WPA2  WPA ,0.000000,0.000000,0.000,0.000,AP
2026-05-20 09:20:33,1900-01-00 00:00:00,Bilagg,7C:C3:85:9B:D5:E0,-69, WPA2  WPA ,0.000000,0.000000,0.000,0.000,AP
2026-05-20 09:20:33,1900-01-00 00:00:00,Bilagg,7C:C3:85:9B:D5:E0,-69, WPA2  WPA ,0.000000,0.000000,0.000,0.000,AP
2026-05-20 09:20:33,1900-01-00 00:00:00,Bilagg,7C:C3:85:9B:D5:E0,-75, WPA2  WPA ,0.000000,0.000000,0.000,0.000,AP
2026-05-20 09:20:33,1900-01-00 00:00:00,Bilagg,7C:C3:85:9B:D5:E0,-77, WPA2  WPA ,0.000000,0.000000,0.000,0.000,AP
2026-05-20 09:20:33,1900-01-00 00:00:00,Bilagg,7C:C3:85:9B:D5:E0,-69, WPA2  WPA ,0.000000,0.000000,0.000,0.000,AP
2026-05-20 09:20:34,1900-01-00 00:00:00,Bilagg,7C:C3:85:9B:D5:E0,-75, WPA2  WPA ,0.000000,0.000000,0.000,0.000,AP
2026-05-20 09:20:34,1900-01-00 00:00:00,Bilagg,7C:C3:85:9B:D5:E0,-75, WPA2  WPA ,0.000000,0.000000,0.000,0.000,AP
2026-05-20 09:20:34,1900-01-00 00:00:00,Bilagg,7C:C3:85:9B:D5:E0,-75, WPA2  WPA ,0.000000,0.000000,0.000,0.000,AP
2026-05-20 09:20:34,1900-01-00 00:00:00,Bilagg,7C:C3:85:9B:D5:E0,-73, WPA2  WPA ,0.000000,0.000000,0.000,0.000,AP
2026-05-20 09:20:34,1900-01-00 00:00:00,Bilagg,7C:C3:85:9B:D5:E0,-75, WPA2  WPA ,0.000000,0.000000,0.000,0.000,AP
2026-05-20 09:20:34,1900-01-00 00:00:00,Bilagg,7C:C3:85:9B:D5:E0,-75, WPA2  WPA ,0.000000,0.000000,0.000,0.000,AP
2026-05-20 09:20:34,1900-01-00 00:00:00,Bilagg,7C:C3:85:9B:D5:E0,-75, WPA2  WPA ,0.000000,0.000000,0.000,0.000,AP
2026-05-20 09:20:34,1900-01-00 00:00:00,Bilagg,7C:C3:85:9B:D5:E0,-69, WPA2  WPA ,0.000000,0.000000,0.000,0.000,AP
2026-05-20 09:20:34,1900-01-00 00:00:00,Bilagg,7C:C3:85:9B:D5:E0,-67, WPA2  WPA ,0.000000,0.000000,0.000,0.000,AP
2026-05-20 09:20:34,1900-01-00 00:00:00,Bilagg,7C:C3:85:9B:D5:E0,-71, WPA2  WPA ,0.000000,0.000000,0.000,0.000,AP
2026-05-20 09:20:34,1900-01-00 00:00:00,Bilagg,7C:C3:85:9B:D5:E0,-67, WPA2  WPA ,0.000000,0.000000,0.000,0.000,AP
2026-05-20 09:20:34,1900-01-00 00:00:00,Bilagg,7C:C3:85:9B:D5:E0,-71, WPA2  WPA ,0.000000,0.000000,0.000,0.000,AP
2026-05-20 09:20:34,1900-01-00 00:00:00,Bilagg,7C:C3:85:9B:D5:E0,-63, WPA2  WPA ,0.000000,0.000000,0.000,0.000,AP
2026-05-20 09:20:34,1900-01-00 00:00:00,Bilagg,7C:C3:85:9B:D5:E0,-75, WPA2  WPA ,0.000000,0.000000,0.000,0.000,AP
2026-05-20 09:20:34,1900-01-00 00:00:00,Bilagg,7C:C3:85:9B:D5:E0,-71, WPA2  WPA ,0.000000,0.000000,0.000,0.000,AP
2026-05-20 09:20:34,1900-01-00 00:00:00,Bilagg,7C:C3:85:9B:D5:E0,-63, WPA2  WPA ,0.000000,0.000000,0.000,0.000,AP
2026-05-20 09:20:34,1900-01-00 00:00:00,Bilagg,7C:C3:85:9B:D5:E0,-71, WPA2  WPA ,0.000000,0.000000,0.000,0.000,AP
2026-05-20 09:20:35,1900-01-00 00:00:00,Bilagg,7C:C3:85:9B:D5:E0,-77, WPA2  WPA ,0.000000,0.000000,0.000,0.000,AP
2026-05-20 09:20:35,1900-01-00 00:00:00,Bilagg,7C:C3:85:9B:D5:E0,-71, WPA2  WPA ,0.000000,0.000000,0.000,0.000,AP
2026-05-20 09:20:35,1900-01-00 00:00:00,Bilagg,7C:C3:85:9B:D5:E0,-77, WPA2  WPA ,0.000000,0.000000,0.000,0.000,AP
2026-05-20 09:20:35,1900-01-00 00:00:00,Bilagg,7C:C3:85:9B:D5:E0,-69, WPA2  WPA ,0.000000,0.000000,0.000,0.000,AP
2026-05-20 09:20:35,1900-01-00 00:00:00,Bilagg,7C:C3:85:9B:D5:E0,-77, WPA2  WPA ,0.000000,0.000000,0.000,0.000,AP
2026-05-20 09:20:35,1900-01-00 00:00:00,Bilagg,7C:C3:85:9B:D5:E0,-67, WPA2  WPA ,0.000000,0.000000,0.000,0.000,AP
2026-05-20 09:20:35,1900-01-00 00:00:00,Bilagg,7C:C3:85:9B:D5:E0,-69, WPA2  WPA ,0.000000,0.000000,0.000,0.000,AP
2026-05-20 09:20:35,1900-01-00 00:00:00,Bilagg,7C:C3:85:9B:D5:E0,-69, WPA2  WPA ,0.000000,0.000000,0.000,0.000,AP
2026-05-20 09:20:35,1900-01-00 00:00:00,Bilagg,7C:C3:85:9B:D5:E0,-69, WPA2  WPA ,0.000000,0.000000,0.000,0.000,AP
2026-05-20 09:20:36,1900-01-00 00:00:00,Bilagg,7C:C3:85:9B:D5:E0,-75, WPA2  WPA ,0.000000,0.000000,0.000,0.000,AP
2026-05-20 09:20:36,1900-01-00 00:00:00,Bilagg,7C:C3:85:9B:D5:E0,-67, WPA2  WPA ,0.000000,0.000000,0.000,0.000,AP
2026-05-20 09:20:36,1900-01-00 00:00:00,Bilagg,7C:C3:85:9B:D5:E0,-69, WPA2  WPA ,0.000000,0.000000,0.000,0.000,AP
2026-05-20 09:20:36,1900-01-00 00:00:00,Bilagg,7C:C3:85:9B:D5:E0,-69, WPA2  WPA ,0.000000,0.000000,0.000,0.000,AP
2026-05-20 09:20:36,1900-01-00 00:00:00,Bilagg,7C:C3:85:9B:D5:E0,-69, WPA2  WPA ,0.000000,0.000000,0.000,0.000,AP
2026-05-20 09:20:36,1900-01-00 00:00:00,Bilagg,7C:C3:85:9B:D5:E0,-75, WPA2  WPA ,0.000000,0.000000,0.000,0.000,AP
2026-05-20 09:20:36,1900-01-00 00:00:00,Bilagg,7C:C3:85:9B:D5:E0,-69, WPA2  WPA ,0.000000,0.000000,0.000,0.000,AP
2026-05-20 09:20:37,1900-01-00 00:00:00,Bilagg,7C:C3:85:9B:D5:E0,-73, WPA2  WPA ,0.000000,0.000000,0.000,0.000,AP
2026-05-20 09:20:37,1900-01-00 00:00:00,Bilagg,7C:C3:85:9B:D5:E0,-69, WPA2  WPA ,0.000000,0.000000,0.000,0.000,AP
2026-05-20 09:20:37,1900-01-00 00:00:00,Bilagg,7C:C3:85:9B:D5:E0,-69, WPA2  WPA ,0.000000,0.000000,0.000,0.000,AP
2026-05-20 09:20:37,1900-01-00 00:00:00,Bilagg,7C:C3:85:9B:D5:E0,-75, WPA2  WPA ,0.000000,0.000000,0.000,0.000,AP
2026-05-20 09:20:37,1900-01-00 00:00:00,Bilagg,7C:C3:85:9B:D5:E0,-69, WPA2  WPA ,0.000000,0.000000,0.000,0.000,AP
2026-05-20 09:20:37,1900-01-00 00:00:00,Bilagg,7C:C3:85:9B:D5:E0,-69, WPA2  WPA ,0.000000,0.000000,0.000,0.000,AP
2026-05-20 09:20:37,1900-01-00 00:00:00,Bilagg,7C:C3:85:9B:D5:E0,-79, WPA2  WPA ,0.000000,0.000000,0.000,0.000,AP
2026-05-20 09:20:37,1900-01-00 00:00:00,Bilagg,7C:C3:85:9B:D5:E0,-65, WPA2  WPA ,0.000000,0.000000,0.000,0.000,AP
2026-05-20 09:20:37,1900-01-00 00:00:00,Bilagg,7C:C3:85:9B:D5:E0,-69, WPA2  WPA ,0.000000,0.000000,0.000,0.000,AP
2026-05-20 09:20:37,1900-01-00 00:00:00,Bilagg,7C:C3:85:9B:D5:E0,-69, WPA2  WPA ,0.000000,0.000000,0.000,0.000,AP
2026-05-20 09:20:37,1900-01-00 00:00:00,Bilagg,7C:C3:85:9B:D5:E0,-69, WPA2  WPA ,0.000000,0.000000,0.000,0.000,AP
2026-05-20 09:20:37,1900-01-00 00:00:00,Bilagg,7C:C3:85:9B:D5:E0,-69, WPA2  WPA ,0.000000,0.000000,0.000,0.000,AP
2026-05-20 09:20:38,1900-01-00 00:00:00,Bilagg,7C:C3:85:9B:D5:E0,-77, WPA2  WPA ,0.000000,0.000000,0.000,0.000,AP
2026-05-20 09:20:38,1900-01-00 00:00:00,Bilagg,7C:C3:85:9B:D5:E0,-71, WPA2  WPA ,0.000000,0.000000,0.000,0.000,AP
2026-05-20 09:20:38,1900-01-00 00:00:00,Bilagg,7C:C3:85:9B:D5:E0,-69, WPA2  WPA ,0.000000,0.000000,0.000,0.000,AP
2026-05-20 09:20:38,1900-01-00 00:00:00,Bilagg,7C:C3:85:9B:D5:E0,-71, WPA2  WPA ,0.000000,0.000000,0.000,0.000,AP
2026-05-20 09:20:38,1900-01-00 00:00:00,Bilagg,7C:C3:85:9B:D5:E0,-69, WPA2  WPA ,0.000000,0.000000,0.000,0.000,AP
2026-05-20 09:20:38,1900-01-00 00:00:00,Bilagg,7C:C3:85:9B:D5:E0,-67, WPA2  WPA ,0.000000,0.000000,0.000,0.000,AP
2026-05-20 09:20:38,1900-01-00 00:00:00,Bilagg,7C:C3:85:9B:D5:E0,-77, WPA2  WPA ,0.000000,0.000000,0.000,0.000,AP
2026-05-20 09:20:39,1900-01-00 00:00:00,Bilagg,7C:C3:85:9B:D5:E0,-75, WPA2  WPA ,0.000000,0.000000,0.000,0.000,AP
2026-05-20 09:20:39,1900-01-00 00:00:00,Bilagg,7C:C3:85:9B:D5:E0,-65, WPA2  WPA ,0.000000,0.000000,0.000,0.000,AP
2026-05-20 09:20:39,1900-01-00 00:00:00,Bilagg,7C:C3:85:9B:D5:E0,-73, WPA2  WPA ,0.000000,0.000000,0.000,0.000,AP
2026-05-20 09:20:39,1900-01-00 00:00:00,Bilagg,7C:C3:85:9B:D5:E0,-75, WPA2  WPA ,0.000000,0.000000,0.000,0.000,AP
2026-05-20 09:20:39,1900-01-00 00:00:00,Bilagg,7C:C3:85:9B:D5:E0,-69, WPA2  WPA ,0.000000,0.000000,0.000,0.000,AP
2026-05-20 09:20:39,1900-01-00 00:00:00,Bilagg,7C:C3:85:9B:D5:E0,-71, WPA2  WPA ,0.000000,0.000000,0.000,0.000,AP
2026-05-20 09:20:39,1900-01-00 00:00:00,Bilagg,7C:C3:85:9B:D5:E0,-75, WPA2  WPA ,0.000000,0.000000,0.000,0.000,AP
2026-05-20 09:20:40,1900-01-00 00:00:00,Bilagg,7C:C3:85:9B:D5:E0,-69, WPA2  WPA ,0.000000,0.000000,0.000,0.000,AP
2026-05-20 09:20:40,1900-01-00 00:00:00,Bilagg,7C:C3:85:9B:D5:E0,-75, WPA2  WPA ,0.000000,0.000000,0.000,0.000,AP
2026-05-20 09:20:40,1900-01-00 00:00:00,Bilagg,7C:C3:85:9B:D5:E0,-91, WPA2  WPA ,0.000000,0.000000,0.000,0.000,AP
2026-05-20 09:20:40,1900-01-00 00:00:00,Bilagg,7C:C3:85:9B:D5:E0,-67, WPA2  WPA ,0.000000,0.000000,0.000,0.000,AP
2026-05-20 09:20:40,1900-01-00 00:00:00,Bilagg,7C:C3:85:9B:D5:E0,-69, WPA2  WPA ,0.000000,0.000000,0.000,0.000,AP
2026-05-20 09:20:40,1900-01-00 00:00:00,Bilagg,7C:C3:85:9B:D5:E0,-71, WPA2  WPA ,0.000000,0.000000,0.000,0.000,AP
2026-05-20 09:20:40,1900-01-00 00:00:00,Bilagg,7C:C3:85:9B:D5:E0,-69, WPA2  WPA ,0.000000,0.000000,0.000,0.000,AP
2026-05-20 09:20:40,1900-01-00 00:00:00,Bilagg,7C:C3:85:9B:D5:E0,-69, WPA2  WPA ,0.000000,0.000000,0.000,0.000,AP
2026-05-20 09:20:40,1900-01-00 00:00:00,Bilagg,7C:C3:85:9B:D5:E0,-93, WPA2  WPA ,0.000000,0.000000,0.000,0.000,AP
2026-05-20 09:20:40,1900-01-00 00:00:00,Bilagg,7C:C3:85:9B:D5:E0,-65, WPA2  WPA ,0.000000,0.000000,0.000,0.000,AP
2026-05-20 09:20:40,1900-01-00 00:00:00,Bilagg,7C:C3:85:9B:D5:E0,-71, WPA2  WPA ,0.000000,0.000000,0.000,0.000,AP
2026-05-20 09:20:41,1900-01-00 00:00:00,Bilagg,7C:C3:85:9B:D5:E0,-65, WPA2  WPA ,0.000000,0.000000,0.000,0.000,AP
2026-05-20 09:20:41,1900-01-00 00:00:00,Bilagg,7C:C3:85:9B:D5:E0,-93, WPA2  WPA ,0.000000,0.000000,0.000,0.000,AP
2026-05-20 09:20:41,1900-01-00 00:00:00,Bilagg,7C:C3:85:9B:D5:E0,-69, WPA2  WPA ,0.000000,0.000000,0.000,0.000,AP
2026-05-20 09:20:41,1900-01-00 00:00:00,Bilagg,7C:C3:85:9B:D5:E0,-75, WPA2  WPA ,0.000000,0.000000,0.000,0.000,AP
2026-05-20 09:20:41,1900-01-00 00:00:00,Bilagg,7C:C3:85:9B:D5:E0,-71, WPA2  WPA ,0.000000,0.000000,0.000,0.000,AP
2026-05-20 09:20:41,1900-01-00 00:00:00,Bilagg,7C:C3:85:9B:D5:E0,-93, WPA2  WPA ,0.000000,0.000000,0.000,0.000,AP
2026-05-20 09:20:41,1900-01-00 00:00:00,Bilagg,7C:C3:85:9B:D5:E0,-69, WPA2  WPA ,0.000000,0.000000,0.000,0.000,AP
2026-05-20 09:20:42,1900-01-00 00:00:00,Bilagg,7C:C3:85:9B:D5:E0,-77, WPA2  WPA ,0.000000,0.000000,0.000,0.000,AP
2026-05-20 09:20:42,1900-01-00 00:00:00,Bilagg,7C:C3:85:9B:D5:E0,-69, WPA2  WPA ,0.000000,0.000000,0.000,0.000,AP
2026-05-20 09:20:42,1900-01-00 00:00:00,Bilagg,7C:C3:85:9B:D5:E0,-77, WPA2  WPA ,0.000000,0.000000,0.000,0.000,AP
2026-05-20 09:20:42,1900-01-00 00:00:00,Bilagg,7C:C3:85:9B:D5:E0,-67, WPA2  WPA ,0.000000,0.000000,0.000,0.000,AP
2026-05-20 09:20:42,1900-01-00 00:00:00,Bilagg,7C:C3:85:9B:D5:E0,-65, WPA2  WPA ,0.000000,0.000000,0.000,0.000,AP
2026-05-20 09:20:42,1900-01-00 00:00:00,Bilagg,7C:C3:85:9B:D5:E0,-65, WPA2  WPA ,0.000000,0.000000,0.000,0.000,AP
2026-05-20 09:20:43,1900-01-00 00:00:00,Bilagg,7C:C3:85:9B:D5:E0,-75, WPA2  WPA ,0.000000,0.000000,0.000,0.000,AP
2026-05-20 09:20:43,1900-01-00 00:00:00,Bilagg,7C:C3:85:9B:D5:E0,-67, WPA2  WPA ,0.000000,0.000000,0.000,0.000,AP
2026-05-20 09:20:43,1900-01-00 00:00:00,Bilagg,7C:C3:85:9B:D5:E0,-67, WPA2  WPA ,0.000000,0.000000,0.000,0.000,AP
2026-05-20 09:20:43,1900-01-00 00:00:00,Bilagg,7C:C3:85:9B:D5:E0,-67, WPA2  WPA ,0.000000,0.000000,0.000,0.000,AP
2026-05-20 09:20:43,1900-01-00 00:00:00,Bilagg,7C:C3:85:9B:D5:E0,-93, WPA2  WPA ,0.000000,0.000000,0.000,0.000,AP
2026-05-20 09:20:43,1900-01-00 00:00:00,Bilagg,7C:C3:85:9B:D5:E0,-65, WPA2  WPA ,0.000000,0.000000,0.000,0.000,AP
2026-05-20 09:20:44,1900-01-00 00:00:00,Bilagg,7C:C3:85:9B:D5:E0,-65, WPA2  WPA ,0.000000,0.000000,0.000,0.000,AP
2026-05-20 09:20:44,1900-01-00 00:00:00,Bilagg,7C:C3:85:9B:D5:E0,-69, WPA2  WPA ,0.000000,0.000000,0.000,0.000,AP
2026-05-20 09:20:44,1900-01-00 00:00:00,Bilagg,7C:C3:85:9B:D5:E0,-67, WPA2  WPA ,0.000000,0.000000,0.000,0.000,AP
2026-05-20 09:20:44,1900-01-00 00:00:00,Bilagg,7C:C3:85:9B:D5:E0,-77, WPA2  WPA ,0.000000,0.000000,0.000,0.000,AP
2026-05-20 09:20:45,1900-01-00 00:00:00,Bilagg,7C:C3:85:9B:D5:E0,-77, WPA2  WPA ,0.000000,0.000000,0.000,0.000,AP
2026-05-20 09:20:45,1900-01-00 00:00:00,Bilagg,7C:C3:85:9B:D5:E0,-75, WPA2  WPA ,0.000000,0.000000,0.000,0.000,AP
2026-05-20 09:20:45,1900-01-00 00:00:00,Bilagg,7C:C3:85:9B:D5:E0,-69, WPA2  WPA ,0.000000,0.000000,0.000,0.000,AP
2026-05-20 09:20:45,1900-01-00 00:00:00,Bilagg,7C:C3:85:9B:D5:E0,-69, WPA2  WPA ,0.000000,0.000000,0.000,0.000,AP
2026-05-20 09:20:45,1900-01-00 00:00:00,Bilagg,7C:C3:85:9B:D5:E0,-77, WPA2  WPA ,0.000000,0.000000,0.000,0.000,AP
2026-05-20 09:20:45,1900-01-00 00:00:00,Bilagg,7C:C3:85:9B:D5:E0,-75, WPA2  WPA ,0.000000,0.000000,0.000,0.000,AP
2026-05-20 09:20:46,1900-01-00 00:00:00,Bilagg,7C:C3:85:9B:D5:E0,-93, WPA2  WPA ,0.000000,0.000000,0.000,0.000,AP
2026-05-20 09:20:46,1900-01-00 00:00:00,Bilagg,7C:C3:85:9B:D5:E0,-69, WPA2  WPA ,0.000000,0.000000,0.000,0.000,AP
2026-05-20 09:20:46,1900-01-00 00:00:00,Bilagg,7C:C3:85:9B:D5:E0,-75, WPA2  WPA ,0.000000,0.000000,0.000,0.000,AP
2026-05-20 09:20:46,1900-01-00 00:00:00,Bilagg,7C:C3:85:9B:D5:E0,-73, WPA2  WPA ,0.000000,0.000000,0.000,0.000,AP
2026-05-20 09:20:46,1900-01-00 00:00:00,Bilagg,7C:C3:85:9B:D5:E0,-69, WPA2  WPA ,0.000000,0.000000,0.000,0.000,AP
2026-05-20 09:20:47,1900-01-00 00:00:00,Bilagg,7C:C3:85:9B:D5:E0,-71, WPA2  WPA ,0.000000,0.000000,0.000,0.000,AP
2026-05-20 09:20:47,1900-01-00 00:00:00,Bilagg,7C:C3:85:9B:D5:E0,-73, WPA2  WPA ,0.000000,0.000000,0.000,0.000,AP
2026-05-20 09:20:47,1900-01-00 00:00:00,Bilagg,7C:C3:85:9B:D5:E0,-75, WPA2  WPA ,0.000000,0.000000,0.000,0.000,AP
2026-05-20 09:20:47,1900-01-00 00:00:00,Bilagg,7C:C3:85:9B:D5:E0,-69, WPA2  WPA ,0.000000,0.000000,0.000,0.000,AP
2026-05-20 09:20:47,1900-01-00 00:00:00,Bilagg,7C:C3:85:9B:D5:E0,-71, WPA2  WPA ,0.000000,0.000000,0.000,0.000,AP
2026-05-20 09:20:47,1900-01-00 00:00:00,Bilagg,7C:C3:85:9B:D5:E0,-75, WPA2  WPA ,0.000000,0.000000,0.000,0.000,AP
2026-05-20 09:20:47,1900-01-00 00:00:00,Bilagg,7C:C3:85:9B:D5:E0,-69, WPA2  WPA ,0.000000,0.000000,0.000,0.000,AP
2026-05-20 09:20:48,1900-01-00 00:00:00,Bilagg,7C:C3:85:9B:D5:E0,-75, WPA2  WPA ,0.000000,0.000000,0.000,0.000,AP
2026-05-20 09:20:48,1900-01-00 00:00:00,Bilagg,7C:C3:85:9B:D5:E0,-69, WPA2  WPA ,0.000000,0.000000,0.000,0.000,AP
2026-05-20 09:20:48,1900-01-00 00:00:00,Bilagg,7C:C3:85:9B:D5:E0,-75, WPA2  WPA ,0.000000,0.000000,0.000,0.000,AP
2026-05-20 09:20:48,1900-01-00 00:00:00,Bilagg,7C:C3:85:9B:D5:E0,-73, WPA2  WPA ,0.000000,0.000000,0.000,0.000,AP
2026-05-20 09:20:48,1900-01-00 00:00:00,Bilagg,7C:C3:85:9B:D5:E0,-69, WPA2  WPA ,0.000000,0.000000,0.000,0.000,AP
2026-05-20 09:20:48,1900-01-00 00:00:00,Bilagg,7C:C3:85:9B:D5:E0,-93, WPA2  WPA ,0.000000,0.000000,0.000,0.000,AP
2026-05-20 09:20:48,1900-01-00 00:00:00,Bilagg,7C:C3:85:9B:D5:E0,-77, WPA2  WPA ,0.000000,0.000000,0.000,0.000,AP
2026-05-20 09:20:49,1900-01-00 00:00:00,Bilagg,7C:C3:85:9B:D5:E0,-69, WPA2  WPA ,0.000000,0.000000,0.000,0.000,AP
2026-05-20 09:20:49,1900-01-00 00:00:00,Bilagg,7C:C3:85:9B:D5:E0,-69, WPA2  WPA ,0.000000,0.000000,0.000,0.000,AP
2026-05-20 09:20:49,1900-01-00 00:00:00,Bilagg,7C:C3:85:9B:D5:E0,-65, WPA2  WPA ,0.000000,0.000000,0.000,0.000,AP
2026-05-20 09:20:49,1900-01-00 00:00:00,Bilagg,7C:C3:85:9B:D5:E0,-69, WPA2  WPA ,0.000000,0.000000,0.000,0.000,AP
2026-05-20 09:20:49,1900-01-00 00:00:00,Bilagg,7C:C3:85:9B:D5:E0,-75, WPA2  WPA ,0.000000,0.000000,0.000,0.000,AP
2026-05-20 09:20:49,1900-01-00 00:00:00,Bilagg,7C:C3:85:9B:D5:E0,-67, WPA2  WPA ,0.000000,0.000000,0.000,0.000,AP
2026-05-20 09:20:49,1900-01-00 00:00:00,Bilagg,7C:C3:85:9B:D5:E0,-67, WPA2  WPA ,0.000000,0.000000,0.000,0.000,AP
2026-05-20 09:20:49,1900-01-00 00:00:00,Bilagg,7C:C3:85:9B:D5:E0,-67, WPA2  WPA ,0.000000,0.000000,0.000,0.000,AP
2026-05-20 09:20:49,1900-01-00 00:00:00,Bilagg,7C:C3:85:9B:D5:E0,-75, WPA2  WPA ,0.000000,0.000000,0.000,0.000,AP
2026-05-20 09:20:49,1900-01-00 00:00:00,Bilagg,7C:C3:85:9B:D5:E0,-67, WPA2  WPA ,0.000000,0.000000,0.000,0.000,AP
2026-05-20 09:20:49,1900-01-00 00:00:00,Bilagg,7C:C3:85:9B:D5:E0,-71, WPA2  WPA ,0.000000,0.000000,0.000,0.000,AP
2026-05-20 09:20:49,1900-01-00 00:00:00,Bilagg,7C:C3:85:9B:D5:E0,-67, WPA2  WPA ,0.000000,0.000000,0.000,0.000,AP
2026-05-20 09:20:50,1900-01-00 00:00:00,Bilagg,7C:C3:85:9B:D5:E0,-67, WPA2  WPA ,0.000000,0.000000,0.000,0.000,AP
2026-05-20 09:20:50,1900-01-00 00:00:00,Bilagg,7C:C3:85:9B:D5:E0,-75, WPA2  WPA ,0.000000,0.000000,0.000,0.000,AP
2026-05-20 09:20:50,1900-01-00 00:00:00,Bilagg,7C:C3:85:9B:D5:E0,-65, WPA2  WPA ,0.000000,0.000000,0.000,0.000,AP
2026-05-20 09:20:50,1900-01-00 00:00:00,Bilagg,7C:C3:85:9B:D5:E0,-71, WPA2  WPA ,0.000000,0.000000,0.000,0.000,AP
2026-05-20 09:20:50,1900-01-00 00:00:00,Bilagg,7C:C3:85:9B:D5:E0,-67, WPA2  WPA ,0.000000,0.000000,0.000,0.000,AP
2026-05-20 09:20:50,1900-01-00 00:00:00,Bilagg,7C:C3:85:9B:D5:E0,-73, WPA2  WPA ,0.000000,0.000000,0.000,0.000,AP
2026-05-20 09:20:50,1900-01-00 00:00:00,Bilagg,7C:C3:85:9B:D5:E0,-69, WPA2  WPA ,0.000000,0.000000,0.000,0.000,AP
2026-05-20 09:20:51,1900-01-00 00:00:00,Bilagg,7C:C3:85:9B:D5:E0,-67, WPA2  WPA ,0.000000,0.000000,0.000,0.000,AP
2026-05-20 09:20:51,1900-01-00 00:00:00,Bilagg,7C:C3:85:9B:D5:E0,-67, WPA2  WPA ,0.000000,0.000000,0.000,0.000,AP
2026-05-20 09:20:51,1900-01-00 00:00:00,Bilagg,7C:C3:85:9B:D5:E0,-93, WPA2  WPA ,0.000000,0.000000,0.000,0.000,AP
2026-05-20 09:20:51,1900-01-00 00:00:00,Bilagg,7C:C3:85:9B:D5:E0,-69, WPA2  WPA ,0.000000,0.000000,0.000,0.000,AP
2026-05-20 09:20:51,1900-01-00 00:00:00,Bilagg,7C:C3:85:9B:D5:E0,-67, WPA2  WPA ,0.000000,0.000000,0.000,0.000,AP
2026-05-20 09:20:51,1900-01-00 00:00:00,Bilagg,7C:C3:85:9B:D5:E0,-67, WPA2  WPA ,0.000000,0.000000,0.000,0.000,AP
2026-05-20 09:20:52,1900-01-00 00:00:00,Bilagg,7C:C3:85:9B:D5:E0,-71, WPA2  WPA ,0.000000,0.000000,0.000,0.000,AP
2026-05-20 09:20:52,1900-01-00 00:00:00,Bilagg,7C:C3:85:9B:D5:E0,-71, WPA2  WPA ,0.000000,0.000000,0.000,0.000,AP
2026-05-20 09:20:52,1900-01-00 00:00:00,Bilagg,7C:C3:85:9B:D5:E0,-67, WPA2  WPA ,0.000000,0.000000,0.000,0.000,AP
2026-05-20 09:20:53,1900-01-00 00:00:00,Bilagg,7C:C3:85:9B:D5:E0,-75, WPA2  WPA ,0.000000,0.000000,0.000,0.000,AP
2026-05-20 09:20:53,1900-01-00 00:00:00,Bilagg,7C:C3:85:9B:D5:E0,-69, WPA2  WPA ,0.000000,0.000000,0.000,0.000,AP
2026-05-20 09:20:53,1900-01-00 00:00:00,Bilagg,7C:C3:85:9B:D5:E0,-69, WPA2  WPA ,0.000000,0.000000,0.000,0.000,AP
2026-05-20 09:20:53,1900-01-00 00:00:00,Bilagg,7C:C3:85:9B:D5:E0,-69, WPA2  WPA ,0.000000,0.000000,0.000,0.000,AP
2026-05-20 09:20:53,1900-01-00 00:00:00,Bilagg,7C:C3:85:9B:D5:E0,-65, WPA2  WPA ,0.000000,0.000000,0.000,0.000,AP
2026-05-20 09:20:54,1900-01-00 00:00:00,Bilagg,7C:C3:85:9B:D5:E0,-65, WPA2  WPA ,0.000000,0.000000,0.000,0.000,AP
2026-05-20 09:20:54,1900-01-00 00:00:00,Bilagg,7C:C3:85:9B:D5:E0,-79, WPA2  WPA ,0.000000,0.000000,0.000,0.000,AP
2026-05-20 09:20:54,1900-01-00 00:00:00,Bilagg,7C:C3:85:9B:D5:E0,-71, WPA2  WPA ,0.000000,0.000000,0.000,0.000,AP
2026-05-20 09:20:54,1900-01-00 00:00:00,Bilagg,7C:C3:85:9B:D5:E0,-67, WPA2  WPA ,0.000000,0.000000,0.000,0.000,AP
2026-05-20 09:20:55,1900-01-00 00:00:00,Bilagg,7C:C3:85:9B:D5:E0,-69, WPA2  WPA ,0.000000,0.000000,0.000,0.000,AP
2026-05-20 09:20:55,1900-01-00 00:00:00,Bilagg,7C:C3:85:9B:D5:E0,-69, WPA2  WPA ,0.000000,0.000000,0.000,0.000,AP
2026-05-20 09:20:55,1900-01-00 00:00:00,Bilagg,7C:C3:85:9B:D5:E0,-93, WPA2  WPA ,0.000000,0.000000,0.000,0.000,AP
2026-05-20 09:20:55,1900-01-00 00:00:00,Bilagg,7C:C3:85:9B:D5:E0,-69, WPA2  WPA ,0.000000,0.000000,0.000,0.000,AP
2026-05-20 09:20:55,1900-01-00 00:00:00,Bilagg,7C:C3:85:9B:D5:E0,-69, WPA2  WPA ,0.000000,0.000000,0.000,0.000,AP
2026-05-20 09:20:56,1900-01-00 00:00:00,Bilagg,7C:C3:85:9B:D5:E0,-69, WPA2  WPA ,0.000000,0.000000,0.000,0.000,AP
2026-05-20 09:20:56,1900-01-00 00:00:00,Bilagg,7C:C3:85:9B:D5:E0,-77, WPA2  WPA ,0.000000,0.000000,0.000,0.000,AP
2026-05-20 09:20:56,1900-01-00 00:00:00,Bilagg,7C:C3:85:9B:D5:E0,-69, WPA2  WPA ,0.000000,0.000000,0.000,0.000,AP
2026-05-20 09:20:56,1900-01-00 00:00:00,Bilagg,7C:C3:85:9B:D5:E0,-77, WPA2  WPA ,0.000000,0.000000,0.000,0.000,AP
2026-05-20 09:20:56,1900-01-00 00:00:00,Bilagg,7C:C3:85:9B:D5:E0,-67, WPA2  WPA ,0.000000,0.000000,0.000,0.000,AP
2026-05-20 09:20:56,1900-01-00 00:00:00,Bilagg,7C:C3:85:9B:D5:E0,-65, WPA2  WPA ,0.000000,0.000000,0.000,0.000,AP
2026-05-20 09:20:56,1900-01-00 00:00:00,Bilagg,7C:C3:85:9B:D5:E0,-69, WPA2  WPA ,0.000000,0.000000,0.000,0.000,AP
2026-05-20 09:20:56,1900-01-00 00:00:00,Bilagg,7C:C3:85:9B:D5:E0,-79, WPA2  WPA ,0.000000,0.000000,0.000,0.000,AP
2026-05-20 09:20:57,1900-01-00 00:00:00,Bilagg,7C:C3:85:9B:D5:E0,-67, WPA2  WPA ,0.000000,0.000000,0.000,0.000,AP
2026-05-20 09:20:57,1900-01-00 00:00:00,Bilagg,7C:C3:85:9B:D5:E0,-81, WPA2  WPA ,0.000000,0.000000,0.000,0.000,AP
2026-05-20 09:20:57,1900-01-00 00:00:00,Bilagg,7C:C3:85:9B:D5:E0,-69, WPA2  WPA ,0.000000,0.000000,0.000,0.000,AP
2026-05-20 09:20:57,1900-01-00 00:00:00,Bilagg,7C:C3:85:9B:D5:E0,-77, WPA2  WPA ,0.000000,0.000000,0.000,0.000,AP
2026-05-20 09:20:57,1900-01-00 00:00:00,Bilagg,7C:C3:85:9B:D5:E0,-81, WPA2  WPA ,0.000000,0.000000,0.000,0.000,AP
2026-05-20 09:20:57,1900-01-00 00:00:00,Bilagg,7C:C3:85:9B:D5:E0,-67, WPA2  WPA ,0.000000,0.000000,0.000,0.000,AP
2026-05-20 09:20:57,1900-01-00 00:00:00,Bilagg,7C:C3:85:9B:D5:E0,-77, WPA2  WPA ,0.000000,0.000000,0.000,0.000,AP
2026-05-20 09:20:58,1900-01-00 00:00:00,Bilagg,7C:C3:85:9B:D5:E0,-67, WPA2  WPA ,0.000000,0.000000,0.000,0.000,AP
2026-05-20 09:20:58,1900-01-00 00:00:00,Bilagg,7C:C3:85:9B:D5:E0,-69, WPA2  WPA ,0.000000,0.000000,0.000,0.000,AP
2026-05-20 09:20:58,1900-01-00 00:00:00,Bilagg,7C:C3:85:9B:D5:E0,-71, WPA2  WPA ,0.000000,0.000000,0.000,0.000,AP
2026-05-20 09:20:58,1900-01-00 00:00:00,Bilagg,7C:C3:85:9B:D5:E0,-67, WPA2  WPA ,0.000000,0.000000,0.000,0.000,AP
2026-05-20 09:20:58,1900-01-00 00:00:00,Bilagg,7C:C3:85:9B:D5:E0,-69, WPA2  WPA ,0.000000,0.000000,0.000,0.000,AP
2026-05-20 09:20:58,1900-01-00 00:00:00,Bilagg,7C:C3:85:9B:D5:E0,-69, WPA2  WPA ,0.000000,0.000000,0.000,0.000,AP
2026-05-20 09:20:58,1900-01-00 00:00:00,Bilagg,7C:C3:85:9B:D5:E0,-69, WPA2  WPA ,0.000000,0.000000,0.000,0.000,AP
2026-05-20 09:20:58,1900-01-00 00:00:00,Bilagg,7C:C3:85:9B:D5:E0,-73, WPA2  WPA ,0.000000,0.000000,0.000,0.000,AP
2026-05-20 09:20:59,1900-01-00 00:00:00,Bilagg,7C:C3:85:9B:D5:E0,-69, WPA2  WPA ,0.000000,0.000000,0.000,0.000,AP
2026-05-20 09:20:59,1900-01-00 00:00:00,Bilagg,7C:C3:85:9B:D5:E0,-69, WPA2  WPA ,0.000000,0.000000,0.000,0.000,AP
2026-05-20 09:20:59,1900-01-00 00:00:00,Bilagg,7C:C3:85:9B:D5:E0,-69, WPA2  WPA ,0.000000,0.000000,0.000,0.000,AP
2026-05-20 09:20:59,1900-01-00 00:00:00,Bilagg,7C:C3:85:9B:D5:E0,-69, WPA2  WPA ,0.000000,0.000000,0.000,0.000,AP
2026-05-20 09:20:59,1900-01-00 00:00:00,Bilagg,7C:C3:85:9B:D5:E0,-75, WPA2  WPA ,0.000000,0.000000,0.000,0.000,AP
2026-05-20 09:20:59,1900-01-00 00:00:00,Bilagg,7C:C3:85:9B:D5:E0,-69, WPA2  WPA ,0.000000,0.000000,0.000,0.000,AP
2026-05-20 09:20:59,1900-01-00 00:00:00,Bilagg,7C:C3:85:9B:D5:E0,-77, WPA2  WPA ,0.000000,0.000000,0.000,0.000,AP
2026-05-20 09:20:59,1900-01-00 00:00:00,Bilagg,7C:C3:85:9B:D5:E0,-71, WPA2  WPA ,0.000000,0.000000,0.000,0.000,AP
2026-05-20 09:21:00,1900-01-00 00:00:00,Bilagg,7C:C3:85:9B:D5:E0,-75, WPA2  WPA ,0.000000,0.000000,0.000,0.000,AP
2026-05-20 09:21:00,1900-01-00 00:00:00,Bilagg,7C:C3:85:9B:D5:E0,-69, WPA2  WPA ,0.000000,0.000000,0.000,0.000,AP
2026-05-20 09:21:00,1900-01-00 00:00:00,Bilagg,7C:C3:85:9B:D5:E0,-77, WPA2  WPA ,0.000000,0.000000,0.000,0.000,AP
2026-05-20 09:21:00,1900-01-00 00:00:00,Bilagg,7C:C3:85:9B:D5:E0,-69, WPA2  WPA ,0.000000,0.000000,0.000,0.000,AP
2026-05-20 09:21:00,1900-01-00 00:00:00,Bilagg,7C:C3:85:9B:D5:E0,-69, WPA2  WPA ,0.000000,0.000000,0.000,0.000,AP
2026-05-20 09:21:01,1900-01-00 00:00:00,Bilagg,7C:C3:85:9B:D5:E0,-69, WPA2  WPA ,0.000000,0.000000,0.000,0.000,AP
2026-05-20 09:21:01,1900-01-00 00:00:00,Bilagg,7C:C3:85:9B:D5:E0,-69, WPA2  WPA ,0.000000,0.000000,0.000,0.000,AP
2026-05-20 09:21:01,1900-01-00 00:00:00,Bilagg,7C:C3:85:9B:D5:E0,-77, WPA2  WPA ,0.000000,0.000000,0.000,0.000,AP
2026-05-20 09:21:01,1900-01-00 00:00:00,Bilagg,7C:C3:85:9B:D5:E0,-69, WPA2  WPA ,0.000000,0.000000,0.000,0.000,AP
2026-05-20 09:21:02,1900-01-00 00:00:00,Bilagg,7C:C3:85:9B:D5:E0,-65, WPA2  WPA ,0.000000,0.000000,0.000,0.000,AP
2026-05-20 09:21:02,1900-01-00 00:00:00,Bilagg,7C:C3:85:9B:D5:E0,-69, WPA2  WPA ,0.000000,0.000000,0.000,0.000,AP
2026-05-20 09:21:02,1900-01-00 00:00:00,Bilagg,7C:C3:85:9B:D5:E0,-77, WPA2  WPA ,0.000000,0.000000,0.000,0.000,AP
2026-05-20 09:21:02,1900-01-00 00:00:00,Bilagg,7C:C3:85:9B:D5:E0,-69, WPA2  WPA ,0.000000,0.000000,0.000,0.000,AP
2026-05-20 09:21:02,1900-01-00 00:00:00,Bilagg,7C:C3:85:9B:D5:E0,-77, WPA2  WPA ,0.000000,0.000000,0.000,0.000,AP
2026-05-20 09:21:02,1900-01-00 00:00:00,Bilagg,7C:C3:85:9B:D5:E0,-87, WPA2  WPA ,0.000000,0.000000,0.000,0.000,AP
2026-05-20 09:21:02,1900-01-00 00:00:00,Bilagg,7C:C3:85:9B:D5:E0,-69, WPA2  WPA ,0.000000,0.000000,0.000,0.000,AP
2026-05-20 09:21:03,1900-01-00 00:00:00,Bilagg,7C:C3:85:9B:D5:E0,-79, WPA2  WPA ,0.000000,0.000000,0.000,0.000,AP
2026-05-20 09:21:03,1900-01-00 00:00:00,Bilagg,7C:C3:85:9B:D5:E0,-73, WPA2  WPA ,0.000000,0.000000,0.000,0.000,AP
2026-05-20 09:21:03,1900-01-00 00:00:00,Bilagg,7C:C3:85:9B:D5:E0,-91, WPA2  WPA ,0.000000,0.000000,0.000,0.000,AP
2026-05-20 09:21:03,1900-01-00 00:00:00,Bilagg,7C:C3:85:9B:D5:E0,-71, WPA2  WPA ,0.000000,0.000000,0.000,0.000,AP
2026-05-20 09:21:03,1900-01-00 00:00:00,Bilagg,7C:C3:85:9B:D5:E0,-71, WPA2  WPA ,0.000000,0.000000,0.000,0.000,AP
2026-05-20 09:21:03,1900-01-00 00:00:00,Bilagg,7C:C3:85:9B:D5:E0,-69, WPA2  WPA ,0.000000,0.000000,0.000,0.000,AP
2026-05-20 09:21:03,1900-01-00 00:00:00,Bilagg,7C:C3:85:9B:D5:E0,-69, WPA2  WPA ,0.000000,0.000000,0.000,0.000,AP
2026-05-20 09:21:03,1900-01-00 00:00:00,Bilagg,7C:C3:85:9B:D5:E0,-69, WPA2  WPA ,0.000000,0.000000,0.000,0.000,AP
2026-05-20 09:21:04,1900-01-00 00:00:00,Bilagg,7C:C3:85:9B:D5:E0,-69, WPA2  WPA ,0.000000,0.000000,0.000,0.000,AP
2026-05-20 09:21:04,1900-01-00 00:00:00,Bilagg,7C:C3:85:9B:D5:E0,-71, WPA2  WPA ,0.000000,0.000000,0.000,0.000,AP
2026-05-20 09:21:04,1900-01-00 00:00:00,Bilagg,7C:C3:85:9B:D5:E0,-67, WPA2  WPA ,0.000000,0.000000,0.000,0.000,AP
2026-05-20 09:21:04,1900-01-00 00:00:00,Bilagg,7C:C3:85:9B:D5:E0,-77, WPA2  WPA ,0.000000,0.000000,0.000,0.000,AP
2026-05-20 09:21:04,1900-01-00 00:00:00,Bilagg,7C:C3:85:9B:D5:E0,-69, WPA2  WPA ,0.000000,0.000000,0.000,0.000,AP
2026-05-20 09:21:04,1900-01-00 00:00:00,Bilagg,7C:C3:85:9B:D5:E0,-93, WPA2  WPA ,0.000000,0.000000,0.000,0.000,AP
2026-05-20 09:21:04,1900-01-00 00:00:00,Bilagg,7C:C3:85:9B:D5:E0,-69, WPA2  WPA ,0.000000,0.000000,0.000,0.000,AP
2026-05-20 09:21:04,1900-01-00 00:00:00,Bilagg,7C:C3:85:9B:D5:E0,-69, WPA2  WPA ,0.000000,0.000000,0.000,0.000,AP
2026-05-20 09:21:05,1900-01-00 00:00:00,Bilagg,7C:C3:85:9B:D5:E0,-93, WPA2  WPA ,0.000000,0.000000,0.000,0.000,AP
2026-05-20 09:21:05,1900-01-00 00:00:00,Bilagg,7C:C3:85:9B:D5:E0,-67, WPA2  WPA ,0.000000,0.000000,0.000,0.000,AP
2026-05-20 09:21:05,1900-01-00 00:00:00,Bilagg,7C:C3:85:9B:D5:E0,-67, WPA2  WPA ,0.000000,0.000000,0.000,0.000,AP
2026-05-20 09:21:05,1900-01-00 00:00:00,Bilagg,7C:C3:85:9B:D5:E0,-69, WPA2  WPA ,0.000000,0.000000,0.000,0.000,AP
2026-05-20 09:21:05,1900-01-00 00:00:00,Bilagg,7C:C3:85:9B:D5:E0,-69, WPA2  WPA ,0.000000,0.000000,0.000,0.000,AP
2026-05-20 09:21:05,1900-01-00 00:00:00,Bilagg,7C:C3:85:9B:D5:E0,-77, WPA2  WPA ,0.000000,0.000000,0.000,0.000,AP
2026-05-20 09:21:06,1900-01-00 00:00:00,Bilagg,7C:C3:85:9B:D5:E0,-71, WPA2  WPA ,0.000000,0.000000,0.000,0.000,AP
2026-05-20 09:21:06,1900-01-00 00:00:00,Bilagg,7C:C3:85:9B:D5:E0,-75, WPA2  WPA ,0.000000,0.000000,0.000,0.000,AP
2026-05-20 09:21:06,1900-01-00 00:00:00,Bilagg,7C:C3:85:9B:D5:E0,-69, WPA2  WPA ,0.000000,0.000000,0.000,0.000,AP
2026-05-20 09:21:06,1900-01-00 00:00:00,Bilagg,7C:C3:85:9B:D5:E0,-77, WPA2  WPA ,0.000000,0.000000,0.000,0.000,AP
2026-05-20 09:21:06,1900-01-00 00:00:00,Bilagg,7C:C3:85:9B:D5:E0,-69, WPA2  WPA ,0.000000,0.000000,0.000,0.000,AP
2026-05-20 09:21:06,1900-01-00 00:00:00,Bilagg,7C:C3:85:9B:D5:E0,-79, WPA2  WPA ,0.000000,0.000000,0.000,0.000,AP
2026-05-20 09:21:06,1900-01-00 00:00:00,Bilagg,7C:C3:85:9B:D5:E0,-65, WPA2  WPA ,0.000000,0.000000,0.000,0.000,AP
2026-05-20 09:21:06,1900-01-00 00:00:00,Bilagg,7C:C3:85:9B:D5:E0,-69, WPA2  WPA ,0.000000,0.000000,0.000,0.000,AP
2026-05-20 09:21:06,1900-01-00 00:00:00,Bilagg,7C:C3:85:9B:D5:E0,-77, WPA2  WPA ,0.000000,0.000000,0.000,0.000,AP
2026-05-20 09:21:07,1900-01-00 00:00:00,Bilagg,7C:C3:85:9B:D5:E0,-69, WPA2  WPA ,0.000000,0.000000,0.000,0.000,AP
2026-05-20 09:21:07,1900-01-00 00:00:00,Bilagg,7C:C3:85:9B:D5:E0,-77, WPA2  WPA ,0.000000,0.000000,0.000,0.000,AP
2026-05-20 09:21:07,1900-01-00 00:00:00,Bilagg,7C:C3:85:9B:D5:E0,-69, WPA2  WPA ,0.000000,0.000000,0.000,0.000,AP
2026-05-20 09:21:07,1900-01-00 00:00:00,Bilagg,7C:C3:85:9B:D5:E0,-77, WPA2  WPA ,0.000000,0.000000,0.000,0.000,AP
2026-05-20 09:21:07,1900-01-00 00:00:00,Bilagg,7C:C3:85:9B:D5:E0,-65, WPA2  WPA ,0.000000,0.000000,0.000,0.000,AP
2026-05-20 09:21:07,1900-01-00 00:00:00,Bilagg,7C:C3:85:9B:D5:E0,-69, WPA2  WPA ,0.000000,0.000000,0.000,0.000,AP
2026-05-20 09:21:08,1900-01-00 00:00:00,Bilagg,7C:C3:85:9B:D5:E0,-77, WPA2  WPA ,0.000000,0.000000,0.000,0.000,AP
2026-05-20 09:21:08,1900-01-00 00:00:00,Bilagg,7C:C3:85:9B:D5:E0,-67, WPA2  WPA ,0.000000,0.000000,0.000,0.000,AP
2026-05-20 09:21:08,1900-01-00 00:00:00,Bilagg,7C:C3:85:9B:D5:E0,-69, WPA2  WPA ,0.000000,0.000000,0.000,0.000,AP
2026-05-20 09:21:08,1900-01-00 00:00:00,Bilagg,7C:C3:85:9B:D5:E0,-69, WPA2  WPA ,0.000000,0.000000,0.000,0.000,AP
2026-05-20 09:21:08,1900-01-00 00:00:00,Bilagg,7C:C3:85:9B:D5:E0,-69, WPA2  WPA ,0.000000,0.000000,0.000,0.000,AP
2026-05-20 09:21:08,1900-01-00 00:00:00,Bilagg,7C:C3:85:9B:D5:E0,-93, WPA2  WPA ,0.000000,0.000000,0.000,0.000,AP
2026-05-20 09:21:08,1900-01-00 00:00:00,Bilagg,7C:C3:85:9B:D5:E0,-71, WPA2  WPA ,0.000000,0.000000,0.000,0.000,AP
2026-05-20 09:21:08,1900-01-00 00:00:00,Bilagg,7C:C3:85:9B:D5:E0,-65, WPA2  WPA ,0.000000,0.000000,0.000,0.000,AP
2026-05-20 09:21:08,1900-01-00 00:00:00,Bilagg,7C:C3:85:9B:D5:E0,-71, WPA2  WPA ,0.000000,0.000000,0.000,0.000,AP
2026-05-20 09:21:08,1900-01-00 00:00:00,Bilagg,7C:C3:85:9B:D5:E0,-69, WPA2  WPA ,0.000000,0.000000,0.000,0.000,AP
2026-05-20 09:21:08,1900-01-00 00:00:00,Bilagg,7C:C3:85:9B:D5:E0,-75, WPA2  WPA ,0.000000,0.000000,0.000,0.000,AP
2026-05-20 09:21:08,1900-01-00 00:00:00,Bilagg,7C:C3:85:9B:D5:E0,-69, WPA2  WPA ,0.000000,0.000000,0.000,0.000,AP
2026-05-20 09:21:09,1900-01-00 00:00:00,Bilagg,7C:C3:85:9B:D5:E0,-77, WPA2  WPA ,0.000000,0.000000,0.000,0.000,AP
2026-05-20 09:21:09,1900-01-00 00:00:00,Bilagg,7C:C3:85:9B:D5:E0,-69, WPA2  WPA ,0.000000,0.000000,0.000,0.000,AP
2026-05-20 09:21:09,1900-01-00 00:00:00,Bilagg,7C:C3:85:9B:D5:E0,-77, WPA2  WPA ,0.000000,0.000000,0.000,0.000,AP
2026-05-20 09:21:09,1900-01-00 00:00:00,Bilagg,7C:C3:85:9B:D5:E0,-69, WPA2  WPA ,0.000000,0.000000,0.000,0.000,AP
2026-05-20 09:21:09,1900-01-00 00:00:00,Bilagg,7C:C3:85:9B:D5:E0,-69, WPA2  WPA ,0.000000,0.000000,0.000,0.000,AP
2026-05-20 09:21:10,1900-01-00 00:00:00,,0E:C2:DC:A9:4E:3C,-83,,0.000000,0.000000,0.000,0.000,Client
2026-05-20 09:21:10,1900-01-00 00:00:00,Bilagg,7C:C3:85:9B:D5:E0,-69, WPA2  WPA ,0.000000,0.000000,0.000,0.000,AP
2026-05-20 09:21:10,1900-01-00 00:00:00,Bilagg,7C:C3:85:9B:D5:E0,-65, WPA2  WPA ,0.000000,0.000000,0.000,0.000,AP
2026-05-20 09:21:10,1900-01-00 00:00:00,Bilagg,7C:C3:85:9B:D5:E0,-69, WPA2  WPA ,0.000000,0.000000,0.000,0.000,AP
2026-05-20 09:21:10,1900-01-00 00:00:00,Bilagg,7C:C3:85:9B:D5:E0,-69, WPA2  WPA ,0.000000,0.000000,0.000,0.000,AP
2026-05-20 09:21:11,1900-01-00 00:00:00,Bilagg,7C:C3:85:9B:D5:E0,-93, WPA2  WPA ,0.000000,0.000000,0.000,0.000,AP
2026-05-20 09:21:11,1900-01-00 00:00:00,Bilagg,7C:C3:85:9B:D5:E0,-77, WPA2  WPA ,0.000000,0.000000,0.000,0.000,AP
2026-05-20 09:21:11,1900-01-00 00:00:00,Bilagg,7C:C3:85:9B:D5:E0,-77, WPA2  WPA ,0.000000,0.000000,0.000,0.000,AP
2026-05-20 09:21:11,1900-01-00 00:00:00,Bilagg,7C:C3:85:9B:D5:E0,-69, WPA2  WPA ,0.000000,0.000000,0.000,0.000,AP
2026-05-20 09:21:11,1900-01-00 00:00:00,Bilagg,7C:C3:85:9B:D5:E0,-77, WPA2  WPA ,0.000000,0.000000,0.000,0.000,AP
2026-05-20 09:21:11,1900-01-00 00:00:00,Bilagg,7C:C3:85:9B:D5:E0,-69, WPA2  WPA ,0.000000,0.000000,0.000,0.000,AP
2026-05-20 09:21:11,1900-01-00 00:00:00,Bilagg,7C:C3:85:9B:D5:E0,-67, WPA2  WPA ,0.000000,0.000000,0.000,0.000,AP
2026-05-20 09:21:12,1900-01-00 00:00:00,Bilagg,7C:C3:85:9B:D5:E0,-69, WPA2  WPA ,0.000000,0.000000,0.000,0.000,AP
2026-05-20 09:21:12,1900-01-00 00:00:00,Bilagg,7C:C3:85:9B:D5:E0,-77, WPA2  WPA ,0.000000,0.000000,0.000,0.000,AP
2026-05-20 09:21:12,1900-01-00 00:00:00,Bilagg,7C:C3:85:9B:D5:E0,-69, WPA2  WPA ,0.000000,0.000000,0.000,0.000,AP
2026-05-20 09:21:12,1900-01-00 00:00:00,Bilagg,7C:C3:85:9B:D5:E0,-65, WPA2  WPA ,0.000000,0.000000,0.000,0.000,AP
2026-05-20 09:21:12,1900-01-00 00:00:00,Bilagg,7C:C3:85:9B:D5:E0,-93, WPA2  WPA ,0.000000,0.000000,0.000,0.000,AP
2026-05-20 09:21:12,1900-01-00 00:00:00,Bilagg,7C:C3:85:9B:D5:E0,-93, WPA2  WPA ,0.000000,0.000000,0.000,0.000,AP
2026-05-20 09:21:13,1900-01-00 00:00:00,Bilagg,7C:C3:85:9B:D5:E0,-71, WPA2  WPA ,0.000000,0.000000,0.000,0.000,AP
2026-05-20 09:21:13,1900-01-00 00:00:00,Bilagg,7C:C3:85:9B:D5:E0,-77, WPA2  WPA ,0.000000,0.000000,0.000,0.000,AP
2026-05-20 09:21:13,1900-01-00 00:00:00,Bilagg,7C:C3:85:9B:D5:E0,-71, WPA2  WPA ,0.000000,0.000000,0.000,0.000,AP
2026-05-20 09:21:13,1900-01-00 00:00:00,Bilagg,7C:C3:85:9B:D5:E0,-71, WPA2  WPA ,0.000000,0.000000,0.000,0.000,AP
2026-05-20 09:21:13,1900-01-00 00:00:00,Bilagg,7C:C3:85:9B:D5:E0,-69, WPA2  WPA ,0.000000,0.000000,0.000,0.000,AP
2026-05-20 09:21:13,1900-01-00 00:00:00,Bilagg,7C:C3:85:9B:D5:E0,-71, WPA2  WPA ,0.000000,0.000000,0.000,0.000,AP
2026-05-20 09:21:14,1900-01-00 00:00:00,Bilagg,7C:C3:85:9B:D5:E0,-71, WPA2  WPA ,0.000000,0.000000,0.000,0.000,AP
2026-05-20 09:21:14,1900-01-00 00:00:00,Bilagg,7C:C3:85:9B:D5:E0,-65, WPA2  WPA ,0.000000,0.000000,0.000,0.000,AP
2026-05-20 09:21:14,1900-01-00 00:00:00,Bilagg,7C:C3:85:9B:D5:E0,-77, WPA2  WPA ,0.000000,0.000000,0.000,0.000,AP
2026-05-20 09:21:14,1900-01-00 00:00:00,Bilagg,7C:C3:85:9B:D5:E0,-67, WPA2  WPA ,0.000000,0.000000,0.000,0.000,AP
2026-05-20 09:21:14,1900-01-00 00:00:00,Bilagg,7C:C3:85:9B:D5:E0,-93, WPA2  WPA ,0.000000,0.000000,0.000,0.000,AP
2026-05-20 09:21:14,1900-01-00 00:00:00,Bilagg,7C:C3:85:9B:D5:E0,-71, WPA2  WPA ,0.000000,0.000000,0.000,0.000,AP
2026-05-20 09:21:14,1900-01-00 00:00:00,Bilagg,7C:C3:85:9B:D5:E0,-77, WPA2  WPA ,0.000000,0.000000,0.000,0.000,AP
2026-05-20 09:21:15,1900-01-00 00:00:00,Bilagg,7C:C3:85:9B:D5:E0,-71, WPA2  WPA ,0.000000,0.000000,0.000,0.000,AP
2026-05-20 09:21:15,1900-01-00 00:00:00,Bilagg,7C:C3:85:9B:D5:E0,-77, WPA2  WPA ,0.000000,0.000000,0.000,0.000,AP
2026-05-20 09:21:15,1900-01-00 00:00:00,Bilagg,7C:C3:85:9B:D5:E0,-67, WPA2  WPA ,0.000000,0.000000,0.000,0.000,AP
2026-05-20 09:21:15,1900-01-00 00:00:00,Bilagg,7C:C3:85:9B:D5:E0,-67, WPA2  WPA ,0.000000,0.000000,0.000,0.000,AP
2026-05-20 09:21:15,1900-01-00 00:00:00,Bilagg,7C:C3:85:9B:D5:E0,-77, WPA2  WPA ,0.000000,0.000000,0.000,0.000,AP
2026-05-20 09:21:15,1900-01-00 00:00:00,Bilagg,7C:C3:85:9B:D5:E0,-71, WPA2  WPA ,0.000000,0.000000,0.000,0.000,AP
2026-05-20 09:21:15,1900-01-00 00:00:00,Bilagg,7C:C3:85:9B:D5:E0,-93, WPA2  WPA ,0.000000,0.000000,0.000,0.000,AP
2026-05-20 09:21:15,1900-01-00 00:00:00,Bilagg,7C:C3:85:9B:D5:E0,-71, WPA2  WPA ,0.000000,0.000000,0.000,0.000,AP
2026-05-20 09:21:15,1900-01-00 00:00:00,Bilagg,7C:C3:85:9B:D5:E0,-77, WPA2  WPA ,0.000000,0.000000,0.000,0.000,AP
2026-05-20 09:21:16,1900-01-00 00:00:00,Bilagg,7C:C3:85:9B:D5:E0,-69, WPA2  WPA ,0.000000,0.000000,0.000,0.000,AP
2026-05-20 09:21:16,1900-01-00 00:00:00,Bilagg,7C:C3:85:9B:D5:E0,-73, WPA2  WPA ,0.000000,0.000000,0.000,0.000,AP
2026-05-20 09:21:16,1900-01-00 00:00:00,Bilagg,7C:C3:85:9B:D5:E0,-73, WPA2  WPA ,0.000000,0.000000,0.000,0.000,AP
2026-05-20 09:21:16,1900-01-00 00:00:00,Bilagg,7C:C3:85:9B:D5:E0,-69, WPA2  WPA ,0.000000,0.000000,0.000,0.000,AP
2026-05-20 09:21:16,1900-01-00 00:00:00,Bilagg,7C:C3:85:9B:D5:E0,-77, WPA2  WPA ,0.000000,0.000000,0.000,0.000,AP
2026-05-20 09:21:16,1900-01-00 00:00:00,,0E:C2:DC:A9:4E:3C,-83,,0.000000,0.000000,0.000,0.000,Client
2026-05-20 09:21:16,1900-01-00 00:00:00,Bilagg,7C:C3:85:9B:D5:E0,-73, WPA2  WPA ,0.000000,0.000000,0.000,0.000,AP
2026-05-20 09:21:16,1900-01-00 00:00:00,Bilagg,7C:C3:85:9B:D5:E0,-63, WPA2  WPA ,0.000000,0.000000,0.000,0.000,AP
2026-05-20 09:21:17,1900-01-00 00:00:00,Bilagg,7C:C3:85:9B:D5:E0,-67, WPA2  WPA ,0.000000,0.000000,0.000,0.000,AP
2026-05-20 09:21:17,1900-01-00 00:00:00,Bilagg,7C:C3:85:9B:D5:E0,-69, WPA2  WPA ,0.000000,0.000000,0.000,0.000,AP
2026-05-20 09:21:17,1900-01-00 00:00:00,Bilagg,7C:C3:85:9B:D5:E0,-69, WPA2  WPA ,0.000000,0.000000,0.000,0.000,AP
2026-05-20 09:21:17,1900-01-00 00:00:00,Bilagg,7C:C3:85:9B:D5:E0,-77, WPA2  WPA ,0.000000,0.000000,0.000,0.000,AP
2026-05-20 09:21:17,1900-01-00 00:00:00,Bilagg,7C:C3:85:9B:D5:E0,-71, WPA2  WPA ,0.000000,0.000000,0.000,0.000,AP
2026-05-20 09:21:17,1900-01-00 00:00:00,Bilagg,7C:C3:85:9B:D5:E0,-67, WPA2  WPA ,0.000000,0.000000,0.000,0.000,AP
2026-05-20 09:21:17,1900-01-00 00:00:00,Bilagg,7C:C3:85:9B:D5:E0,-69, WPA2  WPA ,0.000000,0.000000,0.000,0.000,AP
2026-05-20 09:21:17,1900-01-00 00:00:00,Bilagg,7C:C3:85:9B:D5:E0,-69, WPA2  WPA ,0.000000,0.000000,0.000,0.000,AP
2026-05-20 09:21:17,1900-01-00 00:00:00,Bilagg,7C:C3:85:9B:D5:E0,-93, WPA2  WPA ,0.000000,0.000000,0.000,0.000,AP
2026-05-20 09:21:17,1900-01-00 00:00:00,Bilagg,7C:C3:85:9B:D5:E0,-69, WPA2  WPA ,0.000000,0.000000,0.000,0.000,AP
2026-05-20 09:21:18,1900-01-00 00:00:00,Bilagg,7C:C3:85:9B:D5:E0,-69, WPA2  WPA ,0.000000,0.000000,0.000,0.000,AP
2026-05-20 09:21:18,1900-01-00 00:00:00,Bilagg,7C:C3:85:9B:D5:E0,-93, WPA2  WPA ,0.000000,0.000000,0.000,0.000,AP
2026-05-20 09:21:18,1900-01-00 00:00:00,Bilagg,7C:C3:85:9B:D5:E0,-77, WPA2  WPA ,0.000000,0.000000,0.000,0.000,AP
2026-05-20 09:21:18,1900-01-00 00:00:00,Bilagg,7C:C3:85:9B:D5:E0,-69, WPA2  WPA ,0.000000,0.000000,0.000,0.000,AP
2026-05-20 09:21:18,1900-01-00 00:00:00,Bilagg,7C:C3:85:9B:D5:E0,-69, WPA2  WPA ,0.000000,0.000000,0.000,0.000,AP
2026-05-20 09:21:19,1900-01-00 00:00:00,Bilagg,7C:C3:85:9B:D5:E0,-69, WPA2  WPA ,0.000000,0.000000,0.000,0.000,AP
2026-05-20 09:21:19,1900-01-00 00:00:00,Bilagg,7C:C3:85:9B:D5:E0,-69, WPA2  WPA ,0.000000,0.000000,0.000,0.000,AP
2026-05-20 09:21:19,1900-01-00 00:00:00,Bilagg,7C:C3:85:9B:D5:E0,-67, WPA2  WPA ,0.000000,0.000000,0.000,0.000,AP
2026-05-20 09:21:19,1900-01-00 00:00:00,Bilagg,7C:C3:85:9B:D5:E0,-69, WPA2  WPA ,0.000000,0.000000,0.000,0.000,AP
2026-05-20 09:21:19,1900-01-00 00:00:00,Bilagg,7C:C3:85:9B:D5:E0,-69, WPA2  WPA ,0.000000,0.000000,0.000,0.000,AP
2026-05-20 09:21:19,1900-01-00 00:00:00,Bilagg,7C:C3:85:9B:D5:E0,-69, WPA2  WPA ,0.000000,0.000000,0.000,0.000,AP
2026-05-20 09:21:19,1900-01-00 00:00:00,Bilagg,7C:C3:85:9B:D5:E0,-69, WPA2  WPA ,0.000000,0.000000,0.000,0.000,AP
2026-05-20 09:21:19,1900-01-00 00:00:00,Bilagg,7C:C3:85:9B:D5:E0,-79, WPA2  WPA ,0.000000,0.000000,0.000,0.000,AP
2026-05-20 09:21:19,1900-01-00 00:00:00,Bilagg,7C:C3:85:9B:D5:E0,-67, WPA2  WPA ,0.000000,0.000000,0.000,0.000,AP
2026-05-20 09:21:19,1900-01-00 00:00:00,Bilagg,7C:C3:85:9B:D5:E0,-67, WPA2  WPA ,0.000000,0.000000,0.000,0.000,AP
2026-05-20 09:21:20,1900-01-00 00:00:00,Bilagg,7C:C3:85:9B:D5:E0,-65, WPA2  WPA ,0.000000,0.000000,0.000,0.000,AP
2026-05-20 09:21:20,1900-01-00 00:00:00,Bilagg,7C:C3:85:9B:D5:E0,-77, WPA2  WPA ,0.000000,0.000000,0.000,0.000,AP
2026-05-20 09:21:20,1900-01-00 00:00:00,Bilagg,7C:C3:85:9B:D5:E0,-69, WPA2  WPA ,0.000000,0.000000,0.000,0.000,AP
2026-05-20 09:21:20,1900-01-00 00:00:00,Bilagg,7C:C3:85:9B:D5:E0,-69, WPA2  WPA ,0.000000,0.000000,0.000,0.000,AP
2026-05-20 09:21:20,1900-01-00 00:00:00,Bilagg,7C:C3:85:9B:D5:E0,-69, WPA2  WPA ,0.000000,0.000000,0.000,0.000,AP
2026-05-20 09:21:21,1900-01-00 00:00:00,Bilagg,7C:C3:85:9B:D5:E0,-69, WPA2  WPA ,0.000000,0.000000,0.000,0.000,AP
2026-05-20 09:21:21,1900-01-00 00:00:00,Bilagg,7C:C3:85:9B:D5:E0,-81, WPA2  WPA ,0.000000,0.000000,0.000,0.000,AP
2026-05-20 09:21:21,1900-01-00 00:00:00,Bilagg,7C:C3:85:9B:D5:E0,-65, WPA2  WPA ,0.000000,0.000000,0.000,0.000,AP
2026-05-20 09:21:21,1900-01-00 00:00:00,Bilagg,7C:C3:85:9B:D5:E0,-69, WPA2  WPA ,0.000000,0.000000,0.000,0.000,AP
2026-05-20 09:21:22,1900-01-00 00:00:00,Bilagg,7C:C3:85:9B:D5:E0,-69, WPA2  WPA ,0.000000,0.000000,0.000,0.000,AP
2026-05-20 09:21:22,1900-01-00 00:00:00,Bilagg,7C:C3:85:9B:D5:E0,-77, WPA2  WPA ,0.000000,0.000000,0.000,0.000,AP
2026-05-20 09:21:22,1900-01-00 00:00:00,Bilagg,7C:C3:85:9B:D5:E0,-69, WPA2  WPA ,0.000000,0.000000,0.000,0.000,AP
2026-05-20 09:21:22,1900-01-00 00:00:00,Bilagg,7C:C3:85:9B:D5:E0,-81, WPA2  WPA ,0.000000,0.000000,0.000,0.000,AP
2026-05-20 09:21:22,1900-01-00 00:00:00,,0E:C2:DC:A9:4E:3C,-83,,0.000000,0.000000,0.000,0.000,Client
2026-05-20 09:21:22,1900-01-00 00:00:00,Bilagg,7C:C3:85:9B:D5:E0,-67, WPA2  WPA ,0.000000,0.000000,0.000,0.000,AP
2026-05-20 09:21:22,1900-01-00 00:00:00,Bilagg,7C:C3:85:9B:D5:E0,-77, WPA2  WPA ,0.000000,0.000000,0.000,0.000,AP
2026-05-20 09:21:22,1900-01-00 00:00:00,Bilagg,7C:C3:85:9B:D5:E0,-69, WPA2  WPA ,0.000000,0.000000,0.000,0.000,AP
2026-05-20 09:21:23,1900-01-00 00:00:00,Bilagg,7C:C3:85:9B:D5:E0,-69, WPA2  WPA ,0.000000,0.000000,0.000,0.000,AP
2026-05-20 09:21:23,1900-01-00 00:00:00,Bilagg,7C:C3:85:9B:D5:E0,-65, WPA2  WPA ,0.000000,0.000000,0.000,0.000,AP
2026-05-20 09:21:24,1900-01-00 00:00:00,Bilagg,7C:C3:85:9B:D5:E0,-81, WPA2  WPA ,0.000000,0.000000,0.000,0.000,AP
2026-05-20 09:21:24,1900-01-00 00:00:00,Bilagg,7C:C3:85:9B:D5:E0,-77, WPA2  WPA ,0.000000,0.000000,0.000,0.000,AP
2026-05-20 09:21:24,1900-01-00 00:00:00,Bilagg,7C:C3:85:9B:D5:E0,-69, WPA2  WPA ,0.000000,0.000000,0.000,0.000,AP
2026-05-20 09:21:24,1900-01-00 00:00:00,Bilagg,7C:C3:85:9B:D5:E0,-69, WPA2  WPA ,0.000000,0.000000,0.000,0.000,AP
2026-05-20 09:21:24,1900-01-00 00:00:00,Bilagg,7C:C3:85:9B:D5:E0,-69, WPA2  WPA ,0.000000,0.000000,0.000,0.000,AP
2026-05-20 09:21:24,1900-01-00 00:00:00,Bilagg,7C:C3:85:9B:D5:E0,-71, WPA2  WPA ,0.000000,0.000000,0.000,0.000,AP
2026-05-20 09:21:24,1900-01-00 00:00:00,Bilagg,7C:C3:85:9B:D5:E0,-69, WPA2  WPA ,0.000000,0.000000,0.000,0.000,AP
2026-05-20 09:21:24,1900-01-00 00:00:00,Bilagg,7C:C3:85:9B:D5:E0,-69, WPA2  WPA ,0.000000,0.000000,0.000,0.000,AP
2026-05-20 09:21:25,1900-01-00 00:00:00,Bilagg,7C:C3:85:9B:D5:E0,-69, WPA2  WPA ,0.000000,0.000000,0.000,0.000,AP
2026-05-20 09:21:25,1900-01-00 00:00:00,Bilagg,7C:C3:85:9B:D5:E0,-69, WPA2  WPA ,0.000000,0.000000,0.000,0.000,AP
2026-05-20 09:21:25,1900-01-00 00:00:00,Bilagg,7C:C3:85:9B:D5:E0,-69, WPA2  WPA ,0.000000,0.000000,0.000,0.000,AP
2026-05-20 09:21:25,1900-01-00 00:00:00,Bilagg,7C:C3:85:9B:D5:E0,-71, WPA2  WPA ,0.000000,0.000000,0.000,0.000,AP
2026-05-20 09:21:26,1900-01-00 00:00:00,Bilagg,7C:C3:85:9B:D5:E0,-71, WPA2  WPA ,0.000000,0.000000,0.000,0.000,AP
2026-05-20 09:21:26,1900-01-00 00:00:00,Bilagg,7C:C3:85:9B:D5:E0,-69, WPA2  WPA ,0.000000,0.000000,0.000,0.000,AP
2026-05-20 09:21:26,1900-01-00 00:00:00,Bilagg,7C:C3:85:9B:D5:E0,-69, WPA2  WPA ,0.000000,0.000000,0.000,0.000,AP
2026-05-20 09:21:27,1900-01-00 00:00:00,Bilagg,7C:C3:85:9B:D5:E0,-69, WPA2  WPA ,0.000000,0.000000,0.000,0.000,AP
2026-05-20 09:21:27,1900-01-00 00:00:00,Bilagg,7C:C3:85:9B:D5:E0,-69, WPA2  WPA ,0.000000,0.000000,0.000,0.000,AP
2026-05-20 09:21:27,1900-01-00 00:00:00,Bilagg,7C:C3:85:9B:D5:E0,-69, WPA2  WPA ,0.000000,0.000000,0.000,0.000,AP
2026-05-20 09:21:28,1900-01-00 00:00:00,Bilagg,7C:C3:85:9B:D5:E0,-69, WPA2  WPA ,0.000000,0.000000,0.000,0.000,AP
2026-05-20 09:21:28,1900-01-00 00:00:00,Bilagg,7C:C3:85:9B:D5:E0,-69, WPA2  WPA ,0.000000,0.000000,0.000,0.000,AP
2026-05-20 09:21:28,1900-01-00 00:00:00,Bilagg,7C:C3:85:9B:D5:E0,-71, WPA2  WPA ,0.000000,0.000000,0.000,0.000,AP
2026-05-20 09:21:29,1900-01-00 00:00:00,Bilagg,7C:C3:85:9B:D5:E0,-69, WPA2  WPA ,0.000000,0.000000,0.000,0.000,AP
2026-05-20 09:21:29,1900-01-00 00:00:00,Bilagg,7C:C3:85:9B:D5:E0,-71, WPA2  WPA ,0.000000,0.000000,0.000,0.000,AP
2026-05-20 09:21:29,1900-01-00 00:00:00,Bilagg,7C:C3:85:9B:D5:E0,-71, WPA2  WPA ,0.000000,0.000000,0.000,0.000,AP
2026-05-20 09:21:29,1900-01-00 00:00:00,Bilagg,7C:C3:85:9B:D5:E0,-69, WPA2  WPA ,0.000000,0.000000,0.000,0.000,AP
2026-05-20 09:21:29,1900-01-00 00:00:00,Bilagg,7C:C3:85:9B:D5:E0,-69, WPA2  WPA ,0.000000,0.000000,0.000,0.000,AP
2026-05-20 09:21:29,1900-01-00 00:00:00,Bilagg,7C:C3:85:9B:D5:E0,-69, WPA2  WPA ,0.000000,0.000000,0.000,0.000,AP
2026-05-20 09:21:29,1900-01-00 00:00:00,Bilagg,7C:C3:85:9B:D5:E0,-69, WPA2  WPA ,0.000000,0.000000,0.000,0.000,AP
2026-05-20 09:21:29,1900-01-00 00:00:00,Bilagg,7C:C3:85:9B:D5:E0,-79, WPA2  WPA ,0.000000,0.000000,0.000,0.000,AP
2026-05-20 09:21:30,1900-01-00 00:00:00,Bilagg,7C:C3:85:9B:D5:E0,-69, WPA2  WPA ,0.000000,0.000000,0.000,0.000,AP
2026-05-20 09:21:31,1900-01-00 00:00:00,Bilagg,7C:C3:85:9B:D5:E0,-69, WPA2  WPA ,0.000000,0.000000,0.000,0.000,AP
2026-05-20 09:21:31,1900-01-00 00:00:00,Bilagg,7C:C3:85:9B:D5:E0,-65, WPA2  WPA ,0.000000,0.000000,0.000,0.000,AP
2026-05-20 09:21:31,1900-01-00 00:00:00,Bilagg,7C:C3:85:9B:D5:E0,-81, WPA2  WPA ,0.000000,0.000000,0.000,0.000,AP
2026-05-20 09:21:32,1900-01-00 00:00:00,Bilagg,7C:C3:85:9B:D5:E0,-69, WPA2  WPA ,0.000000,0.000000,0.000,0.000,AP
2026-05-20 09:21:32,1900-01-00 00:00:00,Bilagg,7C:C3:85:9B:D5:E0,-69, WPA2  WPA ,0.000000,0.000000,0.000,0.000,AP
2026-05-20 09:21:33,1900-01-00 00:00:00,Bilagg,7C:C3:85:9B:D5:E0,-87, WPA2  WPA ,0.000000,0.000000,0.000,0.000,AP
2026-05-20 09:21:33,1900-01-00 00:00:00,Bilagg,7C:C3:85:9B:D5:E0,-65, WPA2  WPA ,0.000000,0.000000,0.000,0.000,AP
2026-05-20 09:21:33,1900-01-00 00:00:00,Bilagg,7C:C3:85:9B:D5:E0,-77, WPA2  WPA ,0.000000,0.000000,0.000,0.000,AP
2026-05-20 09:21:33,1900-01-00 00:00:00,Bilagg,7C:C3:85:9B:D5:E0,-69, WPA2  WPA ,0.000000,0.000000,0.000,0.000,AP
2026-05-20 09:21:33,1900-01-00 00:00:00,Bilagg,7C:C3:85:9B:D5:E0,-69, WPA2  WPA ,0.000000,0.000000,0.000,0.000,AP
2026-05-20 09:21:34,1900-01-00 00:00:00,Bilagg,7C:C3:85:9B:D5:E0,-77, WPA2  WPA ,0.000000,0.000000,0.000,0.000,AP
2026-05-20 09:21:34,1900-01-00 00:00:00,Bilagg,7C:C3:85:9B:D5:E0,-69, WPA2  WPA ,0.000000,0.000000,0.000,0.000,AP
2026-05-20 09:21:34,1900-01-00 00:00:00,Bilagg,7C:C3:85:9B:D5:E0,-93, WPA2  WPA ,0.000000,0.000000,0.000,0.000,AP
2026-05-20 09:21:35,1900-01-00 00:00:00,Bilagg,7C:C3:85:9B:D5:E0,-75, WPA2  WPA ,0.000000,0.000000,0.000,0.000,AP
2026-05-20 09:21:35,1900-01-00 00:00:00,Bilagg,7C:C3:85:9B:D5:E0,-69, WPA2  WPA ,0.000000,0.000000,0.000,0.000,AP
2026-05-20 09:21:35,1900-01-00 00:00:00,Bilagg,7C:C3:85:9B:D5:E0,-77, WPA2  WPA ,0.000000,0.000000,0.000,0.000,AP
2026-05-20 09:21:35,1900-01-00 00:00:00,Bilagg,7C:C3:85:9B:D5:E0,-69, WPA2  WPA ,0.000000,0.000000,0.000,0.000,AP
2026-05-20 09:21:35,1900-01-00 00:00:00,Bilagg,7C:C3:85:9B:D5:E0,-67, WPA2  WPA ,0.000000,0.000000,0.000,0.000,AP
2026-05-20 09:21:36,1900-01-00 00:00:00,Bilagg,7C:C3:85:9B:D5:E0,-67, WPA2  WPA ,0.000000,0.000000,0.000,0.000,AP
2026-05-20 09:21:36,1900-01-00 00:00:00,Bilagg,7C:C3:85:9B:D5:E0,-75, WPA2  WPA ,0.000000,0.000000,0.000,0.000,AP
2026-05-20 09:21:36,1900-01-00 00:00:00,Bilagg,7C:C3:85:9B:D5:E0,-69, WPA2  WPA ,0.000000,0.000000,0.000,0.000,AP
2026-05-20 09:21:36,1900-01-00 00:00:00,Bilagg,7C:C3:85:9B:D5:E0,-69, WPA2  WPA ,0.000000,0.000000,0.000,0.000,AP
2026-05-20 09:21:36,1900-01-00 00:00:00,Bilagg,7C:C3:85:9B:D5:E0,-69, WPA2  WPA ,0.000000,0.000000,0.000,0.000,AP
2026-05-20 09:21:36,1900-01-00 00:00:00,Bilagg,7C:C3:85:9B:D5:E0,-93, WPA2  WPA ,0.000000,0.000000,0.000,0.000,AP
2026-05-20 09:21:36,1900-01-00 00:00:00,Bilagg,7C:C3:85:9B:D5:E0,-69, WPA2  WPA ,0.000000,0.000000,0.000,0.000,AP
2026-05-20 09:21:37,1900-01-00 00:00:00,Bilagg,7C:C3:85:9B:D5:E0,-69, WPA2  WPA ,0.000000,0.000000,0.000,0.000,AP
2026-05-20 09:21:37,1900-01-00 00:00:00,Bilagg,7C:C3:85:9B:D5:E0,-77, WPA2  WPA ,0.000000,0.000000,0.000,0.000,AP
2026-05-20 09:21:37,1900-01-00 00:00:00,Bilagg,7C:C3:85:9B:D5:E0,-67, WPA2  WPA ,0.000000,0.000000,0.000,0.000,AP
2026-05-20 09:21:37,1900-01-00 00:00:00,Bilagg,7C:C3:85:9B:D5:E0,-69, WPA2  WPA ,0.000000,0.000000,0.000,0.000,AP
2026-05-20 09:21:38,1900-01-00 00:00:00,Bilagg,7C:C3:85:9B:D5:E0,-69, WPA2  WPA ,0.000000,0.000000,0.000,0.000,AP
2026-05-20 09:21:38,1900-01-00 00:00:00,Bilagg,7C:C3:85:9B:D5:E0,-67, WPA2  WPA ,0.000000,0.000000,0.000,0.000,AP
2026-05-20 09:21:39,1900-01-00 00:00:00,Bilagg,7C:C3:85:9B:D5:E0,-69, WPA2  WPA ,0.000000,0.000000,0.000,0.000,AP
2026-05-20 09:21:39,1900-01-00 00:00:00,Bilagg,7C:C3:85:9B:D5:E0,-67, WPA2  WPA ,0.000000,0.000000,0.000,0.000,AP
2026-05-20 09:21:39,1900-01-00 00:00:00,Bilagg,7C:C3:85:9B:D5:E0,-77, WPA2  WPA ,0.000000,0.000000,0.000,0.000,AP
2026-05-20 09:21:40,1900-01-00 00:00:00,Bilagg,7C:C3:85:9B:D5:E0,-69, WPA2  WPA ,0.000000,0.000000,0.000,0.000,AP
2026-05-20 09:21:40,1900-01-00 00:00:00,Bilagg,7C:C3:85:9B:D5:E0,-77, WPA2  WPA ,0.000000,0.000000,0.000,0.000,AP
2026-05-20 09:21:40,1900-01-00 00:00:00,Bilagg,7C:C3:85:9B:D5:E0,-67, WPA2  WPA ,0.000000,0.000000,0.000,0.000,AP
2026-05-20 09:21:40,1900-01-00 00:00:00,Bilagg,7C:C3:85:9B:D5:E0,-67, WPA2  WPA ,0.000000,0.000000,0.000,0.000,AP
2026-05-20 09:21:40,1900-01-00 00:00:00,Bilagg,7C:C3:85:9B:D5:E0,-69, WPA2  WPA ,0.000000,0.000000,0.000,0.000,AP
2026-05-20 09:21:40,1900-01-00 00:00:00,Bilagg,7C:C3:85:9B:D5:E0,-77, WPA2  WPA ,0.000000,0.000000,0.000,0.000,AP
2026-05-20 09:21:40,1900-01-00 00:00:00,Bilagg,7C:C3:85:9B:D5:E0,-69, WPA2  WPA ,0.000000,0.000000,0.000,0.000,AP
2026-05-20 09:21:40,1900-01-00 00:00:00,Bilagg,7C:C3:85:9B:D5:E0,-67, WPA2  WPA ,0.000000,0.000000,0.000,0.000,AP
2026-05-20 09:21:40,1900-01-00 00:00:00,Bilagg,7C:C3:85:9B:D5:E0,-67, WPA2  WPA ,0.000000,0.000000,0.000,0.000,AP
2026-05-20 09:21:40,1900-01-00 00:00:00,Bilagg,7C:C3:85:9B:D5:E0,-69, WPA2  WPA ,0.000000,0.000000,0.000,0.000,AP
2026-05-20 09:21:41,1900-01-00 00:00:00,Bilagg,7C:C3:85:9B:D5:E0,-65, WPA2  WPA ,0.000000,0.000000,0.000,0.000,AP
2026-05-20 09:21:41,1900-01-00 00:00:00,Bilagg,7C:C3:85:9B:D5:E0,-69, WPA2  WPA ,0.000000,0.000000,0.000,0.000,AP
2026-05-20 09:21:41,1900-01-00 00:00:00,Bilagg,7C:C3:85:9B:D5:E0,-69, WPA2  WPA ,0.000000,0.000000,0.000,0.000,AP
2026-05-20 09:21:41,1900-01-00 00:00:00,Bilagg,7C:C3:85:9B:D5:E0,-63, WPA2  WPA ,0.000000,0.000000,0.000,0.000,AP
2026-05-20 09:21:41,1900-01-00 00:00:00,Bilagg,7C:C3:85:9B:D5:E0,-69, WPA2  WPA ,0.000000,0.000000,0.000,0.000,AP
2026-05-20 09:21:41,1900-01-00 00:00:00,Bilagg,7C:C3:85:9B:D5:E0,-69, WPA2  WPA ,0.000000,0.000000,0.000,0.000,AP
2026-05-20 09:21:41,1900-01-00 00:00:00,Bilagg,7C:C3:85:9B:D5:E0,-69, WPA2  WPA ,0.000000,0.000000,0.000,0.000,AP
2026-05-20 09:21:41,1900-01-00 00:00:00,Bilagg,7C:C3:85:9B:D5:E0,-69, WPA2  WPA ,0.000000,0.000000,0.000,0.000,AP
2026-05-20 09:21:41,1900-01-00 00:00:00,Bilagg,7C:C3:85:9B:D5:E0,-65, WPA2  WPA ,0.000000,0.000000,0.000,0.000,AP
2026-05-20 09:21:41,1900-01-00 00:00:00,Bilagg,7C:C3:85:9B:D5:E0,-65, WPA2  WPA ,0.000000,0.000000,0.000,0.000,AP
2026-05-20 09:21:41,1900-01-00 00:00:00,Bilagg,7C:C3:85:9B:D5:E0,-77, WPA2  WPA ,0.000000,0.000000,0.000,0.000,AP
2026-05-20 09:21:41,1900-01-00 00:00:00,,0E:C2:DC:A9:4E:3C,-83,,0.000000,0.000000,0.000,0.000,Client
2026-05-20 09:21:41,1900-01-00 00:00:00,Bilagg,7C:C3:85:9B:D5:E0,-65, WPA2  WPA ,0.000000,0.000000,0.000,0.000,AP
2026-05-20 09:21:41,1900-01-00 00:00:00,Bilagg,7C:C3:85:9B:D5:E0,-67, WPA2  WPA ,0.000000,0.000000,0.000,0.000,AP
2026-05-20 09:21:41,1900-01-00 00:00:00,Bilagg,7C:C3:85:9B:D5:E0,-87, WPA2  WPA ,0.000000,0.000000,0.000,0.000,AP
2026-05-20 09:21:41,1900-01-00 00:00:00,,0E:C2:DC:A9:4E:3C,-79,,0.000000,0.000000,0.000,0.000,Client
2026-05-20 09:21:41,1900-01-00 00:00:00,Bilagg,7C:C3:85:9B:D5:E0,-69, WPA2  WPA ,0.000000,0.000000,0.000,0.000,AP
2026-05-20 09:21:41,1900-01-00 00:00:00,Bilagg,7C:C3:85:9B:D5:E0,-69, WPA2  WPA ,0.000000,0.000000,0.000,0.000,AP
2026-05-20 09:21:41,1900-01-00 00:00:00,Bilagg,7C:C3:85:9B:D5:E0,-69, WPA2  WPA ,0.000000,0.000000,0.000,0.000,AP
2026-05-20 09:21:41,1900-01-00 00:00:00,Bilagg,7C:C3:85:9B:D5:E0,-65, WPA2  WPA ,0.000000,0.000000,0.000,0.000,AP
2026-05-20 09:21:41,1900-01-00 00:00:00,,0E:C2:DC:A9:4E:3C,-81,,0.000000,0.000000,0.000,0.000,Client
2026-05-20 09:21:41,1900-01-00 00:00:00,,0E:C2:DC:A9:4E:3C,-81,,0.000000,0.000000,0.000,0.000,Client
2026-05-20 09:21:42,1900-01-00 00:00:00,Bilagg,7C:C3:85:9B:D5:E0,-69, WPA2  WPA ,0.000000,0.000000,0.000,0.000,AP
2026-05-20 09:21:42,1900-01-00 00:00:00,Bilagg,7C:C3:85:9B:D5:E0,-71, WPA2  WPA ,0.000000,0.000000,0.000,0.000,AP
2026-05-20 09:21:42,1900-01-00 00:00:00,Bilagg,7C:C3:85:9B:D5:E0,-69, WPA2  WPA ,0.000000,0.000000,0.000,0.000,AP
2026-05-20 09:21:42,1900-01-00 00:00:00,Bilagg,7C:C3:85:9B:D5:E0,-69, WPA2  WPA ,0.000000,0.000000,0.000,0.000,AP
2026-05-20 09:21:42,1900-01-00 00:00:00,Bilagg,7C:C3:85:9B:D5:E0,-67, WPA2  WPA ,0.000000,0.000000,0.000,0.000,AP
2026-05-20 09:21:42,1900-01-00 00:00:00,Bilagg,7C:C3:85:9B:D5:E0,-67, WPA2  WPA ,0.000000,0.000000,0.000,0.000,AP
2026-05-20 09:21:42,1900-01-00 00:00:00,Bilagg,7C:C3:85:9B:D5:E0,-75, WPA2  WPA ,0.000000,0.000000,0.000,0.000,AP
2026-05-20 09:21:42,1900-01-00 00:00:00,Bilagg,7C:C3:85:9B:D5:E0,-67, WPA2  WPA ,0.000000,0.000000,0.000,0.000,AP
2026-05-20 09:21:42,1900-01-00 00:00:00,Bilagg,7C:C3:85:9B:D5:E0,-69, WPA2  WPA ,0.000000,0.000000,0.000,0.000,AP
2026-05-20 09:21:43,1900-01-00 00:00:00,Bilagg,7C:C3:85:9B:D5:E0,-67, WPA2  WPA ,0.000000,0.000000,0.000,0.000,AP
2026-05-20 09:21:43,1900-01-00 00:00:00,Bilagg,7C:C3:85:9B:D5:E0,-77, WPA2  WPA ,0.000000,0.000000,0.000,0.000,AP
2026-05-20 09:21:43,1900-01-00 00:00:00,Bilagg,7C:C3:85:9B:D5:E0,-69, WPA2  WPA ,0.000000,0.000000,0.000,0.000,AP
2026-05-20 09:21:43,1900-01-00 00:00:00,Bilagg,7C:C3:85:9B:D5:E0,-67, WPA2  WPA ,0.000000,0.000000,0.000,0.000,AP
2026-05-20 09:21:43,1900-01-00 00:00:00,Bilagg,7C:C3:85:9B:D5:E0,-67, WPA2  WPA ,0.000000,0.000000,0.000,0.000,AP
2026-05-20 09:21:43,1900-01-00 00:00:00,Bilagg,7C:C3:85:9B:D5:E0,-81, WPA2  WPA ,0.000000,0.000000,0.000,0.000,AP
2026-05-20 09:21:43,1900-01-00 00:00:00,Bilagg,7C:C3:85:9B:D5:E0,-67, WPA2  WPA ,0.000000,0.000000,0.000,0.000,AP
2026-05-20 09:21:43,1900-01-00 00:00:00,,0E:C2:DC:A9:4E:3C,-81,,0.000000,0.000000,0.000,0.000,Client
2026-05-20 09:21:43,1900-01-00 00:00:00,Bilagg,7C:C3:85:9B:D5:E0,-79, WPA2  WPA ,0.000000,0.000000,0.000,0.000,AP
2026-05-20 09:21:43,1900-01-00 00:00:00,Bilagg,7C:C3:85:9B:D5:E0,-65, WPA2  WPA ,0.000000,0.000000,0.000,0.000,AP
2026-05-20 09:21:44,1900-01-00 00:00:00,Bilagg,7C:C3:85:9B:D5:E0,-65, WPA2  WPA ,0.000000,0.000000,0.000,0.000,AP
2026-05-20 09:21:44,1900-01-00 00:00:00,Bilagg,7C:C3:85:9B:D5:E0,-77, WPA2  WPA ,0.000000,0.000000,0.000,0.000,AP
2026-05-20 09:21:44,1900-01-00 00:00:00,Bilagg,7C:C3:85:9B:D5:E0,-69, WPA2  WPA ,0.000000,0.000000,0.000,0.000,AP
2026-05-20 09:21:44,1900-01-00 00:00:00,Bilagg,7C:C3:85:9B:D5:E0,-69, WPA2  WPA ,0.000000,0.000000,0.000,0.000,AP
2026-05-20 09:21:44,1900-01-00 00:00:00,Bilagg,7C:C3:85:9B:D5:E0,-79, WPA2  WPA ,0.000000,0.000000,0.000,0.000,AP
2026-05-20 09:21:44,1900-01-00 00:00:00,Bilagg,7C:C3:85:9B:D5:E0,-69, WPA2  WPA ,0.000000,0.000000,0.000,0.000,AP
2026-05-20 09:21:45,1900-01-00 00:00:00,Bilagg,7C:C3:85:9B:D5:E0,-77, WPA2  WPA ,0.000000,0.000000,0.000,0.000,AP
2026-05-20 09:21:45,1900-01-00 00:00:00,Bilagg,7C:C3:85:9B:D5:E0,-69, WPA2  WPA ,0.000000,0.000000,0.000,0.000,AP
2026-05-20 09:21:45,1900-01-00 00:00:00,Bilagg,7C:C3:85:9B:D5:E0,-75, WPA2  WPA ,0.000000,0.000000,0.000,0.000,AP
2026-05-20 09:21:45,1900-01-00 00:00:00,Bilagg,7C:C3:85:9B:D5:E0,-69, WPA2  WPA ,0.000000,0.000000,0.000,0.000,AP
2026-05-20 09:21:45,1900-01-00 00:00:00,Bilagg,7C:C3:85:9B:D5:E0,-67, WPA2  WPA ,0.000000,0.000000,0.000,0.000,AP
2026-05-20 09:21:45,1900-01-00 00:00:00,Bilagg,7C:C3:85:9B:D5:E0,-67, WPA2  WPA ,0.000000,0.000000,0.000,0.000,AP
2026-05-20 09:21:45,1900-01-00 00:00:00,Bilagg,7C:C3:85:9B:D5:E0,-69, WPA2  WPA ,0.000000,0.000000,0.000,0.000,AP
2026-05-20 09:21:45,1900-01-00 00:00:00,Bilagg,7C:C3:85:9B:D5:E0,-63, WPA2  WPA ,0.000000,0.000000,0.000,0.000,AP
2026-05-20 09:21:46,1900-01-00 00:00:00,Bilagg,7C:C3:85:9B:D5:E0,-69, WPA2  WPA ,0.000000,0.000000,0.000,0.000,AP
2026-05-20 09:21:46,1900-01-00 00:00:00,Bilagg,7C:C3:85:9B:D5:E0,-69, WPA2  WPA ,0.000000,0.000000,0.000,0.000,AP
2026-05-20 09:21:46,1900-01-00 00:00:00,Bilagg,7C:C3:85:9B:D5:E0,-67, WPA2  WPA ,0.000000,0.000000,0.000,0.000,AP
2026-05-20 09:21:46,1900-01-00 00:00:00,Bilagg,7C:C3:85:9B:D5:E0,-75, WPA2  WPA ,0.000000,0.000000,0.000,0.000,AP
2026-05-20 09:21:47,1900-01-00 00:00:00,Bilagg,7C:C3:85:9B:D5:E0,-65, WPA2  WPA ,0.000000,0.000000,0.000,0.000,AP
2026-05-20 09:21:47,1900-01-00 00:00:00,Bilagg,7C:C3:85:9B:D5:E0,-75, WPA2  WPA ,0.000000,0.000000,0.000,0.000,AP
2026-05-20 09:21:47,1900-01-00 00:00:00,Bilagg,7C:C3:85:9B:D5:E0,-67, WPA2  WPA ,0.000000,0.000000,0.000,0.000,AP
2026-05-20 09:21:47,1900-01-00 00:00:00,Bilagg,7C:C3:85:9B:D5:E0,-73, WPA2  WPA ,0.000000,0.000000,0.000,0.000,AP
2026-05-20 09:21:48,1900-01-00 00:00:00,Bilagg,7C:C3:85:9B:D5:E0,-65, WPA2  WPA ,0.000000,0.000000,0.000,0.000,AP
2026-05-20 09:21:48,1900-01-00 00:00:00,Bilagg,7C:C3:85:9B:D5:E0,-77, WPA2  WPA ,0.000000,0.000000,0.000,0.000,AP
2026-05-20 09:21:48,1900-01-00 00:00:00,Bilagg,7C:C3:85:9B:D5:E0,-69, WPA2  WPA ,0.000000,0.000000,0.000,0.000,AP
2026-05-20 09:21:48,1900-01-00 00:00:00,Bilagg,7C:C3:85:9B:D5:E0,-69, WPA2  WPA ,0.000000,0.000000,0.000,0.000,AP
2026-05-20 09:21:48,1900-01-00 00:00:00,Bilagg,7C:C3:85:9B:D5:E0,-69, WPA2  WPA ,0.000000,0.000000,0.000,0.000,AP
2026-05-20 09:21:48,1900-01-00 00:00:00,Bilagg,7C:C3:85:9B:D5:E0,-73, WPA2  WPA ,0.000000,0.000000,0.000,0.000,AP
2026-05-20 09:21:48,1900-01-00 00:00:00,Bilagg,7C:C3:85:9B:D5:E0,-67, WPA2  WPA ,0.000000,0.000000,0.000,0.000,AP
2026-05-20 09:21:49,1900-01-00 00:00:00,Bilagg,7C:C3:85:9B:D5:E0,-67, WPA2  WPA ,0.000000,0.000000,0.000,0.000,AP
2026-05-20 09:21:49,1900-01-00 00:00:00,Bilagg,7C:C3:85:9B:D5:E0,-69, WPA2  WPA ,0.000000,0.000000,0.000,0.000,AP
2026-05-20 09:21:49,1900-01-00 00:00:00,Bilagg,7C:C3:85:9B:D5:E0,-65, WPA2  WPA ,0.000000,0.000000,0.000,0.000,AP
2026-05-20 09:21:49,1900-01-00 00:00:00,Bilagg,7C:C3:85:9B:D5:E0,-67, WPA2  WPA ,0.000000,0.000000,0.000,0.000,AP
2026-05-20 09:21:50,1900-01-00 00:00:00,Bilagg,7C:C3:85:9B:D5:E0,-71, WPA2  WPA ,0.000000,0.000000,0.000,0.000,AP
2026-05-20 09:21:50,1900-01-00 00:00:00,Bilagg,7C:C3:85:9B:D5:E0,-69, WPA2  WPA ,0.000000,0.000000,0.000,0.000,AP
2026-05-20 09:21:50,1900-01-00 00:00:00,Bilagg,7C:C3:85:9B:D5:E0,-67, WPA2  WPA ,0.000000,0.000000,0.000,0.000,AP
2026-05-20 09:21:50,1900-01-00 00:00:00,Bilagg,7C:C3:85:9B:D5:E0,-67, WPA2  WPA ,0.000000,0.000000,0.000,0.000,AP
2026-05-20 09:21:50,1900-01-00 00:00:00,Bilagg,7C:C3:85:9B:D5:E0,-69, WPA2  WPA ,0.000000,0.000000,0.000,0.000,AP
2026-05-20 09:21:51,1900-01-00 00:00:00,Bilagg,7C:C3:85:9B:D5:E0,-69, WPA2  WPA ,0.000000,0.000000,0.000,0.000,AP
2026-05-20 09:21:51,1900-01-00 00:00:00,Bilagg,7C:C3:85:9B:D5:E0,-91, WPA2  WPA ,0.000000,0.000000,0.000,0.000,AP
2026-05-20 09:21:51,1900-01-00 00:00:00,Bilagg,7C:C3:85:9B:D5:E0,-69, WPA2  WPA ,0.000000,0.000000,0.000,0.000,AP
2026-05-20 09:21:51,1900-01-00 00:00:00,Bilagg,7C:C3:85:9B:D5:E0,-69, WPA2  WPA ,0.000000,0.000000,0.000,0.000,AP
2026-05-20 09:21:51,1900-01-00 00:00:00,Bilagg,7C:C3:85:9B:D5:E0,-67, WPA2  WPA ,0.000000,0.000000,0.000,0.000,AP
2026-05-20 09:21:51,1900-01-00 00:00:00,Bilagg,7C:C3:85:9B:D5:E0,-69, WPA2  WPA ,0.000000,0.000000,0.000,0.000,AP
2026-05-20 09:21:51,1900-01-00 00:00:00,Bilagg,7C:C3:85:9B:D5:E0,-69, WPA2  WPA ,0.000000,0.000000,0.000,0.000,AP
2026-05-20 09:21:51,1900-01-00 00:00:00,Bilagg,7C:C3:85:9B:D5:E0,-69, WPA2  WPA ,0.000000,0.000000,0.000,0.000,AP
2026-05-20 09:21:51,1900-01-00 00:00:00,Bilagg,7C:C3:85:9B:D5:E0,-69, WPA2  WPA ,0.000000,0.000000,0.000,0.000,AP
2026-05-20 09:21:52,1900-01-00 00:00:00,Bilagg,7C:C3:85:9B:D5:E0,-69, WPA2  WPA ,0.000000,0.000000,0.000,0.000,AP
2026-05-20 09:21:52,1900-01-00 00:00:00,Bilagg,7C:C3:85:9B:D5:E0,-69, WPA2  WPA ,0.000000,0.000000,0.000,0.000,AP
2026-05-20 09:21:52,1900-01-00 00:00:00,Bilagg,7C:C3:85:9B:D5:E0,-69, WPA2  WPA ,0.000000,0.000000,0.000,0.000,AP
2026-05-20 09:21:52,1900-01-00 00:00:00,Bilagg,7C:C3:85:9B:D5:E0,-77, WPA2  WPA ,0.000000,0.000000,0.000,0.000,AP
2026-05-20 09:21:52,1900-01-00 00:00:00,Bilagg,7C:C3:85:9B:D5:E0,-69, WPA2  WPA ,0.000000,0.000000,0.000,0.000,AP
2026-05-20 09:21:52,1900-01-00 00:00:00,Bilagg,7C:C3:85:9B:D5:E0,-69, WPA2  WPA ,0.000000,0.000000,0.000,0.000,AP
2026-05-20 09:21:53,1900-01-00 00:00:00,Bilagg,7C:C3:85:9B:D5:E0,-65, WPA2  WPA ,0.000000,0.000000,0.000,0.000,AP
2026-05-20 09:21:53,1900-01-00 00:00:00,Bilagg,7C:C3:85:9B:D5:E0,-69, WPA2  WPA ,0.000000,0.000000,0.000,0.000,AP
2026-05-20 09:21:53,1900-01-00 00:00:00,Bilagg,7C:C3:85:9B:D5:E0,-67, WPA2  WPA ,0.000000,0.000000,0.000,0.000,AP
2026-05-20 09:21:53,1900-01-00 00:00:00,Bilagg,7C:C3:85:9B:D5:E0,-91, WPA2  WPA ,0.000000,0.000000,0.000,0.000,AP
2026-05-20 09:21:53,1900-01-00 00:00:00,Bilagg,7C:C3:85:9B:D5:E0,-69, WPA2  WPA ,0.000000,0.000000,0.000,0.000,AP
2026-05-20 09:21:54,1900-01-00 00:00:00,Bilagg,7C:C3:85:9B:D5:E0,-67, WPA2  WPA ,0.000000,0.000000,0.000,0.000,AP
2026-05-20 09:21:54,1900-01-00 00:00:00,Bilagg,7C:C3:85:9B:D5:E0,-69, WPA2  WPA ,0.000000,0.000000,0.000,0.000,AP
2026-05-20 09:21:54,1900-01-00 00:00:00,Bilagg,7C:C3:85:9B:D5:E0,-65, WPA2  WPA ,0.000000,0.000000,0.000,0.000,AP
2026-05-20 09:21:54,1900-01-00 00:00:00,Bilagg,7C:C3:85:9B:D5:E0,-67, WPA2  WPA ,0.000000,0.000000,0.000,0.000,AP
2026-05-20 09:21:54,1900-01-00 00:00:00,Bilagg,7C:C3:85:9B:D5:E0,-93, WPA2  WPA ,0.000000,0.000000,0.000,0.000,AP
2026-05-20 09:21:55,1900-01-00 00:00:00,Bilagg,7C:C3:85:9B:D5:E0,-67, WPA2  WPA ,0.000000,0.000000,0.000,0.000,AP
2026-05-20 09:21:55,1900-01-00 00:00:00,Bilagg,7C:C3:85:9B:D5:E0,-77, WPA2  WPA ,0.000000,0.000000,0.000,0.000,AP
2026-05-20 09:21:55,1900-01-00 00:00:00,Bilagg,7C:C3:85:9B:D5:E0,-67, WPA2  WPA ,0.000000,0.000000,0.000,0.000,AP
2026-05-20 09:21:55,1900-01-00 00:00:00,Bilagg,7C:C3:85:9B:D5:E0,-69, WPA2  WPA ,0.000000,0.000000,0.000,0.000,AP
2026-05-20 09:21:55,1900-01-00 00:00:00,Bilagg,7C:C3:85:9B:D5:E0,-69, WPA2  WPA ,0.000000,0.000000,0.000,0.000,AP
2026-05-20 09:21:55,1900-01-00 00:00:00,Bilagg,7C:C3:85:9B:D5:E0,-69, WPA2  WPA ,0.000000,0.000000,0.000,0.000,AP
2026-05-20 09:21:57,1900-01-00 00:00:00,Bilagg,7C:C3:85:9B:D5:E0,-69, WPA2  WPA ,0.000000,0.000000,0.000,0.000,AP
2026-05-20 09:21:57,1900-01-00 00:00:00,Bilagg,7C:C3:85:9B:D5:E0,-69, WPA2  WPA ,0.000000,0.000000,0.000,0.000,AP
2026-05-20 09:21:58,1900-01-00 00:00:00,Bilagg,7C:C3:85:9B:D5:E0,-67, WPA2  WPA ,0.000000,0.000000,0.000,0.000,AP
2026-05-20 09:21:58,1900-01-00 00:00:00,Bilagg,7C:C3:85:9B:D5:E0,-67, WPA2  WPA ,0.000000,0.000000,0.000,0.000,AP
2026-05-20 09:21:58,1900-01-00 00:00:00,Bilagg,7C:C3:85:9B:D5:E0,-69, WPA2  WPA ,0.000000,0.000000,0.000,0.000,AP
2026-05-20 09:21:58,1900-01-00 00:00:00,Bilagg,7C:C3:85:9B:D5:E0,-69, WPA2  WPA ,0.000000,0.000000,0.000,0.000,AP
2026-05-20 09:21:58,1900-01-00 00:00:00,Bilagg,7C:C3:85:9B:D5:E0,-93, WPA2  WPA ,0.000000,0.000000,0.000,0.000,AP
2026-05-20 09:21:58,1900-01-00 00:00:00,Bilagg,7C:C3:85:9B:D5:E0,-69, WPA2  WPA ,0.000000,0.000000,0.000,0.000,AP
2026-05-20 09:21:59,1900-01-00 00:00:00,Bilagg,7C:C3:85:9B:D5:E0,-77, WPA2  WPA ,0.000000,0.000000,0.000,0.000,AP
2026-05-20 09:21:59,1900-01-00 00:00:00,Bilagg,7C:C3:85:9B:D5:E0,-69, WPA2  WPA ,0.000000,0.000000,0.000,0.000,AP
2026-05-20 09:21:59,1900-01-00 00:00:00,Bilagg,7C:C3:85:9B:D5:E0,-93, WPA2  WPA ,0.000000,0.000000,0.000,0.000,AP
2026-05-20 09:21:59,1900-01-00 00:00:00,Bilagg,7C:C3:85:9B:D5:E0,-69, WPA2  WPA ,0.000000,0.000000,0.000,0.000,AP
2026-05-20 09:21:59,1900-01-00 00:00:00,Bilagg,7C:C3:85:9B:D5:E0,-77, WPA2  WPA ,0.000000,0.000000,0.000,0.000,AP
2026-05-20 09:21:59,1900-01-00 00:00:00,Bilagg,7C:C3:85:9B:D5:E0,-67, WPA2  WPA ,0.000000,0.000000,0.000,0.000,AP
2026-05-20 09:21:59,1900-01-00 00:00:00,Bilagg,7C:C3:85:9B:D5:E0,-77, WPA2  WPA ,0.000000,0.000000,0.000,0.000,AP
2026-05-20 09:21:59,1900-01-00 00:00:00,Bilagg,7C:C3:85:9B:D5:E0,-69, WPA2  WPA ,0.000000,0.000000,0.000,0.000,AP
2026-05-20 09:21:59,1900-01-00 00:00:00,Bilagg,7C:C3:85:9B:D5:E0,-77, WPA2  WPA ,0.000000,0.000000,0.000,0.000,AP
2026-05-20 09:21:59,1900-01-00 00:00:00,Bilagg,7C:C3:85:9B:D5:E0,-71, WPA2  WPA ,0.000000,0.000000,0.000,0.000,AP
2026-05-20 09:22:00,1900-01-00 00:00:00,Bilagg,7C:C3:85:9B:D5:E0,-93, WPA2  WPA ,0.000000,0.000000,0.000,0.000,AP
2026-05-20 09:22:00,1900-01-00 00:00:00,Bilagg,7C:C3:85:9B:D5:E0,-67, WPA2  WPA ,0.000000,0.000000,0.000,0.000,AP
2026-05-20 09:22:00,1900-01-00 00:00:00,Bilagg,7C:C3:85:9B:D5:E0,-81, WPA2  WPA ,0.000000,0.000000,0.000,0.000,AP
2026-05-20 09:22:00,1900-01-00 00:00:00,Bilagg,7C:C3:85:9B:D5:E0,-69, WPA2  WPA ,0.000000,0.000000,0.000,0.000,AP
2026-05-20 09:22:00,1900-01-00 00:00:00,Bilagg,7C:C3:85:9B:D5:E0,-91, WPA2  WPA ,0.000000,0.000000,0.000,0.000,AP
2026-05-20 09:22:00,1900-01-00 00:00:00,Bilagg,7C:C3:85:9B:D5:E0,-69, WPA2  WPA ,0.000000,0.000000,0.000,0.000,AP
2026-05-20 09:22:00,1900-01-00 00:00:00,Bilagg,7C:C3:85:9B:D5:E0,-65, WPA2  WPA ,0.000000,0.000000,0.000,0.000,AP
2026-05-20 09:22:01,1900-01-00 00:00:00,Bilagg,7C:C3:85:9B:D5:E0,-69, WPA2  WPA ,0.000000,0.000000,0.000,0.000,AP
2026-05-20 09:22:01,1900-01-00 00:00:00,Bilagg,7C:C3:85:9B:D5:E0,-69, WPA2  WPA ,0.000000,0.000000,0.000,0.000,AP
2026-05-20 09:22:01,1900-01-00 00:00:00,Bilagg,7C:C3:85:9B:D5:E0,-67, WPA2  WPA ,0.000000,0.000000,0.000,0.000,AP
2026-05-20 09:22:01,1900-01-00 00:00:00,Bilagg,7C:C3:85:9B:D5:E0,-81, WPA2  WPA ,0.000000,0.000000,0.000,0.000,AP
2026-05-20 09:22:01,1900-01-00 00:00:00,Bilagg,7C:C3:85:9B:D5:E0,-93, WPA2  WPA ,0.000000,0.000000,0.000,0.000,AP
2026-05-20 09:22:01,1900-01-00 00:00:00,Bilagg,7C:C3:85:9B:D5:E0,-81, WPA2  WPA ,0.000000,0.000000,0.000,0.000,AP
2026-05-20 09:22:02,1900-01-00 00:00:00,Bilagg,7C:C3:85:9B:D5:E0,-75, WPA2  WPA ,0.000000,0.000000,0.000,0.000,AP
2026-05-20 09:22:02,1900-01-00 00:00:00,Bilagg,7C:C3:85:9B:D5:E0,-89, WPA2  WPA ,0.000000,0.000000,0.000,0.000,AP
2026-05-20 09:22:02,1900-01-00 00:00:00,Bilagg,7C:C3:85:9B:D5:E0,-77, WPA2  WPA ,0.000000,0.000000,0.000,0.000,AP
2026-05-20 09:22:02,1900-01-00 00:00:00,Bilagg,7C:C3:85:9B:D5:E0,-77, WPA2  WPA ,0.000000,0.000000,0.000,0.000,AP
2026-05-20 09:22:02,1900-01-00 00:00:00,Bilagg,7C:C3:85:9B:D5:E0,-73, WPA2  WPA ,0.000000,0.000000,0.000,0.000,AP
2026-05-20 09:22:02,1900-01-00 00:00:00,Bilagg,7C:C3:85:9B:D5:E0,-69, WPA2  WPA ,0.000000,0.000000,0.000,0.000,AP
2026-05-20 09:22:02,1900-01-00 00:00:00,Bilagg,7C:C3:85:9B:D5:E0,-69, WPA2  WPA ,0.000000,0.000000,0.000,0.000,AP
2026-05-20 09:22:03,1900-01-00 00:00:00,Bilagg,7C:C3:85:9B:D5:E0,-69, WPA2  WPA ,0.000000,0.000000,0.000,0.000,AP
2026-05-20 09:22:03,1900-01-00 00:00:00,Bilagg,7C:C3:85:9B:D5:E0,-79, WPA2  WPA ,0.000000,0.000000,0.000,0.000,AP
2026-05-20 09:22:03,1900-01-00 00:00:00,Bilagg,7C:C3:85:9B:D5:E0,-69, WPA2  WPA ,0.000000,0.000000,0.000,0.000,AP
2026-05-20 09:22:03,1900-01-00 00:00:00,Bilagg,7C:C3:85:9B:D5:E0,-93, WPA2  WPA ,0.000000,0.000000,0.000,0.000,AP
2026-05-20 09:22:04,1900-01-00 00:00:00,Bilagg,7C:C3:85:9B:D5:E0,-73, WPA2  WPA ,0.000000,0.000000,0.000,0.000,AP
2026-05-20 09:22:04,1900-01-00 00:00:00,Bilagg,7C:C3:85:9B:D5:E0,-75, WPA2  WPA ,0.000000,0.000000,0.000,0.000,AP
2026-05-20 09:22:04,1900-01-00 00:00:00,Bilagg,7C:C3:85:9B:D5:E0,-87, WPA2  WPA ,0.000000,0.000000,0.000,0.000,AP
2026-05-20 09:22:04,1900-01-00 00:00:00,Bilagg,7C:C3:85:9B:D5:E0,-75, WPA2  WPA ,0.000000,0.000000,0.000,0.000,AP
2026-05-20 09:22:04,1900-01-00 00:00:00,Bilagg,7C:C3:85:9B:D5:E0,-77, WPA2  WPA ,0.000000,0.000000,0.000,0.000,AP
2026-05-20 09:22:04,1900-01-00 00:00:00,Bilagg,7C:C3:85:9B:D5:E0,-75, WPA2  WPA ,0.000000,0.000000,0.000,0.000,AP
2026-05-20 09:22:04,1900-01-00 00:00:00,Bilagg,7C:C3:85:9B:D5:E0,-81, WPA2  WPA ,0.000000,0.000000,0.000,0.000,AP
2026-05-20 09:22:04,1900-01-00 00:00:00,Bilagg,7C:C3:85:9B:D5:E0,-75, WPA2  WPA ,0.000000,0.000000,0.000,0.000,AP
2026-05-20 09:22:05,1900-01-00 00:00:00,Bilagg,7C:C3:85:9B:D5:E0,-93, WPA2  WPA ,0.000000,0.000000,0.000,0.000,AP
2026-05-20 09:22:05,1900-01-00 00:00:00,Bilagg,7C:C3:85:9B:D5:E0,-69, WPA2  WPA ,0.000000,0.000000,0.000,0.000,AP
2026-05-20 09:22:05,1900-01-00 00:00:00,Bilagg,7C:C3:85:9B:D5:E0,-65, WPA2  WPA ,0.000000,0.000000,0.000,0.000,AP
2026-05-20 09:22:05,1900-01-00 00:00:00,Bilagg,7C:C3:85:9B:D5:E0,-71, WPA2  WPA ,0.000000,0.000000,0.000,0.000,AP
2026-05-20 09:22:05,1900-01-00 00:00:00,Bilagg,7C:C3:85:9B:D5:E0,-79, WPA2  WPA ,0.000000,0.000000,0.000,0.000,AP
2026-05-20 09:22:05,1900-01-00 00:00:00,Bilagg,7C:C3:85:9B:D5:E0,-67, WPA2  WPA ,0.000000,0.000000,0.000,0.000,AP
2026-05-20 09:22:06,1900-01-00 00:00:00,Bilagg,7C:C3:85:9B:D5:E0,-69, WPA2  WPA ,0.000000,0.000000,0.000,0.000,AP
2026-05-20 09:22:06,1900-01-00 00:00:00,Bilagg,7C:C3:85:9B:D5:E0,-77, WPA2  WPA ,0.000000,0.000000,0.000,0.000,AP
2026-05-20 09:22:06,1900-01-00 00:00:00,Bilagg,7C:C3:85:9B:D5:E0,-71, WPA2  WPA ,0.000000,0.000000,0.000,0.000,AP
2026-05-20 09:22:06,1900-01-00 00:00:00,Bilagg,7C:C3:85:9B:D5:E0,-81, WPA2  WPA ,0.000000,0.000000,0.000,0.000,AP
2026-05-20 09:22:06,1900-01-00 00:00:00,Bilagg,7C:C3:85:9B:D5:E0,-73, WPA2  WPA ,0.000000,0.000000,0.000,0.000,AP
2026-05-20 09:22:06,1900-01-00 00:00:00,Bilagg,7C:C3:85:9B:D5:E0,-81, WPA2  WPA ,0.000000,0.000000,0.000,0.000,AP
2026-05-20 09:22:06,1900-01-00 00:00:00,Bilagg,7C:C3:85:9B:D5:E0,-67, WPA2  WPA ,0.000000,0.000000,0.000,0.000,AP
2026-05-20 09:22:06,1900-01-00 00:00:00,Bilagg,7C:C3:85:9B:D5:E0,-81, WPA2  WPA ,0.000000,0.000000,0.000,0.000,AP
2026-05-20 09:22:06,1900-01-00 00:00:00,Bilagg,7C:C3:85:9B:D5:E0,-71, WPA2  WPA ,0.000000,0.000000,0.000,0.000,AP
2026-05-20 09:22:07,1900-01-00 00:00:00,Bilagg,7C:C3:85:9B:D5:E0,-67, WPA2  WPA ,0.000000,0.000000,0.000,0.000,AP
2026-05-20 09:22:07,1900-01-00 00:00:00,Bilagg,7C:C3:85:9B:D5:E0,-65, WPA2  WPA ,0.000000,0.000000,0.000,0.000,AP
2026-05-20 09:22:07,1900-01-00 00:00:00,Bilagg,7C:C3:85:9B:D5:E0,-71, WPA2  WPA ,0.000000,0.000000,0.000,0.000,AP
2026-05-20 09:22:07,1900-01-00 00:00:00,Bilagg,7C:C3:85:9B:D5:E0,-81, WPA2  WPA ,0.000000,0.000000,0.000,0.000,AP
2026-05-20 09:22:07,1900-01-00 00:00:00,Bilagg,7C:C3:85:9B:D5:E0,-67, WPA2  WPA ,0.000000,0.000000,0.000,0.000,AP
2026-05-20 09:22:08,1900-01-00 00:00:00,Bilagg,7C:C3:85:9B:D5:E0,-71, WPA2  WPA ,0.000000,0.000000,0.000,0.000,AP
2026-05-20 09:22:08,1900-01-00 00:00:00,Bilagg,7C:C3:85:9B:D5:E0,-77, WPA2  WPA ,0.000000,0.000000,0.000,0.000,AP
2026-05-20 09:22:08,1900-01-00 00:00:00,Bilagg,7C:C3:85:9B:D5:E0,-73, WPA2  WPA ,0.000000,0.000000,0.000,0.000,AP
2026-05-20 09:22:08,1900-01-00 00:00:00,Bilagg,7C:C3:85:9B:D5:E0,-73, WPA2  WPA ,0.000000,0.000000,0.000,0.000,AP
2026-05-20 09:22:08,1900-01-00 00:00:00,Bilagg,7C:C3:85:9B:D5:E0,-71, WPA2  WPA ,0.000000,0.000000,0.000,0.000,AP
2026-05-20 09:22:08,1900-01-00 00:00:00,Bilagg,7C:C3:85:9B:D5:E0,-69, WPA2  WPA ,0.000000,0.000000,0.000,0.000,AP
2026-05-20 09:22:08,1900-01-00 00:00:00,Bilagg,7C:C3:85:9B:D5:E0,-75, WPA2  WPA ,0.000000,0.000000,0.000,0.000,AP
2026-05-20 09:22:08,1900-01-00 00:00:00,Bilagg,7C:C3:85:9B:D5:E0,-79, WPA2  WPA ,0.000000,0.000000,0.000,0.000,AP
2026-05-20 09:22:09,1900-01-00 00:00:00,Bilagg,7C:C3:85:9B:D5:E0,-69, WPA2  WPA ,0.000000,0.000000,0.000,0.000,AP
2026-05-20 09:22:09,1900-01-00 00:00:00,Bilagg,7C:C3:85:9B:D5:E0,-73, WPA2  WPA ,0.000000,0.000000,0.000,0.000,AP
2026-05-20 09:22:09,1900-01-00 00:00:00,Bilagg,7C:C3:85:9B:D5:E0,-73, WPA2  WPA ,0.000000,0.000000,0.000,0.000,AP
2026-05-20 09:22:09,1900-01-00 00:00:00,Bilagg,7C:C3:85:9B:D5:E0,-69, WPA2  WPA ,0.000000,0.000000,0.000,0.000,AP
2026-05-20 09:22:09,1900-01-00 00:00:00,Bilagg,7C:C3:85:9B:D5:E0,-73, WPA2  WPA ,0.000000,0.000000,0.000,0.000,AP
2026-05-20 09:22:09,1900-01-00 00:00:00,Bilagg,7C:C3:85:9B:D5:E0,-69, WPA2  WPA ,0.000000,0.000000,0.000,0.000,AP
2026-05-20 09:22:09,1900-01-00 00:00:00,Bilagg,7C:C3:85:9B:D5:E0,-73, WPA2  WPA ,0.000000,0.000000,0.000,0.000,AP
2026-05-20 09:22:09,1900-01-00 00:00:00,Bilagg,7C:C3:85:9B:D5:E0,-73, WPA2  WPA ,0.000000,0.000000,0.000,0.000,AP
2026-05-20 09:22:09,1900-01-00 00:00:00,Bilagg,7C:C3:85:9B:D5:E0,-71, WPA2  WPA ,0.000000,0.000000,0.000,0.000,AP
2026-05-20 09:22:09,1900-01-00 00:00:00,Bilagg,7C:C3:85:9B:D5:E0,-69, WPA2  WPA ,0.000000,0.000000,0.000,0.000,AP
2026-05-20 09:22:09,1900-01-00 00:00:00,Bilagg,7C:C3:85:9B:D5:E0,-71, WPA2  WPA ,0.000000,0.000000,0.000,0.000,AP
2026-05-20 09:22:09,1900-01-00 00:00:00,Bilagg,7C:C3:85:9B:D5:E0,-93, WPA2  WPA ,0.000000,0.000000,0.000,0.000,AP
2026-05-20 09:22:09,1900-01-00 00:00:00,Bilagg,7C:C3:85:9B:D5:E0,-69, WPA2  WPA ,0.000000,0.000000,0.000,0.000,AP
2026-05-20 09:22:10,1900-01-00 00:00:00,Bilagg,7C:C3:85:9B:D5:E0,-73, WPA2  WPA ,0.000000,0.000000,0.000,0.000,AP
2026-05-20 09:22:10,1900-01-00 00:00:00,Bilagg,7C:C3:85:9B:D5:E0,-73, WPA2  WPA ,0.000000,0.000000,0.000,0.000,AP
2026-05-20 09:22:10,1900-01-00 00:00:00,Bilagg,7C:C3:85:9B:D5:E0,-93, WPA2  WPA ,0.000000,0.000000,0.000,0.000,AP
2026-05-20 09:22:10,1900-01-00 00:00:00,Bilagg,7C:C3:85:9B:D5:E0,-67, WPA2  WPA ,0.000000,0.000000,0.000,0.000,AP
2026-05-20 09:22:10,1900-01-00 00:00:00,Bilagg,7C:C3:85:9B:D5:E0,-79, WPA2  WPA ,0.000000,0.000000,0.000,0.000,AP
2026-05-20 09:22:11,1900-01-00 00:00:00,Bilagg,7C:C3:85:9B:D5:E0,-73, WPA2  WPA ,0.000000,0.000000,0.000,0.000,AP
2026-05-20 09:22:11,1900-01-00 00:00:00,Bilagg,7C:C3:85:9B:D5:E0,-79, WPA2  WPA ,0.000000,0.000000,0.000,0.000,AP
2026-05-20 09:22:11,1900-01-00 00:00:00,Bilagg,7C:C3:85:9B:D5:E0,-69, WPA2  WPA ,0.000000,0.000000,0.000,0.000,AP
2026-05-20 09:22:12,1900-01-00 00:00:00,Bilagg,7C:C3:85:9B:D5:E0,-71, WPA2  WPA ,0.000000,0.000000,0.000,0.000,AP
2026-05-20 09:22:12,1900-01-00 00:00:00,Bilagg,7C:C3:85:9B:D5:E0,-79, WPA2  WPA ,0.000000,0.000000,0.000,0.000,AP
2026-05-20 09:22:12,1900-01-00 00:00:00,Bilagg,7C:C3:85:9B:D5:E0,-71, WPA2  WPA ,0.000000,0.000000,0.000,0.000,AP
2026-05-20 09:22:12,1900-01-00 00:00:00,Bilagg,7C:C3:85:9B:D5:E0,-77, WPA2  WPA ,0.000000,0.000000,0.000,0.000,AP
2026-05-20 09:22:12,1900-01-00 00:00:00,Bilagg,7C:C3:85:9B:D5:E0,-73, WPA2  WPA ,0.000000,0.000000,0.000,0.000,AP
2026-05-20 09:22:12,1900-01-00 00:00:00,Bilagg,7C:C3:85:9B:D5:E0,-67, WPA2  WPA ,0.000000,0.000000,0.000,0.000,AP
2026-05-20 09:22:13,1900-01-00 00:00:00,Bilagg,7C:C3:85:9B:D5:E0,-63, WPA2  WPA ,0.000000,0.000000,0.000,0.000,AP
2026-05-20 09:22:13,1900-01-00 00:00:00,Bilagg,7C:C3:85:9B:D5:E0,-93, WPA2  WPA ,0.000000,0.000000,0.000,0.000,AP
2026-05-20 09:22:13,1900-01-00 00:00:00,Bilagg,7C:C3:85:9B:D5:E0,-73, WPA2  WPA ,0.000000,0.000000,0.000,0.000,AP
2026-05-20 09:22:13,1900-01-00 00:00:00,Bilagg,7C:C3:85:9B:D5:E0,-77, WPA2  WPA ,0.000000,0.000000,0.000,0.000,AP
2026-05-20 09:22:13,1900-01-00 00:00:00,Bilagg,7C:C3:85:9B:D5:E0,-77, WPA2  WPA ,0.000000,0.000000,0.000,0.000,AP
2026-05-20 09:22:13,1900-01-00 00:00:00,Bilagg,7C:C3:85:9B:D5:E0,-73, WPA2  WPA ,0.000000,0.000000,0.000,0.000,AP
2026-05-20 09:22:13,1900-01-00 00:00:00,Bilagg,7C:C3:85:9B:D5:E0,-81, WPA2  WPA ,0.000000,0.000000,0.000,0.000,AP
2026-05-20 09:22:13,1900-01-00 00:00:00,Bilagg,7C:C3:85:9B:D5:E0,-71, WPA2  WPA ,0.000000,0.000000,0.000,0.000,AP
2026-05-20 09:22:14,1900-01-00 00:00:00,Bilagg,7C:C3:85:9B:D5:E0,-67, WPA2  WPA ,0.000000,0.000000,0.000,0.000,AP
2026-05-20 09:22:14,1900-01-00 00:00:00,Bilagg,7C:C3:85:9B:D5:E0,-71, WPA2  WPA ,0.000000,0.000000,0.000,0.000,AP
2026-05-20 09:22:14,1900-01-00 00:00:00,Bilagg,7C:C3:85:9B:D5:E0,-83, WPA2  WPA ,0.000000,0.000000,0.000,0.000,AP
2026-05-20 09:22:14,1900-01-00 00:00:00,Bilagg,7C:C3:85:9B:D5:E0,-69, WPA2  WPA ,0.000000,0.000000,0.000,0.000,AP
2026-05-20 09:22:14,1900-01-00 00:00:00,Bilagg,7C:C3:85:9B:D5:E0,-71, WPA2  WPA ,0.000000,0.000000,0.000,0.000,AP
2026-05-20 09:22:14,1900-01-00 00:00:00,Bilagg,7C:C3:85:9B:D5:E0,-81, WPA2  WPA ,0.000000,0.000000,0.000,0.000,AP
2026-05-20 09:22:14,1900-01-00 00:00:00,Bilagg,7C:C3:85:9B:D5:E0,-71, WPA2  WPA ,0.000000,0.000000,0.000,0.000,AP
2026-05-20 09:22:14,1900-01-00 00:00:00,Bilagg,7C:C3:85:9B:D5:E0,-77, WPA2  WPA ,0.000000,0.000000,0.000,0.000,AP
2026-05-20 09:22:15,1900-01-00 00:00:00,Bilagg,7C:C3:85:9B:D5:E0,-69, WPA2  WPA ,0.000000,0.000000,0.000,0.000,AP
2026-05-20 09:22:15,1900-01-00 00:00:00,Bilagg,7C:C3:85:9B:D5:E0,-67, WPA2  WPA ,0.000000,0.000000,0.000,0.000,AP
2026-05-20 09:22:15,1900-01-00 00:00:00,Bilagg,7C:C3:85:9B:D5:E0,-77, WPA2  WPA ,0.000000,0.000000,0.000,0.000,AP
2026-05-20 09:22:15,1900-01-00 00:00:00,Bilagg,7C:C3:85:9B:D5:E0,-69, WPA2  WPA ,0.000000,0.000000,0.000,0.000,AP
2026-05-20 09:22:15,1900-01-00 00:00:00,Bilagg,7C:C3:85:9B:D5:E0,-93, WPA2  WPA ,0.000000,0.000000,0.000,0.000,AP
2026-05-20 09:22:15,1900-01-00 00:00:00,Bilagg,7C:C3:85:9B:D5:E0,-71, WPA2  WPA ,0.000000,0.000000,0.000,0.000,AP
2026-05-20 09:22:15,1900-01-00 00:00:00,Bilagg,7C:C3:85:9B:D5:E0,-77, WPA2  WPA ,0.000000,0.000000,0.000,0.000,AP
2026-05-20 09:22:15,1900-01-00 00:00:00,Bilagg,7C:C3:85:9B:D5:E0,-73, WPA2  WPA ,0.000000,0.000000,0.000,0.000,AP
2026-05-20 09:22:15,1900-01-00 00:00:00,Bilagg,7C:C3:85:9B:D5:E0,-73, WPA2  WPA ,0.000000,0.000000,0.000,0.000,AP
2026-05-20 09:22:16,1900-01-00 00:00:00,Bilagg,7C:C3:85:9B:D5:E0,-73, WPA2  WPA ,0.000000,0.000000,0.000,0.000,AP
2026-05-20 09:22:16,1900-01-00 00:00:00,Bilagg,7C:C3:85:9B:D5:E0,-71, WPA2  WPA ,0.000000,0.000000,0.000,0.000,AP
2026-05-20 09:22:16,1900-01-00 00:00:00,Bilagg,7C:C3:85:9B:D5:E0,-73, WPA2  WPA ,0.000000,0.000000,0.000,0.000,AP
2026-05-20 09:22:16,1900-01-00 00:00:00,Bilagg,7C:C3:85:9B:D5:E0,-75, WPA2  WPA ,0.000000,0.000000,0.000,0.000,AP
2026-05-20 09:22:16,1900-01-00 00:00:00,Bilagg,7C:C3:85:9B:D5:E0,-73, WPA2  WPA ,0.000000,0.000000,0.000,0.000,AP
2026-05-20 09:22:16,1900-01-00 00:00:00,Bilagg,7C:C3:85:9B:D5:E0,-93, WPA2  WPA ,0.000000,0.000000,0.000,0.000,AP
2026-05-20 09:22:16,1900-01-00 00:00:00,Bilagg,7C:C3:85:9B:D5:E0,-71, WPA2  WPA ,0.000000,0.000000,0.000,0.000,AP
2026-05-20 09:22:17,1900-01-00 00:00:00,Bilagg,7C:C3:85:9B:D5:E0,-67, WPA2  WPA ,0.000000,0.000000,0.000,0.000,AP
2026-05-20 09:22:17,1900-01-00 00:00:00,Bilagg,7C:C3:85:9B:D5:E0,-73, WPA2  WPA ,0.000000,0.000000,0.000,0.000,AP
2026-05-20 09:22:17,1900-01-00 00:00:00,Bilagg,7C:C3:85:9B:D5:E0,-77, WPA2  WPA ,0.000000,0.000000,0.000,0.000,AP
2026-05-20 09:22:17,1900-01-00 00:00:00,Bilagg,7C:C3:85:9B:D5:E0,-73, WPA2  WPA ,0.000000,0.000000,0.000,0.000,AP
2026-05-20 09:22:17,1900-01-00 00:00:00,Bilagg,7C:C3:85:9B:D5:E0,-75, WPA2  WPA ,0.000000,0.000000,0.000,0.000,AP
2026-05-20 09:22:17,1900-01-00 00:00:00,Bilagg,7C:C3:85:9B:D5:E0,-77, WPA2  WPA ,0.000000,0.000000,0.000,0.000,AP
2026-05-20 09:22:17,1900-01-00 00:00:00,Bilagg,7C:C3:85:9B:D5:E0,-73, WPA2  WPA ,0.000000,0.000000,0.000,0.000,AP
2026-05-20 09:22:18,1900-01-00 00:00:00,Bilagg,7C:C3:85:9B:D5:E0,-73, WPA2  WPA ,0.000000,0.000000,0.000,0.000,AP
2026-05-20 09:22:18,1900-01-00 00:00:00,Bilagg,7C:C3:85:9B:D5:E0,-73, WPA2  WPA ,0.000000,0.000000,0.000,0.000,AP
2026-05-20 09:22:18,1900-01-00 00:00:00,Bilagg,7C:C3:85:9B:D5:E0,-93, WPA2  WPA ,0.000000,0.000000,0.000,0.000,AP
2026-05-20 09:22:18,1900-01-00 00:00:00,Bilagg,7C:C3:85:9B:D5:E0,-73, WPA2  WPA ,0.000000,0.000000,0.000,0.000,AP
2026-05-20 09:22:18,1900-01-00 00:00:00,Bilagg,7C:C3:85:9B:D5:E0,-77, WPA2  WPA ,0.000000,0.000000,0.000,0.000,AP
2026-05-20 09:22:18,1900-01-00 00:00:00,Bilagg,7C:C3:85:9B:D5:E0,-73, WPA2  WPA ,0.000000,0.000000,0.000,0.000,AP
2026-05-20 09:22:18,1900-01-00 00:00:00,Bilagg,7C:C3:85:9B:D5:E0,-77, WPA2  WPA ,0.000000,0.000000,0.000,0.000,AP
2026-05-20 09:22:18,1900-01-00 00:00:00,Bilagg,7C:C3:85:9B:D5:E0,-71, WPA2  WPA ,0.000000,0.000000,0.000,0.000,AP
2026-05-20 09:22:19,1900-01-00 00:00:00,Bilagg,7C:C3:85:9B:D5:E0,-93, WPA2  WPA ,0.000000,0.000000,0.000,0.000,AP
2026-05-20 09:22:19,1900-01-00 00:00:00,Bilagg,7C:C3:85:9B:D5:E0,-73, WPA2  WPA ,0.000000,0.000000,0.000,0.000,AP
2026-05-20 09:22:19,1900-01-00 00:00:00,Bilagg,7C:C3:85:9B:D5:E0,-67, WPA2  WPA ,0.000000,0.000000,0.000,0.000,AP
2026-05-20 09:22:19,1900-01-00 00:00:00,Bilagg,7C:C3:85:9B:D5:E0,-73, WPA2  WPA ,0.000000,0.000000,0.000,0.000,AP
2026-05-20 09:22:19,1900-01-00 00:00:00,Bilagg,7C:C3:85:9B:D5:E0,-75, WPA2  WPA ,0.000000,0.000000,0.000,0.000,AP
2026-05-20 09:22:19,1900-01-00 00:00:00,Bilagg,7C:C3:85:9B:D5:E0,-65, WPA2  WPA ,0.000000,0.000000,0.000,0.000,AP
2026-05-20 09:22:19,1900-01-00 00:00:00,Bilagg,7C:C3:85:9B:D5:E0,-75, WPA2  WPA ,0.000000,0.000000,0.000,0.000,AP
2026-05-20 09:22:20,1900-01-00 00:00:00,Bilagg,7C:C3:85:9B:D5:E0,-73, WPA2  WPA ,0.000000,0.000000,0.000,0.000,AP
2026-05-20 09:22:20,1900-01-00 00:00:00,Bilagg,7C:C3:85:9B:D5:E0,-75, WPA2  WPA ,0.000000,0.000000,0.000,0.000,AP
2026-05-20 09:22:20,1900-01-00 00:00:00,Bilagg,7C:C3:85:9B:D5:E0,-71, WPA2  WPA ,0.000000,0.000000,0.000,0.000,AP
2026-05-20 09:22:20,1900-01-00 00:00:00,Bilagg,7C:C3:85:9B:D5:E0,-67, WPA2  WPA ,0.000000,0.000000,0.000,0.000,AP
2026-05-20 09:22:20,1900-01-00 00:00:00,Bilagg,7C:C3:85:9B:D5:E0,-75, WPA2  WPA ,0.000000,0.000000,0.000,0.000,AP
2026-05-20 09:22:21,1900-01-00 00:00:00,Bilagg,7C:C3:85:9B:D5:E0,-71, WPA2  WPA ,0.000000,0.000000,0.000,0.000,AP
2026-05-20 09:22:21,1900-01-00 00:00:00,Bilagg,7C:C3:85:9B:D5:E0,-75, WPA2  WPA ,0.000000,0.000000,0.000,0.000,AP
2026-05-20 09:22:21,1900-01-00 00:00:00,Bilagg,7C:C3:85:9B:D5:E0,-71, WPA2  WPA ,0.000000,0.000000,0.000,0.000,AP
2026-05-20 09:22:21,1900-01-00 00:00:00,Bilagg,7C:C3:85:9B:D5:E0,-71, WPA2  WPA ,0.000000,0.000000,0.000,0.000,AP
2026-05-20 09:22:21,1900-01-00 00:00:00,Bilagg,7C:C3:85:9B:D5:E0,-73, WPA2  WPA ,0.000000,0.000000,0.000,0.000,AP
2026-05-20 09:22:21,1900-01-00 00:00:00,Bilagg,7C:C3:85:9B:D5:E0,-73, WPA2  WPA ,0.000000,0.000000,0.000,0.000,AP
2026-05-20 09:22:21,1900-01-00 00:00:00,Bilagg,7C:C3:85:9B:D5:E0,-73, WPA2  WPA ,0.000000,0.000000,0.000,0.000,AP
2026-05-20 09:22:21,1900-01-00 00:00:00,Bilagg,7C:C3:85:9B:D5:E0,-71, WPA2  WPA ,0.000000,0.000000,0.000,0.000,AP
2026-05-20 09:22:21,1900-01-00 00:00:00,Bilagg,7C:C3:85:9B:D5:E0,-73, WPA2  WPA ,0.000000,0.000000,0.000,0.000,AP
2026-05-20 09:22:21,1900-01-00 00:00:00,Bilagg,7C:C3:85:9B:D5:E0,-73, WPA2  WPA ,0.000000,0.000000,0.000,0.000,AP
2026-05-20 09:22:21,1900-01-00 00:00:00,Bilagg,7C:C3:85:9B:D5:E0,-69, WPA2  WPA ,0.000000,0.000000,0.000,0.000,AP
2026-05-20 09:22:22,1900-01-00 00:00:00,Bilagg,7C:C3:85:9B:D5:E0,-69, WPA2  WPA ,0.000000,0.000000,0.000,0.000,AP
2026-05-20 09:22:22,1900-01-00 00:00:00,Bilagg,7C:C3:85:9B:D5:E0,-71, WPA2  WPA ,0.000000,0.000000,0.000,0.000,AP
2026-05-20 09:22:22,1900-01-00 00:00:00,Bilagg,7C:C3:85:9B:D5:E0,-77, WPA2  WPA ,0.000000,0.000000,0.000,0.000,AP
2026-05-20 09:22:22,1900-01-00 00:00:00,Bilagg,7C:C3:85:9B:D5:E0,-71, WPA2  WPA ,0.000000,0.000000,0.000,0.000,AP
2026-05-20 09:22:22,1900-01-00 00:00:00,Bilagg,7C:C3:85:9B:D5:E0,-87, WPA2  WPA ,0.000000,0.000000,0.000,0.000,AP
2026-05-20 09:22:22,1900-01-00 00:00:00,Bilagg,7C:C3:85:9B:D5:E0,-73, WPA2  WPA ,0.000000,0.000000,0.000,0.000,AP
2026-05-20 09:22:22,1900-01-00 00:00:00,Bilagg,7C:C3:85:9B:D5:E0,-73, WPA2  WPA ,0.000000,0.000000,0.000,0.000,AP
2026-05-20 09:22:22,1900-01-00 00:00:00,Bilagg,7C:C3:85:9B:D5:E0,-69, WPA2  WPA ,0.000000,0.000000,0.000,0.000,AP
2026-05-20 09:22:22,1900-01-00 00:00:00,Bilagg,7C:C3:85:9B:D5:E0,-69, WPA2  WPA ,0.000000,0.000000,0.000,0.000,AP
2026-05-20 09:22:22,1900-01-00 00:00:00,Bilagg,7C:C3:85:9B:D5:E0,-69, WPA2  WPA ,0.000000,0.000000,0.000,0.000,AP
2026-05-20 09:22:22,1900-01-00 00:00:00,Bilagg,7C:C3:85:9B:D5:E0,-73, WPA2  WPA ,0.000000,0.000000,0.000,0.000,AP
2026-05-20 09:22:23,1900-01-00 00:00:00,Bilagg,7C:C3:85:9B:D5:E0,-71, WPA2  WPA ,0.000000,0.000000,0.000,0.000,AP
2026-05-20 09:22:23,1900-01-00 00:00:00,Bilagg,7C:C3:85:9B:D5:E0,-73, WPA2  WPA ,0.000000,0.000000,0.000,0.000,AP
2026-05-20 09:22:23,1900-01-00 00:00:00,Bilagg,7C:C3:85:9B:D5:E0,-75, WPA2  WPA ,0.000000,0.000000,0.000,0.000,AP
2026-05-20 09:22:23,1900-01-00 00:00:00,Bilagg,7C:C3:85:9B:D5:E0,-69, WPA2  WPA ,0.000000,0.000000,0.000,0.000,AP
2026-05-20 09:22:23,1900-01-00 00:00:00,Bilagg,7C:C3:85:9B:D5:E0,-73, WPA2  WPA ,0.000000,0.000000,0.000,0.000,AP
2026-05-20 09:22:23,1900-01-00 00:00:00,Bilagg,7C:C3:85:9B:D5:E0,-71, WPA2  WPA ,0.000000,0.000000,0.000,0.000,AP
2026-05-20 09:22:23,1900-01-00 00:00:00,Bilagg,7C:C3:85:9B:D5:E0,-77, WPA2  WPA ,0.000000,0.000000,0.000,0.000,AP
2026-05-20 09:22:23,1900-01-00 00:00:00,Bilagg,7C:C3:85:9B:D5:E0,-77, WPA2  WPA ,0.000000,0.000000,0.000,0.000,AP
2026-05-20 09:22:23,1900-01-00 00:00:00,Bilagg,7C:C3:85:9B:D5:E0,-73, WPA2  WPA ,0.000000,0.000000,0.000,0.000,AP
2026-05-20 09:22:23,1900-01-00 00:00:00,Bilagg,7C:C3:85:9B:D5:E0,-71, WPA2  WPA ,0.000000,0.000000,0.000,0.000,AP
2026-05-20 09:22:24,1900-01-00 00:00:00,Bilagg,7C:C3:85:9B:D5:E0,-73, WPA2  WPA ,0.000000,0.000000,0.000,0.000,AP
2026-05-20 09:22:24,1900-01-00 00:00:00,Bilagg,7C:C3:85:9B:D5:E0,-69, WPA2  WPA ,0.000000,0.000000,0.000,0.000,AP
2026-05-20 09:22:24,1900-01-00 00:00:00,Bilagg,7C:C3:85:9B:D5:E0,-73, WPA2  WPA ,0.000000,0.000000,0.000,0.000,AP
2026-05-20 09:22:24,1900-01-00 00:00:00,Bilagg,7C:C3:85:9B:D5:E0,-91, WPA2  WPA ,0.000000,0.000000,0.000,0.000,AP
2026-05-20 09:22:24,1900-01-00 00:00:00,Bilagg,7C:C3:85:9B:D5:E0,-69, WPA2  WPA ,0.000000,0.000000,0.000,0.000,AP
2026-05-20 09:22:24,1900-01-00 00:00:00,Bilagg,7C:C3:85:9B:D5:E0,-69, WPA2  WPA ,0.000000,0.000000,0.000,0.000,AP
2026-05-20 09:22:24,1900-01-00 00:00:00,Bilagg,7C:C3:85:9B:D5:E0,-73, WPA2  WPA ,0.000000,0.000000,0.000,0.000,AP
2026-05-20 09:22:24,1900-01-00 00:00:00,Bilagg,7C:C3:85:9B:D5:E0,-85, WPA2  WPA ,0.000000,0.000000,0.000,0.000,AP
2026-05-20 09:22:24,1900-01-00 00:00:00,Bilagg,7C:C3:85:9B:D5:E0,-71, WPA2  WPA ,0.000000,0.000000,0.000,0.000,AP
2026-05-20 09:22:25,1900-01-00 00:00:00,Bilagg,7C:C3:85:9B:D5:E0,-71, WPA2  WPA ,0.000000,0.000000,0.000,0.000,AP
2026-05-20 09:22:25,1900-01-00 00:00:00,Bilagg,7C:C3:85:9B:D5:E0,-75, WPA2  WPA ,0.000000,0.000000,0.000,0.000,AP
2026-05-20 09:22:25,1900-01-00 00:00:00,Bilagg,7C:C3:85:9B:D5:E0,-69, WPA2  WPA ,0.000000,0.000000,0.000,0.000,AP
2026-05-20 09:22:25,1900-01-00 00:00:00,Bilagg,7C:C3:85:9B:D5:E0,-69, WPA2  WPA ,0.000000,0.000000,0.000,0.000,AP
2026-05-20 09:22:25,1900-01-00 00:00:00,Bilagg,7C:C3:85:9B:D5:E0,-77, WPA2  WPA ,0.000000,0.000000,0.000,0.000,AP
2026-05-20 09:22:25,1900-01-00 00:00:00,Bilagg,7C:C3:85:9B:D5:E0,-73, WPA2  WPA ,0.000000,0.000000,0.000,0.000,AP
2026-05-20 09:22:25,1900-01-00 00:00:00,Bilagg,7C:C3:85:9B:D5:E0,-77, WPA2  WPA ,0.000000,0.000000,0.000,0.000,AP
2026-05-20 09:22:25,1900-01-00 00:00:00,Bilagg,7C:C3:85:9B:D5:E0,-69, WPA2  WPA ,0.000000,0.000000,0.000,0.000,AP
2026-05-20 09:22:26,1900-01-00 00:00:00,Bilagg,7C:C3:85:9B:D5:E0,-91, WPA2  WPA ,0.000000,0.000000,0.000,0.000,AP
2026-05-20 09:22:26,1900-01-00 00:00:00,Bilagg,7C:C3:85:9B:D5:E0,-69, WPA2  WPA ,0.000000,0.000000,0.000,0.000,AP
2026-05-20 09:22:26,1900-01-00 00:00:00,Bilagg,7C:C3:85:9B:D5:E0,-75, WPA2  WPA ,0.000000,0.000000,0.000,0.000,AP
2026-05-20 09:22:26,1900-01-00 00:00:00,Bilagg,7C:C3:85:9B:D5:E0,-71, WPA2  WPA ,0.000000,0.000000,0.000,0.000,AP
2026-05-20 09:22:26,1900-01-00 00:00:00,Bilagg,7C:C3:85:9B:D5:E0,-77, WPA2  WPA ,0.000000,0.000000,0.000,0.000,AP
2026-05-20 09:22:26,1900-01-00 00:00:00,Bilagg,7C:C3:85:9B:D5:E0,-71, WPA2  WPA ,0.000000,0.000000,0.000,0.000,AP
2026-05-20 09:22:26,1900-01-00 00:00:00,Bilagg,7C:C3:85:9B:D5:E0,-69, WPA2  WPA ,0.000000,0.000000,0.000,0.000,AP
2026-05-20 09:22:26,1900-01-00 00:00:00,Bilagg,7C:C3:85:9B:D5:E0,-93, WPA2  WPA ,0.000000,0.000000,0.000,0.000,AP
2026-05-20 09:22:26,1900-01-00 00:00:00,Bilagg,7C:C3:85:9B:D5:E0,-73, WPA2  WPA ,0.000000,0.000000,0.000,0.000,AP
2026-05-20 09:22:26,1900-01-00 00:00:00,Bilagg,7C:C3:85:9B:D5:E0,-73, WPA2  WPA ,0.000000,0.000000,0.000,0.000,AP
2026-05-20 09:22:26,1900-01-00 00:00:00,Bilagg,7C:C3:85:9B:D5:E0,-67, WPA2  WPA ,0.000000,0.000000,0.000,0.000,AP
2026-05-20 09:22:26,1900-01-00 00:00:00,Bilagg,7C:C3:85:9B:D5:E0,-71, WPA2  WPA ,0.000000,0.000000,0.000,0.000,AP
2026-05-20 09:22:26,1900-01-00 00:00:00,Bilagg,7C:C3:85:9B:D5:E0,-73, WPA2  WPA ,0.000000,0.000000,0.000,0.000,AP
2026-05-20 09:22:27,1900-01-00 00:00:00,Bilagg,7C:C3:85:9B:D5:E0,-67, WPA2  WPA ,0.000000,0.000000,0.000,0.000,AP
2026-05-20 09:22:27,1900-01-00 00:00:00,Bilagg,7C:C3:85:9B:D5:E0,-93, WPA2  WPA ,0.000000,0.000000,0.000,0.000,AP
2026-05-20 09:22:27,1900-01-00 00:00:00,Bilagg,7C:C3:85:9B:D5:E0,-71, WPA2  WPA ,0.000000,0.000000,0.000,0.000,AP
2026-05-20 09:22:27,1900-01-00 00:00:00,Bilagg,7C:C3:85:9B:D5:E0,-81, WPA2  WPA ,0.000000,0.000000,0.000,0.000,AP
2026-05-20 09:22:27,1900-01-00 00:00:00,Bilagg,7C:C3:85:9B:D5:E0,-77, WPA2  WPA ,0.000000,0.000000,0.000,0.000,AP
2026-05-20 09:22:27,1900-01-00 00:00:00,Bilagg,7C:C3:85:9B:D5:E0,-73, WPA2  WPA ,0.000000,0.000000,0.000,0.000,AP
2026-05-20 09:22:28,1900-01-00 00:00:00,Bilagg,7C:C3:85:9B:D5:E0,-77, WPA2  WPA ,0.000000,0.000000,0.000,0.000,AP
2026-05-20 09:22:28,1900-01-00 00:00:00,Bilagg,7C:C3:85:9B:D5:E0,-65, WPA2  WPA ,0.000000,0.000000,0.000,0.000,AP
2026-05-20 09:22:28,1900-01-00 00:00:00,Bilagg,7C:C3:85:9B:D5:E0,-77, WPA2  WPA ,0.000000,0.000000,0.000,0.000,AP
2026-05-20 09:22:28,1900-01-00 00:00:00,Bilagg,7C:C3:85:9B:D5:E0,-73, WPA2  WPA ,0.000000,0.000000,0.000,0.000,AP
2026-05-20 09:22:28,1900-01-00 00:00:00,Bilagg,7C:C3:85:9B:D5:E0,-77, WPA2  WPA ,0.000000,0.000000,0.000,0.000,AP
2026-05-20 09:22:28,1900-01-00 00:00:00,Bilagg,7C:C3:85:9B:D5:E0,-67, WPA2  WPA ,0.000000,0.000000,0.000,0.000,AP
2026-05-20 09:22:28,1900-01-00 00:00:00,Bilagg,7C:C3:85:9B:D5:E0,-73, WPA2  WPA ,0.000000,0.000000,0.000,0.000,AP
2026-05-20 09:22:29,1900-01-00 00:00:00,Bilagg,7C:C3:85:9B:D5:E0,-71, WPA2  WPA ,0.000000,0.000000,0.000,0.000,AP
2026-05-20 09:22:29,1900-01-00 00:00:00,Bilagg,7C:C3:85:9B:D5:E0,-69, WPA2  WPA ,0.000000,0.000000,0.000,0.000,AP
2026-05-20 09:22:29,1900-01-00 00:00:00,Bilagg,7C:C3:85:9B:D5:E0,-73, WPA2  WPA ,0.000000,0.000000,0.000,0.000,AP
2026-05-20 09:22:29,1900-01-00 00:00:00,Bilagg,7C:C3:85:9B:D5:E0,-69, WPA2  WPA ,0.000000,0.000000,0.000,0.000,AP
2026-05-20 09:22:29,1900-01-00 00:00:00,Bilagg,7C:C3:85:9B:D5:E0,-79, WPA2  WPA ,0.000000,0.000000,0.000,0.000,AP
2026-05-20 09:22:30,1900-01-00 00:00:00,Bilagg,7C:C3:85:9B:D5:E0,-71, WPA2  WPA ,0.000000,0.000000,0.000,0.000,AP
2026-05-20 09:22:30,1900-01-00 00:00:00,Bilagg,7C:C3:85:9B:D5:E0,-73, WPA2  WPA ,0.000000,0.000000,0.000,0.000,AP
2026-05-20 09:22:30,1900-01-00 00:00:00,Bilagg,7C:C3:85:9B:D5:E0,-69, WPA2  WPA ,0.000000,0.000000,0.000,0.000,AP
2026-05-20 09:22:30,1900-01-00 00:00:00,Bilagg,7C:C3:85:9B:D5:E0,-71, WPA2  WPA ,0.000000,0.000000,0.000,0.000,AP
2026-05-20 09:22:30,1900-01-00 00:00:00,Bilagg,7C:C3:85:9B:D5:E0,-69, WPA2  WPA ,0.000000,0.000000,0.000,0.000,AP
2026-05-20 09:22:30,1900-01-00 00:00:00,Bilagg,7C:C3:85:9B:D5:E0,-77, WPA2  WPA ,0.000000,0.000000,0.000,0.000,AP
2026-05-20 09:22:31,1900-01-00 00:00:00,Bilagg,7C:C3:85:9B:D5:E0,-73, WPA2  WPA ,0.000000,0.000000,0.000,0.000,AP
2026-05-20 09:22:31,1900-01-00 00:00:00,Bilagg,7C:C3:85:9B:D5:E0,-79, WPA2  WPA ,0.000000,0.000000,0.000,0.000,AP
2026-05-20 09:22:31,1900-01-00 00:00:00,Bilagg,7C:C3:85:9B:D5:E0,-69, WPA2  WPA ,0.000000,0.000000,0.000,0.000,AP
2026-05-20 09:22:31,1900-01-00 00:00:00,Bilagg,7C:C3:85:9B:D5:E0,-93, WPA2  WPA ,0.000000,0.000000,0.000,0.000,AP
2026-05-20 09:22:31,1900-01-00 00:00:00,Bilagg,7C:C3:85:9B:D5:E0,-71, WPA2  WPA ,0.000000,0.000000,0.000,0.000,AP
2026-05-20 09:22:31,1900-01-00 00:00:00,Bilagg,7C:C3:85:9B:D5:E0,-73, WPA2  WPA ,0.000000,0.000000,0.000,0.000,AP
2026-05-20 09:22:31,1900-01-00 00:00:00,Bilagg,7C:C3:85:9B:D5:E0,-73, WPA2  WPA ,0.000000,0.000000,0.000,0.000,AP
2026-05-20 09:22:31,1900-01-00 00:00:00,Bilagg,7C:C3:85:9B:D5:E0,-93, WPA2  WPA ,0.000000,0.000000,0.000,0.000,AP
2026-05-20 09:22:32,1900-01-00 00:00:00,Bilagg,7C:C3:85:9B:D5:E0,-73, WPA2  WPA ,0.000000,0.000000,0.000,0.000,AP
2026-05-20 09:22:32,1900-01-00 00:00:00,Bilagg,7C:C3:85:9B:D5:E0,-73, WPA2  WPA ,0.000000,0.000000,0.000,0.000,AP
2026-05-20 09:22:32,1900-01-00 00:00:00,Bilagg,7C:C3:85:9B:D5:E0,-77, WPA2  WPA ,0.000000,0.000000,0.000,0.000,AP
2026-05-20 09:22:32,1900-01-00 00:00:00,Bilagg,7C:C3:85:9B:D5:E0,-67, WPA2  WPA ,0.000000,0.000000,0.000,0.000,AP
2026-05-20 09:22:32,1900-01-00 00:00:00,Bilagg,7C:C3:85:9B:D5:E0,-67, WPA2  WPA ,0.000000,0.000000,0.000,0.000,AP
2026-05-20 09:22:33,1900-01-00 00:00:00,Bilagg,7C:C3:85:9B:D5:E0,-77, WPA2  WPA ,0.000000,0.000000,0.000,0.000,AP
2026-05-20 09:22:33,1900-01-00 00:00:00,Bilagg,7C:C3:85:9B:D5:E0,-71, WPA2  WPA ,0.000000,0.000000,0.000,0.000,AP
2026-05-20 09:22:33,1900-01-00 00:00:00,Bilagg,7C:C3:85:9B:D5:E0,-93, WPA2  WPA ,0.000000,0.000000,0.000,0.000,AP
2026-05-20 09:22:33,1900-01-00 00:00:00,Bilagg,7C:C3:85:9B:D5:E0,-65, WPA2  WPA ,0.000000,0.000000,0.000,0.000,AP
2026-05-20 09:22:33,1900-01-00 00:00:00,Bilagg,7C:C3:85:9B:D5:E0,-81, WPA2  WPA ,0.000000,0.000000,0.000,0.000,AP
2026-05-20 09:22:33,1900-01-00 00:00:00,Bilagg,7C:C3:85:9B:D5:E0,-71, WPA2  WPA ,0.000000,0.000000,0.000,0.000,AP
2026-05-20 09:22:33,1900-01-00 00:00:00,Bilagg,7C:C3:85:9B:D5:E0,-75, WPA2  WPA ,0.000000,0.000000,0.000,0.000,AP
2026-05-20 09:22:33,1900-01-00 00:00:00,Bilagg,7C:C3:85:9B:D5:E0,-69, WPA2  WPA ,0.000000,0.000000,0.000,0.000,AP
2026-05-20 09:22:33,1900-01-00 00:00:00,Bilagg,7C:C3:85:9B:D5:E0,-71, WPA2  WPA ,0.000000,0.000000,0.000,0.000,AP
2026-05-20 09:22:34,1900-01-00 00:00:00,Bilagg,7C:C3:85:9B:D5:E0,-77, WPA2  WPA ,0.000000,0.000000,0.000,0.000,AP
2026-05-20 09:22:34,1900-01-00 00:00:00,Bilagg,7C:C3:85:9B:D5:E0,-73, WPA2  WPA ,0.000000,0.000000,0.000,0.000,AP
2026-05-20 09:22:34,1900-01-00 00:00:00,Bilagg,7C:C3:85:9B:D5:E0,-67, WPA2  WPA ,0.000000,0.000000,0.000,0.000,AP
2026-05-20 09:22:34,1900-01-00 00:00:00,Bilagg,7C:C3:85:9B:D5:E0,-79, WPA2  WPA ,0.000000,0.000000,0.000,0.000,AP
2026-05-20 09:22:34,1900-01-00 00:00:00,Bilagg,7C:C3:85:9B:D5:E0,-77, WPA2  WPA ,0.000000,0.000000,0.000,0.000,AP
2026-05-20 09:22:34,1900-01-00 00:00:00,Bilagg,7C:C3:85:9B:D5:E0,-77, WPA2  WPA ,0.000000,0.000000,0.000,0.000,AP
2026-05-20 09:22:34,1900-01-00 00:00:00,Bilagg,7C:C3:85:9B:D5:E0,-77, WPA2  WPA ,0.000000,0.000000,0.000,0.000,AP
2026-05-20 09:22:34,1900-01-00 00:00:00,Bilagg,7C:C3:85:9B:D5:E0,-67, WPA2  WPA ,0.000000,0.000000,0.000,0.000,AP
2026-05-20 09:22:34,1900-01-00 00:00:00,Bilagg,7C:C3:85:9B:D5:E0,-77, WPA2  WPA ,0.000000,0.000000,0.000,0.000,AP
2026-05-20 09:22:34,1900-01-00 00:00:00,Bilagg,7C:C3:85:9B:D5:E0,-93, WPA2  WPA ,0.000000,0.000000,0.000,0.000,AP
2026-05-20 09:22:35,1900-01-00 00:00:00,Bilagg,7C:C3:85:9B:D5:E0,-67, WPA2  WPA ,0.000000,0.000000,0.000,0.000,AP
2026-05-20 09:22:35,1900-01-00 00:00:00,Bilagg,7C:C3:85:9B:D5:E0,-93, WPA2  WPA ,0.000000,0.000000,0.000,0.000,AP
2026-05-20 09:22:35,1900-01-00 00:00:00,Bilagg,7C:C3:85:9B:D5:E0,-71, WPA2  WPA ,0.000000,0.000000,0.000,0.000,AP
2026-05-20 09:22:35,1900-01-00 00:00:00,Bilagg,7C:C3:85:9B:D5:E0,-79, WPA2  WPA ,0.000000,0.000000,0.000,0.000,AP
2026-05-20 09:22:35,1900-01-00 00:00:00,Bilagg,7C:C3:85:9B:D5:E0,-93, WPA2  WPA ,0.000000,0.000000,0.000,0.000,AP
2026-05-20 09:22:35,1900-01-00 00:00:00,Bilagg,7C:C3:85:9B:D5:E0,-71, WPA2  WPA ,0.000000,0.000000,0.000,0.000,AP
2026-05-20 09:22:36,1900-01-00 00:00:00,Bilagg,7C:C3:85:9B:D5:E0,-69, WPA2  WPA ,0.000000,0.000000,0.000,0.000,AP
2026-05-20 09:22:36,1900-01-00 00:00:00,Bilagg,7C:C3:85:9B:D5:E0,-73, WPA2  WPA ,0.000000,0.000000,0.000,0.000,AP
2026-05-20 09:22:36,1900-01-00 00:00:00,Bilagg,7C:C3:85:9B:D5:E0,-69, WPA2  WPA ,0.000000,0.000000,0.000,0.000,AP
2026-05-20 09:22:36,1900-01-00 00:00:00,Bilagg,7C:C3:85:9B:D5:E0,-69, WPA2  WPA ,0.000000,0.000000,0.000,0.000,AP
2026-05-20 09:22:36,1900-01-00 00:00:00,Bilagg,7C:C3:85:9B:D5:E0,-71, WPA2  WPA ,0.000000,0.000000,0.000,0.000,AP
2026-05-20 09:22:36,1900-01-00 00:00:00,Bilagg,7C:C3:85:9B:D5:E0,-71, WPA2  WPA ,0.000000,0.000000,0.000,0.000,AP
2026-05-20 09:22:36,1900-01-00 00:00:00,Bilagg,7C:C3:85:9B:D5:E0,-71, WPA2  WPA ,0.000000,0.000000,0.000,0.000,AP
2026-05-20 09:22:36,1900-01-00 00:00:00,Bilagg,7C:C3:85:9B:D5:E0,-67, WPA2  WPA ,0.000000,0.000000,0.000,0.000,AP
2026-05-20 09:22:36,1900-01-00 00:00:00,Bilagg,7C:C3:85:9B:D5:E0,-71, WPA2  WPA ,0.000000,0.000000,0.000,0.000,AP
2026-05-20 09:22:36,1900-01-00 00:00:00,Bilagg,7C:C3:85:9B:D5:E0,-71, WPA2  WPA ,0.000000,0.000000,0.000,0.000,AP
2026-05-20 09:22:36,1900-01-00 00:00:00,Bilagg,7C:C3:85:9B:D5:E0,-75, WPA2  WPA ,0.000000,0.000000,0.000,0.000,AP
2026-05-20 09:22:36,1900-01-00 00:00:00,Bilagg,7C:C3:85:9B:D5:E0,-93, WPA2  WPA ,0.000000,0.000000,0.000,0.000,AP
2026-05-20 09:22:36,1900-01-00 00:00:00,Bilagg,7C:C3:85:9B:D5:E0,-73, WPA2  WPA ,0.000000,0.000000,0.000,0.000,AP
2026-05-20 09:22:37,1900-01-00 00:00:00,Bilagg,7C:C3:85:9B:D5:E0,-65, WPA2  WPA ,0.000000,0.000000,0.000,0.000,AP
2026-05-20 09:22:37,1900-01-00 00:00:00,Bilagg,7C:C3:85:9B:D5:E0,-77, WPA2  WPA ,0.000000,0.000000,0.000,0.000,AP
2026-05-20 09:22:37,1900-01-00 00:00:00,Bilagg,7C:C3:85:9B:D5:E0,-69, WPA2  WPA ,0.000000,0.000000,0.000,0.000,AP
2026-05-20 09:22:37,1900-01-00 00:00:00,Bilagg,7C:C3:85:9B:D5:E0,-77, WPA2  WPA ,0.000000,0.000000,0.000,0.000,AP
2026-05-20 09:22:37,1900-01-00 00:00:00,Bilagg,7C:C3:85:9B:D5:E0,-71, WPA2  WPA ,0.000000,0.000000,0.000,0.000,AP
2026-05-20 09:22:37,1900-01-00 00:00:00,Bilagg,7C:C3:85:9B:D5:E0,-67, WPA2  WPA ,0.000000,0.000000,0.000,0.000,AP
2026-05-20 09:22:38,1900-01-00 00:00:00,Bilagg,7C:C3:85:9B:D5:E0,-73, WPA2  WPA ,0.000000,0.000000,0.000,0.000,AP
2026-05-20 09:22:38,1900-01-00 00:00:00,Bilagg,7C:C3:85:9B:D5:E0,-73, WPA2  WPA ,0.000000,0.000000,0.000,0.000,AP
2026-05-20 09:22:38,1900-01-00 00:00:00,Bilagg,7C:C3:85:9B:D5:E0,-93, WPA2  WPA ,0.000000,0.000000,0.000,0.000,AP
2026-05-20 09:22:38,1900-01-00 00:00:00,Bilagg,7C:C3:85:9B:D5:E0,-67, WPA2  WPA ,0.000000,0.000000,0.000,0.000,AP
2026-05-20 09:22:38,1900-01-00 00:00:00,Bilagg,7C:C3:85:9B:D5:E0,-79, WPA2  WPA ,0.000000,0.000000,0.000,0.000,AP
2026-05-20 09:22:38,1900-01-00 00:00:00,Bilagg,7C:C3:85:9B:D5:E0,-71, WPA2  WPA ,0.000000,0.000000,0.000,0.000,AP
2026-05-20 09:22:38,1900-01-00 00:00:00,Bilagg,7C:C3:85:9B:D5:E0,-79, WPA2  WPA ,0.000000,0.000000,0.000,0.000,AP
2026-05-20 09:22:39,1900-01-00 00:00:00,Bilagg,7C:C3:85:9B:D5:E0,-73, WPA2  WPA ,0.000000,0.000000,0.000,0.000,AP
2026-05-20 09:22:39,1900-01-00 00:00:00,Bilagg,7C:C3:85:9B:D5:E0,-67, WPA2  WPA ,0.000000,0.000000,0.000,0.000,AP
2026-05-20 09:22:39,1900-01-00 00:00:00,Bilagg,7C:C3:85:9B:D5:E0,-93, WPA2  WPA ,0.000000,0.000000,0.000,0.000,AP
2026-05-20 09:22:39,1900-01-00 00:00:00,Bilagg,7C:C3:85:9B:D5:E0,-69, WPA2  WPA ,0.000000,0.000000,0.000,0.000,AP
2026-05-20 09:22:39,1900-01-00 00:00:00,Bilagg,7C:C3:85:9B:D5:E0,-91, WPA2  WPA ,0.000000,0.000000,0.000,0.000,AP
2026-05-20 09:22:39,1900-01-00 00:00:00,Bilagg,7C:C3:85:9B:D5:E0,-73, WPA2  WPA ,0.000000,0.000000,0.000,0.000,AP
2026-05-20 09:22:39,1900-01-00 00:00:00,Bilagg,7C:C3:85:9B:D5:E0,-75, WPA2  WPA ,0.000000,0.000000,0.000,0.000,AP
2026-05-20 09:22:40,1900-01-00 00:00:00,Bilagg,7C:C3:85:9B:D5:E0,-69, WPA2  WPA ,0.000000,0.000000,0.000,0.000,AP
2026-05-20 09:22:40,1900-01-00 00:00:00,Bilagg,7C:C3:85:9B:D5:E0,-91, WPA2  WPA ,0.000000,0.000000,0.000,0.000,AP
2026-05-20 09:22:40,1900-01-00 00:00:00,Bilagg,7C:C3:85:9B:D5:E0,-77, WPA2  WPA ,0.000000,0.000000,0.000,0.000,AP
2026-05-20 09:22:40,1900-01-00 00:00:00,Bilagg,7C:C3:85:9B:D5:E0,-75, WPA2  WPA ,0.000000,0.000000,0.000,0.000,AP
2026-05-20 09:22:40,1900-01-00 00:00:00,Bilagg,7C:C3:85:9B:D5:E0,-75, WPA2  WPA ,0.000000,0.000000,0.000,0.000,AP
2026-05-20 09:22:40,1900-01-00 00:00:00,Bilagg,7C:C3:85:9B:D5:E0,-93, WPA2  WPA ,0.000000,0.000000,0.000,0.000,AP
2026-05-20 09:22:41,1900-01-00 00:00:00,Bilagg,7C:C3:85:9B:D5:E0,-75, WPA2  WPA ,0.000000,0.000000,0.000,0.000,AP
2026-05-20 09:22:41,1900-01-00 00:00:00,Bilagg,7C:C3:85:9B:D5:E0,-77, WPA2  WPA ,0.000000,0.000000,0.000,0.000,AP
2026-05-20 09:22:41,1900-01-00 00:00:00,Bilagg,7C:C3:85:9B:D5:E0,-77, WPA2  WPA ,0.000000,0.000000,0.000,0.000,AP
2026-05-20 09:22:41,1900-01-00 00:00:00,Bilagg,7C:C3:85:9B:D5:E0,-75, WPA2  WPA ,0.000000,0.000000,0.000,0.000,AP
2026-05-20 09:22:42,1900-01-00 00:00:00,Bilagg,7C:C3:85:9B:D5:E0,-75, WPA2  WPA ,0.000000,0.000000,0.000,0.000,AP
2026-05-20 09:22:42,1900-01-00 00:00:00,Bilagg,7C:C3:85:9B:D5:E0,-77, WPA2  WPA ,0.000000,0.000000,0.000,0.000,AP
2026-05-20 09:22:42,1900-01-00 00:00:00,Bilagg,7C:C3:85:9B:D5:E0,-73, WPA2  WPA ,0.000000,0.000000,0.000,0.000,AP
2026-05-20 09:22:42,1900-01-00 00:00:00,Bilagg,7C:C3:85:9B:D5:E0,-77, WPA2  WPA ,0.000000,0.000000,0.000,0.000,AP
2026-05-20 09:22:42,1900-01-00 00:00:00,Bilagg,7C:C3:85:9B:D5:E0,-77, WPA2  WPA ,0.000000,0.000000,0.000,0.000,AP
2026-05-20 09:22:42,1900-01-00 00:00:00,Bilagg,7C:C3:85:9B:D5:E0,-67, WPA2  WPA ,0.000000,0.000000,0.000,0.000,AP
2026-05-20 09:22:42,1900-01-00 00:00:00,Bilagg,7C:C3:85:9B:D5:E0,-93, WPA2  WPA ,0.000000,0.000000,0.000,0.000,AP
2026-05-20 09:22:42,1900-01-00 00:00:00,Bilagg,7C:C3:85:9B:D5:E0,-93, WPA2  WPA ,0.000000,0.000000,0.000,0.000,AP
2026-05-20 09:22:43,1900-01-00 00:00:00,Bilagg,7C:C3:85:9B:D5:E0,-77, WPA2  WPA ,0.000000,0.000000,0.000,0.000,AP
2026-05-20 09:22:43,1900-01-00 00:00:00,Bilagg,7C:C3:85:9B:D5:E0,-77, WPA2  WPA ,0.000000,0.000000,0.000,0.000,AP
2026-05-20 09:22:43,1900-01-00 00:00:00,Bilagg,7C:C3:85:9B:D5:E0,-93, WPA2  WPA ,0.000000,0.000000,0.000,0.000,AP
2026-05-20 09:22:43,1900-01-00 00:00:00,Bilagg,7C:C3:85:9B:D5:E0,-77, WPA2  WPA ,0.000000,0.000000,0.000,0.000,AP
2026-05-20 09:22:43,1900-01-00 00:00:00,Bilagg,7C:C3:85:9B:D5:E0,-77, WPA2  WPA ,0.000000,0.000000,0.000,0.000,AP
2026-05-20 09:22:43,1900-01-00 00:00:00,Bilagg,7C:C3:85:9B:D5:E0,-75, WPA2  WPA ,0.000000,0.000000,0.000,0.000,AP
2026-05-20 09:22:43,1900-01-00 00:00:00,Bilagg,7C:C3:85:9B:D5:E0,-93, WPA2  WPA ,0.000000,0.000000,0.000,0.000,AP
2026-05-20 09:22:43,1900-01-00 00:00:00,Bilagg,7C:C3:85:9B:D5:E0,-77, WPA2  WPA ,0.000000,0.000000,0.000,0.000,AP
2026-05-20 09:22:43,1900-01-00 00:00:00,Bilagg,7C:C3:85:9B:D5:E0,-75, WPA2  WPA ,0.000000,0.000000,0.000,0.000,AP
2026-05-20 09:22:44,1900-01-00 00:00:00,Bilagg,7C:C3:85:9B:D5:E0,-77, WPA2  WPA ,0.000000,0.000000,0.000,0.000,AP
2026-05-20 09:22:44,1900-01-00 00:00:00,Bilagg,7C:C3:85:9B:D5:E0,-67, WPA2  WPA ,0.000000,0.000000,0.000,0.000,AP
2026-05-20 09:22:44,1900-01-00 00:00:00,Bilagg,7C:C3:85:9B:D5:E0,-77, WPA2  WPA ,0.000000,0.000000,0.000,0.000,AP
2026-05-20 09:22:44,1900-01-00 00:00:00,Bilagg,7C:C3:85:9B:D5:E0,-75, WPA2  WPA ,0.000000,0.000000,0.000,0.000,AP
2026-05-20 09:22:44,1900-01-00 00:00:00,Bilagg,7C:C3:85:9B:D5:E0,-69, WPA2  WPA ,0.000000,0.000000,0.000,0.000,AP
2026-05-20 09:22:44,1900-01-00 00:00:00,Bilagg,7C:C3:85:9B:D5:E0,-75, WPA2  WPA ,0.000000,0.000000,0.000,0.000,AP
2026-05-20 09:22:44,1900-01-00 00:00:00,Bilagg,7C:C3:85:9B:D5:E0,-77, WPA2  WPA ,0.000000,0.000000,0.000,0.000,AP
2026-05-20 09:22:44,1900-01-00 00:00:00,Bilagg,7C:C3:85:9B:D5:E0,-71, WPA2  WPA ,0.000000,0.000000,0.000,0.000,AP
2026-05-20 09:22:44,1900-01-00 00:00:00,Bilagg,7C:C3:85:9B:D5:E0,-71, WPA2  WPA ,0.000000,0.000000,0.000,0.000,AP
2026-05-20 09:22:44,1900-01-00 00:00:00,Bilagg,7C:C3:85:9B:D5:E0,-71, WPA2  WPA ,0.000000,0.000000,0.000,0.000,AP
2026-05-20 09:22:44,1900-01-00 00:00:00,Bilagg,7C:C3:85:9B:D5:E0,-79, WPA2  WPA ,0.000000,0.000000,0.000,0.000,AP
2026-05-20 09:22:44,1900-01-00 00:00:00,Bilagg,7C:C3:85:9B:D5:E0,-71, WPA2  WPA ,0.000000,0.000000,0.000,0.000,AP
2026-05-20 09:22:45,1900-01-00 00:00:00,Bilagg,7C:C3:85:9B:D5:E0,-79, WPA2  WPA ,0.000000,0.000000,0.000,0.000,AP
2026-05-20 09:22:45,1900-01-00 00:00:00,Bilagg,7C:C3:85:9B:D5:E0,-69, WPA2  WPA ,0.000000,0.000000,0.000,0.000,AP
2026-05-20 09:22:45,1900-01-00 00:00:00,Bilagg,7C:C3:85:9B:D5:E0,-69, WPA2  WPA ,0.000000,0.000000,0.000,0.000,AP
2026-05-20 09:22:45,1900-01-00 00:00:00,Bilagg,7C:C3:85:9B:D5:E0,-77, WPA2  WPA ,0.000000,0.000000,0.000,0.000,AP
2026-05-20 09:22:45,1900-01-00 00:00:00,Bilagg,7C:C3:85:9B:D5:E0,-75, WPA2  WPA ,0.000000,0.000000,0.000,0.000,AP
2026-05-20 09:22:45,1900-01-00 00:00:00,Bilagg,7C:C3:85:9B:D5:E0,-93, WPA2  WPA ,0.000000,0.000000,0.000,0.000,AP
2026-05-20 09:22:46,1900-01-00 00:00:00,Bilagg,7C:C3:85:9B:D5:E0,-85, WPA2  WPA ,0.000000,0.000000,0.000,0.000,AP
2026-05-20 09:22:46,1900-01-00 00:00:00,Bilagg,7C:C3:85:9B:D5:E0,-93, WPA2  WPA ,0.000000,0.000000,0.000,0.000,AP
2026-05-20 09:22:46,1900-01-00 00:00:00,Bilagg,7C:C3:85:9B:D5:E0,-75, WPA2  WPA ,0.000000,0.000000,0.000,0.000,AP
2026-05-20 09:22:46,1900-01-00 00:00:00,Bilagg,7C:C3:85:9B:D5:E0,-75, WPA2  WPA ,0.000000,0.000000,0.000,0.000,AP
2026-05-20 09:22:46,1900-01-00 00:00:00,Bilagg,7C:C3:85:9B:D5:E0,-71, WPA2  WPA ,0.000000,0.000000,0.000,0.000,AP
2026-05-20 09:22:46,1900-01-00 00:00:00,Bilagg,7C:C3:85:9B:D5:E0,-93, WPA2  WPA ,0.000000,0.000000,0.000,0.000,AP
2026-05-20 09:22:46,1900-01-00 00:00:00,Bilagg,7C:C3:85:9B:D5:E0,-69, WPA2  WPA ,0.000000,0.000000,0.000,0.000,AP
2026-05-20 09:22:46,1900-01-00 00:00:00,Bilagg,7C:C3:85:9B:D5:E0,-77, WPA2  WPA ,0.000000,0.000000,0.000,0.000,AP
2026-05-20 09:22:46,1900-01-00 00:00:00,Bilagg,7C:C3:85:9B:D5:E0,-77, WPA2  WPA ,0.000000,0.000000,0.000,0.000,AP
2026-05-20 09:22:46,1900-01-00 00:00:00,Bilagg,7C:C3:85:9B:D5:E0,-93, WPA2  WPA ,0.000000,0.000000,0.000,0.000,AP
2026-05-20 09:22:47,1900-01-00 00:00:00,Bilagg,7C:C3:85:9B:D5:E0,-93, WPA2  WPA ,0.000000,0.000000,0.000,0.000,AP
2026-05-20 09:22:47,1900-01-00 00:00:00,Bilagg,7C:C3:85:9B:D5:E0,-79, WPA2  WPA ,0.000000,0.000000,0.000,0.000,AP
2026-05-20 09:22:47,1900-01-00 00:00:00,Bilagg,7C:C3:85:9B:D5:E0,-69, WPA2  WPA ,0.000000,0.000000,0.000,0.000,AP
2026-05-20 09:22:47,1900-01-00 00:00:00,Bilagg,7C:C3:85:9B:D5:E0,-71, WPA2  WPA ,0.000000,0.000000,0.000,0.000,AP
2026-05-20 09:22:47,1900-01-00 00:00:00,Bilagg,7C:C3:85:9B:D5:E0,-87, WPA2  WPA ,0.000000,0.000000,0.000,0.000,AP
2026-05-20 09:22:47,1900-01-00 00:00:00,Bilagg,7C:C3:85:9B:D5:E0,-93, WPA2  WPA ,0.000000,0.000000,0.000,0.000,AP
2026-05-20 09:22:48,1900-01-00 00:00:00,Bilagg,7C:C3:85:9B:D5:E0,-93, WPA2  WPA ,0.000000,0.000000,0.000,0.000,AP
2026-05-20 09:22:48,1900-01-00 00:00:00,Bilagg,7C:C3:85:9B:D5:E0,-85, WPA2  WPA ,0.000000,0.000000,0.000,0.000,AP
2026-05-20 09:22:48,1900-01-00 00:00:00,Bilagg,7C:C3:85:9B:D5:E0,-75, WPA2  WPA ,0.000000,0.000000,0.000,0.000,AP
2026-05-20 09:22:48,1900-01-00 00:00:00,Bilagg,7C:C3:85:9B:D5:E0,-79, WPA2  WPA ,0.000000,0.000000,0.000,0.000,AP
2026-05-20 09:22:48,1900-01-00 00:00:00,Bilagg,7C:C3:85:9B:D5:E0,-75, WPA2  WPA ,0.000000,0.000000,0.000,0.000,AP
2026-05-20 09:22:48,1900-01-00 00:00:00,Bilagg,7C:C3:85:9B:D5:E0,-67, WPA2  WPA ,0.000000,0.000000,0.000,0.000,AP
2026-05-20 09:22:48,1900-01-00 00:00:00,Bilagg,7C:C3:85:9B:D5:E0,-77, WPA2  WPA ,0.000000,0.000000,0.000,0.000,AP
2026-05-20 09:22:48,1900-01-00 00:00:00,Bilagg,7C:C3:85:9B:D5:E0,-85, WPA2  WPA ,0.000000,0.000000,0.000,0.000,AP
2026-05-20 09:22:48,1900-01-00 00:00:00,Bilagg,7C:C3:85:9B:D5:E0,-77, WPA2  WPA ,0.000000,0.000000,0.000,0.000,AP
2026-05-20 09:22:48,1900-01-00 00:00:00,Bilagg,7C:C3:85:9B:D5:E0,-93, WPA2  WPA ,0.000000,0.000000,0.000,0.000,AP
2026-05-20 09:22:49,1900-01-00 00:00:00,Bilagg,7C:C3:85:9B:D5:E0,-75, WPA2  WPA ,0.000000,0.000000,0.000,0.000,AP
2026-05-20 09:22:49,1900-01-00 00:00:00,Bilagg,7C:C3:85:9B:D5:E0,-75, WPA2  WPA ,0.000000,0.000000,0.000,0.000,AP
2026-05-20 09:22:49,1900-01-00 00:00:00,Bilagg,7C:C3:85:9B:D5:E0,-77, WPA2  WPA ,0.000000,0.000000,0.000,0.000,AP
2026-05-20 09:22:49,1900-01-00 00:00:00,Bilagg,7C:C3:85:9B:D5:E0,-93, WPA2  WPA ,0.000000,0.000000,0.000,0.000,AP
2026-05-20 09:22:49,1900-01-00 00:00:00,Bilagg,7C:C3:85:9B:D5:E0,-77, WPA2  WPA ,0.000000,0.000000,0.000,0.000,AP
2026-05-20 09:22:49,1900-01-00 00:00:00,Bilagg,7C:C3:85:9B:D5:E0,-69, WPA2  WPA ,0.000000,0.000000,0.000,0.000,AP
2026-05-20 09:22:49,1900-01-00 00:00:00,Bilagg,7C:C3:85:9B:D5:E0,-77, WPA2  WPA ,0.000000,0.000000,0.000,0.000,AP
2026-05-20 09:22:49,1900-01-00 00:00:00,Bilagg,7C:C3:85:9B:D5:E0,-73, WPA2  WPA ,0.000000,0.000000,0.000,0.000,AP
2026-05-20 09:22:49,1900-01-00 00:00:00,Bilagg,7C:C3:85:9B:D5:E0,-93, WPA2  WPA ,0.000000,0.000000,0.000,0.000,AP
2026-05-20 09:22:49,1900-01-00 00:00:00,Bilagg,7C:C3:85:9B:D5:E0,-93, WPA2  WPA ,0.000000,0.000000,0.000,0.000,AP
2026-05-20 09:22:49,1900-01-00 00:00:00,Bilagg,7C:C3:85:9B:D5:E0,-69, WPA2  WPA ,0.000000,0.000000,0.000,0.000,AP
2026-05-20 09:22:49,1900-01-00 00:00:00,Bilagg,7C:C3:85:9B:D5:E0,-69, WPA2  WPA ,0.000000,0.000000,0.000,0.000,AP
2026-05-20 09:22:49,1900-01-00 00:00:00,Bilagg,7C:C3:85:9B:D5:E0,-91, WPA2  WPA ,0.000000,0.000000,0.000,0.000,AP
2026-05-20 09:22:50,1900-01-00 00:00:00,Bilagg,7C:C3:85:9B:D5:E0,-75, WPA2  WPA ,0.000000,0.000000,0.000,0.000,AP
2026-05-20 09:22:50,1900-01-00 00:00:00,Bilagg,7C:C3:85:9B:D5:E0,-75, WPA2  WPA ,0.000000,0.000000,0.000,0.000,AP
2026-05-20 09:22:50,1900-01-00 00:00:00,Bilagg,7C:C3:85:9B:D5:E0,-73, WPA2  WPA ,0.000000,0.000000,0.000,0.000,AP
2026-05-20 09:22:50,1900-01-00 00:00:00,Bilagg,7C:C3:85:9B:D5:E0,-77, WPA2  WPA ,0.000000,0.000000,0.000,0.000,AP
2026-05-20 09:22:50,1900-01-00 00:00:00,Bilagg,7C:C3:85:9B:D5:E0,-75, WPA2  WPA ,0.000000,0.000000,0.000,0.000,AP
2026-05-20 09:22:50,1900-01-00 00:00:00,Bilagg,7C:C3:85:9B:D5:E0,-91, WPA2  WPA ,0.000000,0.000000,0.000,0.000,AP
2026-05-20 09:22:50,1900-01-00 00:00:00,Bilagg,7C:C3:85:9B:D5:E0,-75, WPA2  WPA ,0.000000,0.000000,0.000,0.000,AP
2026-05-20 09:22:50,1900-01-00 00:00:00,Bilagg,7C:C3:85:9B:D5:E0,-75, WPA2  WPA ,0.000000,0.000000,0.000,0.000,AP
2026-05-20 09:22:51,1900-01-00 00:00:00,Bilagg,7C:C3:85:9B:D5:E0,-67, WPA2  WPA ,0.000000,0.000000,0.000,0.000,AP
2026-05-20 09:22:51,1900-01-00 00:00:00,Bilagg,7C:C3:85:9B:D5:E0,-67, WPA2  WPA ,0.000000,0.000000,0.000,0.000,AP
2026-05-20 09:22:51,1900-01-00 00:00:00,Bilagg,7C:C3:85:9B:D5:E0,-65, WPA2  WPA ,0.000000,0.000000,0.000,0.000,AP
2026-05-20 09:22:51,1900-01-00 00:00:00,Bilagg,7C:C3:85:9B:D5:E0,-75, WPA2  WPA ,0.000000,0.000000,0.000,0.000,AP
2026-05-20 09:22:51,1900-01-00 00:00:00,Bilagg,7C:C3:85:9B:D5:E0,-71, WPA2  WPA ,0.000000,0.000000,0.000,0.000,AP
2026-05-20 09:22:51,1900-01-00 00:00:00,Bilagg,7C:C3:85:9B:D5:E0,-75, WPA2  WPA ,0.000000,0.000000,0.000,0.000,AP
2026-05-20 09:22:51,1900-01-00 00:00:00,Bilagg,7C:C3:85:9B:D5:E0,-87, WPA2  WPA ,0.000000,0.000000,0.000,0.000,AP
2026-05-20 09:22:52,1900-01-00 00:00:00,Bilagg,7C:C3:85:9B:D5:E0,-75, WPA2  WPA ,0.000000,0.000000,0.000,0.000,AP
2026-05-20 09:22:52,1900-01-00 00:00:00,Bilagg,7C:C3:85:9B:D5:E0,-87, WPA2  WPA ,0.000000,0.000000,0.000,0.000,AP
2026-05-20 09:22:52,1900-01-00 00:00:00,Bilagg,7C:C3:85:9B:D5:E0,-67, WPA2  WPA ,0.000000,0.000000,0.000,0.000,AP
2026-05-20 09:22:52,1900-01-00 00:00:00,Bilagg,7C:C3:85:9B:D5:E0,-75, WPA2  WPA ,0.000000,0.000000,0.000,0.000,AP
2026-05-20 09:22:52,1900-01-00 00:00:00,Bilagg,7C:C3:85:9B:D5:E0,-69, WPA2  WPA ,0.000000,0.000000,0.000,0.000,AP
2026-05-20 09:22:52,1900-01-00 00:00:00,Bilagg,7C:C3:85:9B:D5:E0,-77, WPA2  WPA ,0.000000,0.000000,0.000,0.000,AP
2026-05-20 09:22:52,1900-01-00 00:00:00,Bilagg,7C:C3:85:9B:D5:E0,-65, WPA2  WPA ,0.000000,0.000000,0.000,0.000,AP
2026-05-20 09:22:53,1900-01-00 00:00:00,Bilagg,7C:C3:85:9B:D5:E0,-77, WPA2  WPA ,0.000000,0.000000,0.000,0.000,AP
2026-05-20 09:22:53,1900-01-00 00:00:00,Bilagg,7C:C3:85:9B:D5:E0,-69, WPA2  WPA ,0.000000,0.000000,0.000,0.000,AP
2026-05-20 09:22:53,1900-01-00 00:00:00,Bilagg,7C:C3:85:9B:D5:E0,-67, WPA2  WPA ,0.000000,0.000000,0.000,0.000,AP
2026-05-20 09:22:53,1900-01-00 00:00:00,Bilagg,7C:C3:85:9B:D5:E0,-69, WPA2  WPA ,0.000000,0.000000,0.000,0.000,AP
2026-05-20 09:22:53,1900-01-00 00:00:00,Bilagg,7C:C3:85:9B:D5:E0,-71, WPA2  WPA ,0.000000,0.000000,0.000,0.000,AP
2026-05-20 09:22:54,1900-01-00 00:00:00,Bilagg,7C:C3:85:9B:D5:E0,-69, WPA2  WPA ,0.000000,0.000000,0.000,0.000,AP
2026-05-20 09:22:54,1900-01-00 00:00:00,Bilagg,7C:C3:85:9B:D5:E0,-75, WPA2  WPA ,0.000000,0.000000,0.000,0.000,AP
2026-05-20 09:22:54,1900-01-00 00:00:00,Bilagg,7C:C3:85:9B:D5:E0,-69, WPA2  WPA ,0.000000,0.000000,0.000,0.000,AP
2026-05-20 09:22:54,1900-01-00 00:00:00,Bilagg,7C:C3:85:9B:D5:E0,-93, WPA2  WPA ,0.000000,0.000000,0.000,0.000,AP
2026-05-20 09:22:54,1900-01-00 00:00:00,Bilagg,7C:C3:85:9B:D5:E0,-71, WPA2  WPA ,0.000000,0.000000,0.000,0.000,AP
2026-05-20 09:22:54,1900-01-00 00:00:00,Bilagg,7C:C3:85:9B:D5:E0,-67, WPA2  WPA ,0.000000,0.000000,0.000,0.000,AP
2026-05-20 09:22:55,1900-01-00 00:00:00,Bilagg,7C:C3:85:9B:D5:E0,-69, WPA2  WPA ,0.000000,0.000000,0.000,0.000,AP
2026-05-20 09:22:55,1900-01-00 00:00:00,Bilagg,7C:C3:85:9B:D5:E0,-67, WPA2  WPA ,0.000000,0.000000,0.000,0.000,AP
2026-05-20 09:22:55,1900-01-00 00:00:00,Bilagg,7C:C3:85:9B:D5:E0,-73, WPA2  WPA ,0.000000,0.000000,0.000,0.000,AP
2026-05-20 09:22:55,1900-01-00 00:00:00,Bilagg,7C:C3:85:9B:D5:E0,-77, WPA2  WPA ,0.000000,0.000000,0.000,0.000,AP
2026-05-20 09:22:55,1900-01-00 00:00:00,Bilagg,7C:C3:85:9B:D5:E0,-65, WPA2  WPA ,0.000000,0.000000,0.000,0.000,AP
2026-05-20 09:22:55,1900-01-00 00:00:00,Bilagg,7C:C3:85:9B:D5:E0,-75, WPA2  WPA ,0.000000,0.000000,0.000,0.000,AP
2026-05-20 09:22:55,1900-01-00 00:00:00,Bilagg,7C:C3:85:9B:D5:E0,-77, WPA2  WPA ,0.000000,0.000000,0.000,0.000,AP
2026-05-20 09:22:55,1900-01-00 00:00:00,Bilagg,7C:C3:85:9B:D5:E0,-77, WPA2  WPA ,0.000000,0.000000,0.000,0.000,AP
2026-05-20 09:22:56,1900-01-00 00:00:00,Bilagg,7C:C3:85:9B:D5:E0,-67, WPA2  WPA ,0.000000,0.000000,0.000,0.000,AP
2026-05-20 09:22:56,1900-01-00 00:00:00,Bilagg,7C:C3:85:9B:D5:E0,-79, WPA2  WPA ,0.000000,0.000000,0.000,0.000,AP
2026-05-20 09:22:56,1900-01-00 00:00:00,Bilagg,7C:C3:85:9B:D5:E0,-75, WPA2  WPA ,0.000000,0.000000,0.000,0.000,AP
2026-05-20 09:22:56,1900-01-00 00:00:00,Bilagg,7C:C3:85:9B:D5:E0,-91, WPA2  WPA ,0.000000,0.000000,0.000,0.000,AP
2026-05-20 09:22:56,1900-01-00 00:00:00,Bilagg,7C:C3:85:9B:D5:E0,-71, WPA2  WPA ,0.000000,0.000000,0.000,0.000,AP
2026-05-20 09:22:56,1900-01-00 00:00:00,Bilagg,7C:C3:85:9B:D5:E0,-93, WPA2  WPA ,0.000000,0.000000,0.000,0.000,AP
2026-05-20 09:22:57,1900-01-00 00:00:00,Bilagg,7C:C3:85:9B:D5:E0,-77, WPA2  WPA ,0.000000,0.000000,0.000,0.000,AP
2026-05-20 09:22:57,1900-01-00 00:00:00,Bilagg,7C:C3:85:9B:D5:E0,-71, WPA2  WPA ,0.000000,0.000000,0.000,0.000,AP
2026-05-20 09:22:57,1900-01-00 00:00:00,Bilagg,7C:C3:85:9B:D5:E0,-75, WPA2  WPA ,0.000000,0.000000,0.000,0.000,AP
2026-05-20 09:22:57,1900-01-00 00:00:00,Bilagg,7C:C3:85:9B:D5:E0,-65, WPA2  WPA ,0.000000,0.000000,0.000,0.000,AP
2026-05-20 09:22:57,1900-01-00 00:00:00,Bilagg,7C:C3:85:9B:D5:E0,-75, WPA2  WPA ,0.000000,0.000000,0.000,0.000,AP
2026-05-20 09:22:57,1900-01-00 00:00:00,Bilagg,7C:C3:85:9B:D5:E0,-69, WPA2  WPA ,0.000000,0.000000,0.000,0.000,AP
2026-05-20 09:22:58,1900-01-00 00:00:00,Bilagg,7C:C3:85:9B:D5:E0,-75, WPA2  WPA ,0.000000,0.000000,0.000,0.000,AP
2026-05-20 09:22:58,1900-01-00 00:00:00,Bilagg,7C:C3:85:9B:D5:E0,-69, WPA2  WPA ,0.000000,0.000000,0.000,0.000,AP
2026-05-20 09:22:58,1900-01-00 00:00:00,Bilagg,7C:C3:85:9B:D5:E0,-73, WPA2  WPA ,0.000000,0.000000,0.000,0.000,AP
2026-05-20 09:22:58,1900-01-00 00:00:00,Bilagg,7C:C3:85:9B:D5:E0,-71, WPA2  WPA ,0.000000,0.000000,0.000,0.000,AP
2026-05-20 09:22:58,1900-01-00 00:00:00,Bilagg,7C:C3:85:9B:D5:E0,-75, WPA2  WPA ,0.000000,0.000000,0.000,0.000,AP
2026-05-20 09:22:58,1900-01-00 00:00:00,Bilagg,7C:C3:85:9B:D5:E0,-67, WPA2  WPA ,0.000000,0.000000,0.000,0.000,AP
2026-05-20 09:22:58,1900-01-00 00:00:00,Bilagg,7C:C3:85:9B:D5:E0,-75, WPA2  WPA ,0.000000,0.000000,0.000,0.000,AP
2026-05-20 09:22:58,1900-01-00 00:00:00,Bilagg,7C:C3:85:9B:D5:E0,-75, WPA2  WPA ,0.000000,0.000000,0.000,0.000,AP
2026-05-20 09:22:59,1900-01-00 00:00:00,Bilagg,7C:C3:85:9B:D5:E0,-75, WPA2  WPA ,0.000000,0.000000,0.000,0.000,AP
2026-05-20 09:22:59,1900-01-00 00:00:00,Bilagg,7C:C3:85:9B:D5:E0,-75, WPA2  WPA ,0.000000,0.000000,0.000,0.000,AP
2026-05-20 09:22:59,1900-01-00 00:00:00,Bilagg,7C:C3:85:9B:D5:E0,-87, WPA2  WPA ,0.000000,0.000000,0.000,0.000,AP
2026-05-20 09:22:59,1900-01-00 00:00:00,Bilagg,7C:C3:85:9B:D5:E0,-75, WPA2  WPA ,0.000000,0.000000,0.000,0.000,AP
2026-05-20 09:22:59,1900-01-00 00:00:00,Bilagg,7C:C3:85:9B:D5:E0,-69, WPA2  WPA ,0.000000,0.000000,0.000,0.000,AP
2026-05-20 09:22:59,1900-01-00 00:00:00,Bilagg,7C:C3:85:9B:D5:E0,-69, WPA2  WPA ,0.000000,0.000000,0.000,0.000,AP
2026-05-20 09:22:59,1900-01-00 00:00:00,Bilagg,7C:C3:85:9B:D5:E0,-75, WPA2  WPA ,0.000000,0.000000,0.000,0.000,AP
2026-05-20 09:22:59,1900-01-00 00:00:00,Bilagg,7C:C3:85:9B:D5:E0,-73, WPA2  WPA ,0.000000,0.000000,0.000,0.000,AP
2026-05-20 09:22:59,1900-01-00 00:00:00,Bilagg,7C:C3:85:9B:D5:E0,-65, WPA2  WPA ,0.000000,0.000000,0.000,0.000,AP
2026-05-20 09:23:00,1900-01-00 00:00:00,Bilagg,7C:C3:85:9B:D5:E0,-73, WPA2  WPA ,0.000000,0.000000,0.000,0.000,AP
2026-05-20 09:23:00,1900-01-00 00:00:00,Bilagg,7C:C3:85:9B:D5:E0,-65, WPA2  WPA ,0.000000,0.000000,0.000,0.000,AP
2026-05-20 09:23:00,1900-01-00 00:00:00,Bilagg,7C:C3:85:9B:D5:E0,-75, WPA2  WPA ,0.000000,0.000000,0.000,0.000,AP
2026-05-20 09:23:00,1900-01-00 00:00:00,Bilagg,7C:C3:85:9B:D5:E0,-75, WPA2  WPA ,0.000000,0.000000,0.000,0.000,AP
2026-05-20 09:23:00,1900-01-00 00:00:00,Bilagg,7C:C3:85:9B:D5:E0,-67, WPA2  WPA ,0.000000,0.000000,0.000,0.000,AP
2026-05-20 09:23:00,1900-01-00 00:00:00,Bilagg,7C:C3:85:9B:D5:E0,-67, WPA2  WPA ,0.000000,0.000000,0.000,0.000,AP
2026-05-20 09:23:00,1900-01-00 00:00:00,Bilagg,7C:C3:85:9B:D5:E0,-75, WPA2  WPA ,0.000000,0.000000,0.000,0.000,AP
2026-05-20 09:23:01,1900-01-00 00:00:00,Bilagg,7C:C3:85:9B:D5:E0,-75, WPA2  WPA ,0.000000,0.000000,0.000,0.000,AP
2026-05-20 09:23:01,1900-01-00 00:00:00,Bilagg,7C:C3:85:9B:D5:E0,-67, WPA2  WPA ,0.000000,0.000000,0.000,0.000,AP
2026-05-20 09:23:01,1900-01-00 00:00:00,Bilagg,7C:C3:85:9B:D5:E0,-73, WPA2  WPA ,0.000000,0.000000,0.000,0.000,AP
2026-05-20 09:23:01,1900-01-00 00:00:00,Bilagg,7C:C3:85:9B:D5:E0,-69, WPA2  WPA ,0.000000,0.000000,0.000,0.000,AP
2026-05-20 09:23:01,1900-01-00 00:00:00,Bilagg,7C:C3:85:9B:D5:E0,-75, WPA2  WPA ,0.000000,0.000000,0.000,0.000,AP
2026-05-20 09:23:01,1900-01-00 00:00:00,Bilagg,7C:C3:85:9B:D5:E0,-71, WPA2  WPA ,0.000000,0.000000,0.000,0.000,AP
2026-05-20 09:23:01,1900-01-00 00:00:00,Bilagg,7C:C3:85:9B:D5:E0,-77, WPA2  WPA ,0.000000,0.000000,0.000,0.000,AP
2026-05-20 09:23:01,1900-01-00 00:00:00,Bilagg,7C:C3:85:9B:D5:E0,-73, WPA2  WPA ,0.000000,0.000000,0.000,0.000,AP
2026-05-20 09:23:02,1900-01-00 00:00:00,Bilagg,7C:C3:85:9B:D5:E0,-77, WPA2  WPA ,0.000000,0.000000,0.000,0.000,AP
2026-05-20 09:23:02,1900-01-00 00:00:00,Bilagg,7C:C3:85:9B:D5:E0,-75, WPA2  WPA ,0.000000,0.000000,0.000,0.000,AP
2026-05-20 09:23:02,1900-01-00 00:00:00,Bilagg,7C:C3:85:9B:D5:E0,-69, WPA2  WPA ,0.000000,0.000000,0.000,0.000,AP
2026-05-20 09:23:02,1900-01-00 00:00:00,Bilagg,7C:C3:85:9B:D5:E0,-69, WPA2  WPA ,0.000000,0.000000,0.000,0.000,AP
2026-05-20 09:23:02,1900-01-00 00:00:00,Bilagg,7C:C3:85:9B:D5:E0,-71, WPA2  WPA ,0.000000,0.000000,0.000,0.000,AP
2026-05-20 09:23:02,1900-01-00 00:00:00,Bilagg,7C:C3:85:9B:D5:E0,-67, WPA2  WPA ,0.000000,0.000000,0.000,0.000,AP
2026-05-20 09:23:02,1900-01-00 00:00:00,Bilagg,7C:C3:85:9B:D5:E0,-67, WPA2  WPA ,0.000000,0.000000,0.000,0.000,AP
2026-05-20 09:23:02,1900-01-00 00:00:00,Bilagg,7C:C3:85:9B:D5:E0,-67, WPA2  WPA ,0.000000,0.000000,0.000,0.000,AP
2026-05-20 09:23:02,1900-01-00 00:00:00,Bilagg,7C:C3:85:9B:D5:E0,-71, WPA2  WPA ,0.000000,0.000000,0.000,0.000,AP
2026-05-20 09:23:02,1900-01-00 00:00:00,Bilagg,7C:C3:85:9B:D5:E0,-75, WPA2  WPA ,0.000000,0.000000,0.000,0.000,AP
2026-05-20 09:23:02,1900-01-00 00:00:00,Bilagg,7C:C3:85:9B:D5:E0,-73, WPA2  WPA ,0.000000,0.000000,0.000,0.000,AP
2026-05-20 09:23:02,1900-01-00 00:00:00,Bilagg,7C:C3:85:9B:D5:E0,-73, WPA2  WPA ,0.000000,0.000000,0.000,0.000,AP
2026-05-20 09:23:02,1900-01-00 00:00:00,Bilagg,7C:C3:85:9B:D5:E0,-69, WPA2  WPA ,0.000000,0.000000,0.000,0.000,AP
2026-05-20 09:23:02,1900-01-00 00:00:00,Bilagg,7C:C3:85:9B:D5:E0,-75, WPA2  WPA ,0.000000,0.000000,0.000,0.000,AP
2026-05-20 09:23:03,1900-01-00 00:00:00,Bilagg,7C:C3:85:9B:D5:E0,-69, WPA2  WPA ,0.000000,0.000000,0.000,0.000,AP
2026-05-20 09:23:03,1900-01-00 00:00:00,Bilagg,7C:C3:85:9B:D5:E0,-91, WPA2  WPA ,0.000000,0.000000,0.000,0.000,AP
2026-05-20 09:23:03,1900-01-00 00:00:00,Bilagg,7C:C3:85:9B:D5:E0,-77, WPA2  WPA ,0.000000,0.000000,0.000,0.000,AP
2026-05-20 09:23:03,1900-01-00 00:00:00,Bilagg,7C:C3:85:9B:D5:E0,-69, WPA2  WPA ,0.000000,0.000000,0.000,0.000,AP
2026-05-20 09:23:03,1900-01-00 00:00:00,Bilagg,7C:C3:85:9B:D5:E0,-77, WPA2  WPA ,0.000000,0.000000,0.000,0.000,AP
2026-05-20 09:23:03,1900-01-00 00:00:00,Bilagg,7C:C3:85:9B:D5:E0,-67, WPA2  WPA ,0.000000,0.000000,0.000,0.000,AP
2026-05-20 09:23:04,1900-01-00 00:00:00,Bilagg,7C:C3:85:9B:D5:E0,-93, WPA2  WPA ,0.000000,0.000000,0.000,0.000,AP
2026-05-20 09:23:04,1900-01-00 00:00:00,Bilagg,7C:C3:85:9B:D5:E0,-75, WPA2  WPA ,0.000000,0.000000,0.000,0.000,AP
2026-05-20 09:23:04,1900-01-00 00:00:00,Bilagg,7C:C3:85:9B:D5:E0,-77, WPA2  WPA ,0.000000,0.000000,0.000,0.000,AP
2026-05-20 09:23:04,1900-01-00 00:00:00,Bilagg,7C:C3:85:9B:D5:E0,-73, WPA2  WPA ,0.000000,0.000000,0.000,0.000,AP
2026-05-20 09:23:04,1900-01-00 00:00:00,Bilagg,7C:C3:85:9B:D5:E0,-91, WPA2  WPA ,0.000000,0.000000,0.000,0.000,AP
2026-05-20 09:23:05,1900-01-00 00:00:00,Bilagg,7C:C3:85:9B:D5:E0,-77, WPA2  WPA ,0.000000,0.000000,0.000,0.000,AP
2026-05-20 09:23:05,1900-01-00 00:00:00,Bilagg,7C:C3:85:9B:D5:E0,-71, WPA2  WPA ,0.000000,0.000000,0.000,0.000,AP
2026-05-20 09:23:05,1900-01-00 00:00:00,Bilagg,7C:C3:85:9B:D5:E0,-77, WPA2  WPA ,0.000000,0.000000,0.000,0.000,AP
2026-05-20 09:23:05,1900-01-00 00:00:00,Bilagg,7C:C3:85:9B:D5:E0,-71, WPA2  WPA ,0.000000,0.000000,0.000,0.000,AP
2026-05-20 09:23:05,1900-01-00 00:00:00,Bilagg,7C:C3:85:9B:D5:E0,-87, WPA2  WPA ,0.000000,0.000000,0.000,0.000,AP
2026-05-20 09:23:05,1900-01-00 00:00:00,Bilagg,7C:C3:85:9B:D5:E0,-79, WPA2  WPA ,0.000000,0.000000,0.000,0.000,AP
2026-05-20 09:23:05,1900-01-00 00:00:00,Bilagg,7C:C3:85:9B:D5:E0,-67, WPA2  WPA ,0.000000,0.000000,0.000,0.000,AP
2026-05-20 09:23:05,1900-01-00 00:00:00,Bilagg,7C:C3:85:9B:D5:E0,-77, WPA2  WPA ,0.000000,0.000000,0.000,0.000,AP
2026-05-20 09:23:05,1900-01-00 00:00:00,Bilagg,7C:C3:85:9B:D5:E0,-89, WPA2  WPA ,0.000000,0.000000,0.000,0.000,AP
2026-05-20 09:23:06,1900-01-00 00:00:00,Bilagg,7C:C3:85:9B:D5:E0,-71, WPA2  WPA ,0.000000,0.000000,0.000,0.000,AP
2026-05-20 09:23:06,1900-01-00 00:00:00,Bilagg,7C:C3:85:9B:D5:E0,-69, WPA2  WPA ,0.000000,0.000000,0.000,0.000,AP
2026-05-20 09:23:06,1900-01-00 00:00:00,Bilagg,7C:C3:85:9B:D5:E0,-77, WPA2  WPA ,0.000000,0.000000,0.000,0.000,AP
2026-05-20 09:23:07,1900-01-00 00:00:00,Bilagg,7C:C3:85:9B:D5:E0,-75, WPA2  WPA ,0.000000,0.000000,0.000,0.000,AP
2026-05-20 09:23:07,1900-01-00 00:00:00,Bilagg,7C:C3:85:9B:D5:E0,-75, WPA2  WPA ,0.000000,0.000000,0.000,0.000,AP
2026-05-20 09:23:07,1900-01-00 00:00:00,Bilagg,7C:C3:85:9B:D5:E0,-71, WPA2  WPA ,0.000000,0.000000,0.000,0.000,AP
2026-05-20 09:23:07,1900-01-00 00:00:00,Bilagg,7C:C3:85:9B:D5:E0,-67, WPA2  WPA ,0.000000,0.000000,0.000,0.000,AP
2026-05-20 09:23:07,1900-01-00 00:00:00,Bilagg,7C:C3:85:9B:D5:E0,-69, WPA2  WPA ,0.000000,0.000000,0.000,0.000,AP
2026-05-20 09:23:07,1900-01-00 00:00:00,Bilagg,7C:C3:85:9B:D5:E0,-71, WPA2  WPA ,0.000000,0.000000,0.000,0.000,AP
2026-05-20 09:23:08,1900-01-00 00:00:00,Bilagg,7C:C3:85:9B:D5:E0,-75, WPA2  WPA ,0.000000,0.000000,0.000,0.000,AP
2026-05-20 09:23:08,1900-01-00 00:00:00,Bilagg,7C:C3:85:9B:D5:E0,-69, WPA2  WPA ,0.000000,0.000000,0.000,0.000,AP
2026-05-20 09:23:08,1900-01-00 00:00:00,Bilagg,7C:C3:85:9B:D5:E0,-77, WPA2  WPA ,0.000000,0.000000,0.000,0.000,AP
2026-05-20 09:23:08,1900-01-00 00:00:00,Bilagg,7C:C3:85:9B:D5:E0,-73, WPA2  WPA ,0.000000,0.000000,0.000,0.000,AP
2026-05-20 09:23:08,1900-01-00 00:00:00,Bilagg,7C:C3:85:9B:D5:E0,-75, WPA2  WPA ,0.000000,0.000000,0.000,0.000,AP
2026-05-20 09:23:08,1900-01-00 00:00:00,Bilagg,7C:C3:85:9B:D5:E0,-93, WPA2  WPA ,0.000000,0.000000,0.000,0.000,AP
2026-05-20 09:23:08,1900-01-00 00:00:00,Bilagg,7C:C3:85:9B:D5:E0,-67, WPA2  WPA ,0.000000,0.000000,0.000,0.000,AP
2026-05-20 09:23:08,1900-01-00 00:00:00,Bilagg,7C:C3:85:9B:D5:E0,-77, WPA2  WPA ,0.000000,0.000000,0.000,0.000,AP
2026-05-20 09:23:08,1900-01-00 00:00:00,Bilagg,7C:C3:85:9B:D5:E0,-71, WPA2  WPA ,0.000000,0.000000,0.000,0.000,AP
2026-05-20 09:23:09,1900-01-00 00:00:00,Bilagg,7C:C3:85:9B:D5:E0,-67, WPA2  WPA ,0.000000,0.000000,0.000,0.000,AP
2026-05-20 09:23:09,1900-01-00 00:00:00,Bilagg,7C:C3:85:9B:D5:E0,-75, WPA2  WPA ,0.000000,0.000000,0.000,0.000,AP
2026-05-20 09:23:09,1900-01-00 00:00:00,Bilagg,7C:C3:85:9B:D5:E0,-75, WPA2  WPA ,0.000000,0.000000,0.000,0.000,AP
2026-05-20 09:23:09,1900-01-00 00:00:00,Bilagg,7C:C3:85:9B:D5:E0,-69, WPA2  WPA ,0.000000,0.000000,0.000,0.000,AP
2026-05-20 09:23:09,1900-01-00 00:00:00,Bilagg,7C:C3:85:9B:D5:E0,-77, WPA2  WPA ,0.000000,0.000000,0.000,0.000,AP
2026-05-20 09:23:09,1900-01-00 00:00:00,Bilagg,7C:C3:85:9B:D5:E0,-75, WPA2  WPA ,0.000000,0.000000,0.000,0.000,AP
2026-05-20 09:23:09,1900-01-00 00:00:00,Bilagg,7C:C3:85:9B:D5:E0,-67, WPA2  WPA ,0.000000,0.000000,0.000,0.000,AP
2026-05-20 09:23:09,1900-01-00 00:00:00,Bilagg,7C:C3:85:9B:D5:E0,-75, WPA2  WPA ,0.000000,0.000000,0.000,0.000,AP
2026-05-20 09:23:09,1900-01-00 00:00:00,Bilagg,7C:C3:85:9B:D5:E0,-75, WPA2  WPA ,0.000000,0.000000,0.000,0.000,AP
2026-05-20 09:23:10,1900-01-00 00:00:00,Bilagg,7C:C3:85:9B:D5:E0,-67, WPA2  WPA ,0.000000,0.000000,0.000,0.000,AP
2026-05-20 09:23:10,1900-01-00 00:00:00,Bilagg,7C:C3:85:9B:D5:E0,-77, WPA2  WPA ,0.000000,0.000000,0.000,0.000,AP
2026-05-20 09:23:10,1900-01-00 00:00:00,Bilagg,7C:C3:85:9B:D5:E0,-75, WPA2  WPA ,0.000000,0.000000,0.000,0.000,AP
2026-05-20 09:23:10,1900-01-00 00:00:00,Bilagg,7C:C3:85:9B:D5:E0,-75, WPA2  WPA ,0.000000,0.000000,0.000,0.000,AP
2026-05-20 09:23:10,1900-01-00 00:00:00,Bilagg,7C:C3:85:9B:D5:E0,-77, WPA2  WPA ,0.000000,0.000000,0.000,0.000,AP
2026-05-20 09:23:10,1900-01-00 00:00:00,Bilagg,7C:C3:85:9B:D5:E0,-67, WPA2  WPA ,0.000000,0.000000,0.000,0.000,AP
2026-05-20 09:23:11,1900-01-00 00:00:00,Bilagg,7C:C3:85:9B:D5:E0,-77, WPA2  WPA ,0.000000,0.000000,0.000,0.000,AP
2026-05-20 09:23:11,1900-01-00 00:00:00,Bilagg,7C:C3:85:9B:D5:E0,-67, WPA2  WPA ,0.000000,0.000000,0.000,0.000,AP
2026-05-20 09:23:11,1900-01-00 00:00:00,Bilagg,7C:C3:85:9B:D5:E0,-69, WPA2  WPA ,0.000000,0.000000,0.000,0.000,AP
2026-05-20 09:23:11,1900-01-00 00:00:00,Bilagg,7C:C3:85:9B:D5:E0,-69, WPA2  WPA ,0.000000,0.000000,0.000,0.000,AP
2026-05-20 09:23:11,1900-01-00 00:00:00,Bilagg,7C:C3:85:9B:D5:E0,-73, WPA2  WPA ,0.000000,0.000000,0.000,0.000,AP
2026-05-20 09:23:11,1900-01-00 00:00:00,Bilagg,7C:C3:85:9B:D5:E0,-77, WPA2  WPA ,0.000000,0.000000,0.000,0.000,AP
2026-05-20 09:23:11,1900-01-00 00:00:00,Bilagg,7C:C3:85:9B:D5:E0,-69, WPA2  WPA ,0.000000,0.000000,0.000,0.000,AP
2026-05-20 09:23:12,1900-01-00 00:00:00,Bilagg,7C:C3:85:9B:D5:E0,-77, WPA2  WPA ,0.000000,0.000000,0.000,0.000,AP
2026-05-20 09:23:12,1900-01-00 00:00:00,Bilagg,7C:C3:85:9B:D5:E0,-71, WPA2  WPA ,0.000000,0.000000,0.000,0.000,AP
2026-05-20 09:23:12,1900-01-00 00:00:00,Bilagg,7C:C3:85:9B:D5:E0,-67, WPA2  WPA ,0.000000,0.000000,0.000,0.000,AP
2026-05-20 09:23:12,1900-01-00 00:00:00,Bilagg,7C:C3:85:9B:D5:E0,-75, WPA2  WPA ,0.000000,0.000000,0.000,0.000,AP
2026-05-20 09:23:12,1900-01-00 00:00:00,Bilagg,7C:C3:85:9B:D5:E0,-73, WPA2  WPA ,0.000000,0.000000,0.000,0.000,AP
2026-05-20 09:23:12,1900-01-00 00:00:00,Bilagg,7C:C3:85:9B:D5:E0,-75, WPA2  WPA ,0.000000,0.000000,0.000,0.000,AP
2026-05-20 09:23:13,1900-01-00 00:00:00,Bilagg,7C:C3:85:9B:D5:E0,-69, WPA2  WPA ,0.000000,0.000000,0.000,0.000,AP
2026-05-20 09:23:13,1900-01-00 00:00:00,Bilagg,7C:C3:85:9B:D5:E0,-75, WPA2  WPA ,0.000000,0.000000,0.000,0.000,AP
2026-05-20 09:23:13,1900-01-00 00:00:00,Bilagg,7C:C3:85:9B:D5:E0,-75, WPA2  WPA ,0.000000,0.000000,0.000,0.000,AP
2026-05-20 09:23:13,1900-01-00 00:00:00,Bilagg,7C:C3:85:9B:D5:E0,-75, WPA2  WPA ,0.000000,0.000000,0.000,0.000,AP
2026-05-20 09:23:13,1900-01-00 00:00:00,Bilagg,7C:C3:85:9B:D5:E0,-73, WPA2  WPA ,0.000000,0.000000,0.000,0.000,AP
2026-05-20 09:23:13,1900-01-00 00:00:00,Bilagg,7C:C3:85:9B:D5:E0,-67, WPA2  WPA ,0.000000,0.000000,0.000,0.000,AP
2026-05-20 09:23:13,1900-01-00 00:00:00,Bilagg,7C:C3:85:9B:D5:E0,-69, WPA2  WPA ,0.000000,0.000000,0.000,0.000,AP
2026-05-20 09:23:14,1900-01-00 00:00:00,Bilagg,7C:C3:85:9B:D5:E0,-75, WPA2  WPA ,0.000000,0.000000,0.000,0.000,AP
2026-05-20 09:23:14,1900-01-00 00:00:00,Bilagg,7C:C3:85:9B:D5:E0,-93, WPA2  WPA ,0.000000,0.000000,0.000,0.000,AP
2026-05-20 09:23:14,1900-01-00 00:00:00,Bilagg,7C:C3:85:9B:D5:E0,-69, WPA2  WPA ,0.000000,0.000000,0.000,0.000,AP
2026-05-20 09:23:14,1900-01-00 00:00:00,Bilagg,7C:C3:85:9B:D5:E0,-69, WPA2  WPA ,0.000000,0.000000,0.000,0.000,AP
2026-05-20 09:23:14,1900-01-00 00:00:00,Bilagg,7C:C3:85:9B:D5:E0,-67, WPA2  WPA ,0.000000,0.000000,0.000,0.000,AP
2026-05-20 09:23:14,1900-01-00 00:00:00,Bilagg,7C:C3:85:9B:D5:E0,-71, WPA2  WPA ,0.000000,0.000000,0.000,0.000,AP
2026-05-20 09:23:14,1900-01-00 00:00:00,Bilagg,7C:C3:85:9B:D5:E0,-67, WPA2  WPA ,0.000000,0.000000,0.000,0.000,AP
2026-05-20 09:23:15,1900-01-00 00:00:00,Bilagg,7C:C3:85:9B:D5:E0,-65, WPA2  WPA ,0.000000,0.000000,0.000,0.000,AP
2026-05-20 09:23:15,1900-01-00 00:00:00,Bilagg,7C:C3:85:9B:D5:E0,-75, WPA2  WPA ,0.000000,0.000000,0.000,0.000,AP
2026-05-20 09:23:15,1900-01-00 00:00:00,Bilagg,7C:C3:85:9B:D5:E0,-75, WPA2  WPA ,0.000000,0.000000,0.000,0.000,AP
2026-05-20 09:23:15,1900-01-00 00:00:00,Bilagg,7C:C3:85:9B:D5:E0,-77, WPA2  WPA ,0.000000,0.000000,0.000,0.000,AP
2026-05-20 09:23:16,1900-01-00 00:00:00,Bilagg,7C:C3:85:9B:D5:E0,-73, WPA2  WPA ,0.000000,0.000000,0.000,0.000,AP
2026-05-20 09:23:16,1900-01-00 00:00:00,Bilagg,7C:C3:85:9B:D5:E0,-75, WPA2  WPA ,0.000000,0.000000,0.000,0.000,AP
2026-05-20 09:23:16,1900-01-00 00:00:00,Bilagg,7C:C3:85:9B:D5:E0,-93, WPA2  WPA ,0.000000,0.000000,0.000,0.000,AP
2026-05-20 09:23:16,1900-01-00 00:00:00,Bilagg,7C:C3:85:9B:D5:E0,-93, WPA2  WPA ,0.000000,0.000000,0.000,0.000,AP
2026-05-20 09:23:17,1900-01-00 00:00:00,Bilagg,7C:C3:85:9B:D5:E0,-77, WPA2  WPA ,0.000000,0.000000,0.000,0.000,AP
2026-05-20 09:23:17,1900-01-00 00:00:00,Bilagg,7C:C3:85:9B:D5:E0,-67, WPA2  WPA ,0.000000,0.000000,0.000,0.000,AP
2026-05-20 09:23:17,1900-01-00 00:00:00,Bilagg,7C:C3:85:9B:D5:E0,-67, WPA2  WPA ,0.000000,0.000000,0.000,0.000,AP
2026-05-20 09:23:17,1900-01-00 00:00:00,Bilagg,7C:C3:85:9B:D5:E0,-75, WPA2  WPA ,0.000000,0.000000,0.000,0.000,AP
2026-05-20 09:23:17,1900-01-00 00:00:00,Bilagg,7C:C3:85:9B:D5:E0,-69, WPA2  WPA ,0.000000,0.000000,0.000,0.000,AP
2026-05-20 09:23:17,1900-01-00 00:00:00,Bilagg,7C:C3:85:9B:D5:E0,-73, WPA2  WPA ,0.000000,0.000000,0.000,0.000,AP
2026-05-20 09:23:17,1900-01-00 00:00:00,Bilagg,7C:C3:85:9B:D5:E0,-73, WPA2  WPA ,0.000000,0.000000,0.000,0.000,AP
2026-05-20 09:23:17,1900-01-00 00:00:00,Bilagg,7C:C3:85:9B:D5:E0,-79, WPA2  WPA ,0.000000,0.000000,0.000,0.000,AP
2026-05-20 09:23:17,1900-01-00 00:00:00,Bilagg,7C:C3:85:9B:D5:E0,-77, WPA2  WPA ,0.000000,0.000000,0.000,0.000,AP
2026-05-20 09:23:17,1900-01-00 00:00:00,Bilagg,7C:C3:85:9B:D5:E0,-77, WPA2  WPA ,0.000000,0.000000,0.000,0.000,AP
2026-05-20 09:23:17,1900-01-00 00:00:00,Bilagg,7C:C3:85:9B:D5:E0,-69, WPA2  WPA ,0.000000,0.000000,0.000,0.000,AP
2026-05-20 09:23:18,1900-01-00 00:00:00,Bilagg,7C:C3:85:9B:D5:E0,-77, WPA2  WPA ,0.000000,0.000000,0.000,0.000,AP
2026-05-20 09:23:18,1900-01-00 00:00:00,Bilagg,7C:C3:85:9B:D5:E0,-77, WPA2  WPA ,0.000000,0.000000,0.000,0.000,AP
2026-05-20 09:23:18,1900-01-00 00:00:00,Bilagg,7C:C3:85:9B:D5:E0,-93, WPA2  WPA ,0.000000,0.000000,0.000,0.000,AP
2026-05-20 09:23:18,1900-01-00 00:00:00,Bilagg,7C:C3:85:9B:D5:E0,-69, WPA2  WPA ,0.000000,0.000000,0.000,0.000,AP
2026-05-20 09:23:18,1900-01-00 00:00:00,Bilagg,7C:C3:85:9B:D5:E0,-77, WPA2  WPA ,0.000000,0.000000,0.000,0.000,AP
2026-05-20 09:23:18,1900-01-00 00:00:00,Bilagg,7C:C3:85:9B:D5:E0,-69, WPA2  WPA ,0.000000,0.000000,0.000,0.000,AP
2026-05-20 09:23:18,1900-01-00 00:00:00,Bilagg,7C:C3:85:9B:D5:E0,-75, WPA2  WPA ,0.000000,0.000000,0.000,0.000,AP
2026-05-20 09:23:19,1900-01-00 00:00:00,Bilagg,7C:C3:85:9B:D5:E0,-67, WPA2  WPA ,0.000000,0.000000,0.000,0.000,AP
2026-05-20 09:23:19,1900-01-00 00:00:00,Bilagg,7C:C3:85:9B:D5:E0,-91, WPA2  WPA ,0.000000,0.000000,0.000,0.000,AP
2026-05-20 09:23:19,1900-01-00 00:00:00,Bilagg,7C:C3:85:9B:D5:E0,-85, WPA2  WPA ,0.000000,0.000000,0.000,0.000,AP
2026-05-20 09:23:19,1900-01-00 00:00:00,Bilagg,7C:C3:85:9B:D5:E0,-77, WPA2  WPA ,0.000000,0.000000,0.000,0.000,AP
2026-05-20 09:23:19,1900-01-00 00:00:00,Bilagg,7C:C3:85:9B:D5:E0,-73, WPA2  WPA ,0.000000,0.000000,0.000,0.000,AP
2026-05-20 09:23:19,1900-01-00 00:00:00,Bilagg,7C:C3:85:9B:D5:E0,-73, WPA2  WPA ,0.000000,0.000000,0.000,0.000,AP
2026-05-20 09:23:19,1900-01-00 00:00:00,Bilagg,7C:C3:85:9B:D5:E0,-89, WPA2  WPA ,0.000000,0.000000,0.000,0.000,AP
2026-05-20 09:23:20,1900-01-00 00:00:00,Bilagg,7C:C3:85:9B:D5:E0,-75, WPA2  WPA ,0.000000,0.000000,0.000,0.000,AP
2026-05-20 09:23:20,1900-01-00 00:00:00,Bilagg,7C:C3:85:9B:D5:E0,-77, WPA2  WPA ,0.000000,0.000000,0.000,0.000,AP
2026-05-20 09:23:20,1900-01-00 00:00:00,Bilagg,7C:C3:85:9B:D5:E0,-93, WPA2  WPA ,0.000000,0.000000,0.000,0.000,AP
2026-05-20 09:23:20,1900-01-00 00:00:00,Bilagg,7C:C3:85:9B:D5:E0,-75, WPA2  WPA ,0.000000,0.000000,0.000,0.000,AP
2026-05-20 09:23:21,1900-01-00 00:00:00,Bilagg,7C:C3:85:9B:D5:E0,-67, WPA2  WPA ,0.000000,0.000000,0.000,0.000,AP
2026-05-20 09:23:21,1900-01-00 00:00:00,Bilagg,7C:C3:85:9B:D5:E0,-67, WPA2  WPA ,0.000000,0.000000,0.000,0.000,AP
2026-05-20 09:23:21,1900-01-00 00:00:00,Bilagg,7C:C3:85:9B:D5:E0,-93, WPA2  WPA ,0.000000,0.000000,0.000,0.000,AP
2026-05-20 09:23:21,1900-01-00 00:00:00,Bilagg,7C:C3:85:9B:D5:E0,-77, WPA2  WPA ,0.000000,0.000000,0.000,0.000,AP
2026-05-20 09:23:21,1900-01-00 00:00:00,Bilagg,7C:C3:85:9B:D5:E0,-71, WPA2  WPA ,0.000000,0.000000,0.000,0.000,AP
2026-05-20 09:23:22,1900-01-00 00:00:00,Bilagg,7C:C3:85:9B:D5:E0,-79, WPA2  WPA ,0.000000,0.000000,0.000,0.000,AP
2026-05-20 09:23:22,1900-01-00 00:00:00,Bilagg,7C:C3:85:9B:D5:E0,-69, WPA2  WPA ,0.000000,0.000000,0.000,0.000,AP
2026-05-20 09:23:22,1900-01-00 00:00:00,Bilagg,7C:C3:85:9B:D5:E0,-83, WPA2  WPA ,0.000000,0.000000,0.000,0.000,AP
2026-05-20 09:23:22,1900-01-00 00:00:00,Bilagg,7C:C3:85:9B:D5:E0,-75, WPA2  WPA ,0.000000,0.000000,0.000,0.000,AP
2026-05-20 09:23:22,1900-01-00 00:00:00,Bilagg,7C:C3:85:9B:D5:E0,-75, WPA2  WPA ,0.000000,0.000000,0.000,0.000,AP
2026-05-20 09:23:22,1900-01-00 00:00:00,Bilagg,7C:C3:85:9B:D5:E0,-93, WPA2  WPA ,0.000000,0.000000,0.000,0.000,AP
2026-05-20 09:23:22,1900-01-00 00:00:00,Bilagg,7C:C3:85:9B:D5:E0,-75, WPA2  WPA ,0.000000,0.000000,0.000,0.000,AP
2026-05-20 09:23:23,1900-01-00 00:00:00,Bilagg,7C:C3:85:9B:D5:E0,-73, WPA2  WPA ,0.000000,0.000000,0.000,0.000,AP
2026-05-20 09:23:23,1900-01-00 00:00:00,Bilagg,7C:C3:85:9B:D5:E0,-77, WPA2  WPA ,0.000000,0.000000,0.000,0.000,AP
2026-05-20 09:23:23,1900-01-00 00:00:00,Bilagg,7C:C3:85:9B:D5:E0,-93, WPA2  WPA ,0.000000,0.000000,0.000,0.000,AP
2026-05-20 09:23:23,1900-01-00 00:00:00,Bilagg,7C:C3:85:9B:D5:E0,-75, WPA2  WPA ,0.000000,0.000000,0.000,0.000,AP
2026-05-20 09:23:23,1900-01-00 00:00:00,Bilagg,7C:C3:85:9B:D5:E0,-93, WPA2  WPA ,0.000000,0.000000,0.000,0.000,AP
2026-05-20 09:23:23,1900-01-00 00:00:00,Bilagg,7C:C3:85:9B:D5:E0,-67, WPA2  WPA ,0.000000,0.000000,0.000,0.000,AP
2026-05-20 09:23:24,1900-01-00 00:00:00,Bilagg,7C:C3:85:9B:D5:E0,-93, WPA2  WPA ,0.000000,0.000000,0.000,0.000,AP
2026-05-20 09:23:24,1900-01-00 00:00:00,Bilagg,7C:C3:85:9B:D5:E0,-93, WPA2  WPA ,0.000000,0.000000,0.000,0.000,AP
2026-05-20 09:23:24,1900-01-00 00:00:00,Bilagg,7C:C3:85:9B:D5:E0,-75, WPA2  WPA ,0.000000,0.000000,0.000,0.000,AP
2026-05-20 09:23:24,1900-01-00 00:00:00,Bilagg,7C:C3:85:9B:D5:E0,-93, WPA2  WPA ,0.000000,0.000000,0.000,0.000,AP
2026-05-20 09:23:24,1900-01-00 00:00:00,Bilagg,7C:C3:85:9B:D5:E0,-77, WPA2  WPA ,0.000000,0.000000,0.000,0.000,AP
2026-05-20 09:23:24,1900-01-00 00:00:00,Bilagg,7C:C3:85:9B:D5:E0,-77, WPA2  WPA ,0.000000,0.000000,0.000,0.000,AP
2026-05-20 09:23:24,1900-01-00 00:00:00,Bilagg,7C:C3:85:9B:D5:E0,-67, WPA2  WPA ,0.000000,0.000000,0.000,0.000,AP
2026-05-20 09:23:24,1900-01-00 00:00:00,Bilagg,7C:C3:85:9B:D5:E0,-77, WPA2  WPA ,0.000000,0.000000,0.000,0.000,AP
2026-05-20 09:23:25,1900-01-00 00:00:00,Bilagg,7C:C3:85:9B:D5:E0,-77, WPA2  WPA ,0.000000,0.000000,0.000,0.000,AP
2026-05-20 09:23:25,1900-01-00 00:00:00,Bilagg,7C:C3:85:9B:D5:E0,-75, WPA2  WPA ,0.000000,0.000000,0.000,0.000,AP
2026-05-20 09:23:25,1900-01-00 00:00:00,Bilagg,7C:C3:85:9B:D5:E0,-87, WPA2  WPA ,0.000000,0.000000,0.000,0.000,AP
2026-05-20 09:23:25,1900-01-00 00:00:00,Bilagg,7C:C3:85:9B:D5:E0,-77, WPA2  WPA ,0.000000,0.000000,0.000,0.000,AP
2026-05-20 09:23:25,1900-01-00 00:00:00,Bilagg,7C:C3:85:9B:D5:E0,-73, WPA2  WPA ,0.000000,0.000000,0.000,0.000,AP
2026-05-20 09:23:25,1900-01-00 00:00:00,Bilagg,7C:C3:85:9B:D5:E0,-77, WPA2  WPA ,0.000000,0.000000,0.000,0.000,AP
2026-05-20 09:23:25,1900-01-00 00:00:00,Bilagg,7C:C3:85:9B:D5:E0,-77, WPA2  WPA ,0.000000,0.000000,0.000,0.000,AP
2026-05-20 09:23:26,1900-01-00 00:00:00,Bilagg,7C:C3:85:9B:D5:E0,-77, WPA2  WPA ,0.000000,0.000000,0.000,0.000,AP
2026-05-20 09:23:26,1900-01-00 00:00:00,Bilagg,7C:C3:85:9B:D5:E0,-79, WPA2  WPA ,0.000000,0.000000,0.000,0.000,AP
2026-05-20 09:23:26,1900-01-00 00:00:00,Bilagg,7C:C3:85:9B:D5:E0,-93, WPA2  WPA ,0.000000,0.000000,0.000,0.000,AP
2026-05-20 09:23:26,1900-01-00 00:00:00,Bilagg,7C:C3:85:9B:D5:E0,-77, WPA2  WPA ,0.000000,0.000000,0.000,0.000,AP
2026-05-20 09:23:26,1900-01-00 00:00:00,Bilagg,7C:C3:85:9B:D5:E0,-93, WPA2  WPA ,0.000000,0.000000,0.000,0.000,AP
2026-05-20 09:23:26,1900-01-00 00:00:00,Bilagg,7C:C3:85:9B:D5:E0,-67, WPA2  WPA ,0.000000,0.000000,0.000,0.000,AP
2026-05-20 09:23:26,1900-01-00 00:00:00,Bilagg,7C:C3:85:9B:D5:E0,-93, WPA2  WPA ,0.000000,0.000000,0.000,0.000,AP
2026-05-20 09:23:26,1900-01-00 00:00:00,Bilagg,7C:C3:85:9B:D5:E0,-71, WPA2  WPA ,0.000000,0.000000,0.000,0.000,AP
2026-05-20 09:23:27,1900-01-00 00:00:00,Bilagg,7C:C3:85:9B:D5:E0,-69, WPA2  WPA ,0.000000,0.000000,0.000,0.000,AP
2026-05-20 09:23:27,1900-01-00 00:00:00,Bilagg,7C:C3:85:9B:D5:E0,-75, WPA2  WPA ,0.000000,0.000000,0.000,0.000,AP
2026-05-20 09:23:27,1900-01-00 00:00:00,Bilagg,7C:C3:85:9B:D5:E0,-77, WPA2  WPA ,0.000000,0.000000,0.000,0.000,AP
2026-05-20 09:23:27,1900-01-00 00:00:00,Bilagg,7C:C3:85:9B:D5:E0,-77, WPA2  WPA ,0.000000,0.000000,0.000,0.000,AP
2026-05-20 09:23:27,1900-01-00 00:00:00,Bilagg,7C:C3:85:9B:D5:E0,-81, WPA2  WPA ,0.000000,0.000000,0.000,0.000,AP
2026-05-20 09:23:27,1900-01-00 00:00:00,Bilagg,7C:C3:85:9B:D5:E0,-75, WPA2  WPA ,0.000000,0.000000,0.000,0.000,AP
2026-05-20 09:23:28,1900-01-00 00:00:00,Bilagg,7C:C3:85:9B:D5:E0,-71, WPA2  WPA ,0.000000,0.000000,0.000,0.000,AP
2026-05-20 09:23:28,1900-01-00 00:00:00,Bilagg,7C:C3:85:9B:D5:E0,-81, WPA2  WPA ,0.000000,0.000000,0.000,0.000,AP
2026-05-20 09:23:28,1900-01-00 00:00:00,Bilagg,7C:C3:85:9B:D5:E0,-75, WPA2  WPA ,0.000000,0.000000,0.000,0.000,AP
2026-05-20 09:23:28,1900-01-00 00:00:00,Bilagg,7C:C3:85:9B:D5:E0,-93, WPA2  WPA ,0.000000,0.000000,0.000,0.000,AP
2026-05-20 09:23:28,1900-01-00 00:00:00,Bilagg,7C:C3:85:9B:D5:E0,-91, WPA2  WPA ,0.000000,0.000000,0.000,0.000,AP
2026-05-20 09:23:28,1900-01-00 00:00:00,Bilagg,7C:C3:85:9B:D5:E0,-69, WPA2  WPA ,0.000000,0.000000,0.000,0.000,AP
2026-05-20 09:23:28,1900-01-00 00:00:00,Bilagg,7C:C3:85:9B:D5:E0,-79, WPA2  WPA ,0.000000,0.000000,0.000,0.000,AP
2026-05-20 09:23:28,1900-01-00 00:00:00,Bilagg,7C:C3:85:9B:D5:E0,-75, WPA2  WPA ,0.000000,0.000000,0.000,0.000,AP
2026-05-20 09:23:28,1900-01-00 00:00:00,Bilagg,7C:C3:85:9B:D5:E0,-93, WPA2  WPA ,0.000000,0.000000,0.000,0.000,AP
2026-05-20 09:23:29,1900-01-00 00:00:00,Bilagg,7C:C3:85:9B:D5:E0,-77, WPA2  WPA ,0.000000,0.000000,0.000,0.000,AP
2026-05-20 09:23:29,1900-01-00 00:00:00,Bilagg,7C:C3:85:9B:D5:E0,-77, WPA2  WPA ,0.000000,0.000000,0.000,0.000,AP
2026-05-20 09:23:29,1900-01-00 00:00:00,Bilagg,7C:C3:85:9B:D5:E0,-93, WPA2  WPA ,0.000000,0.000000,0.000,0.000,AP
2026-05-20 09:23:29,1900-01-00 00:00:00,Bilagg,7C:C3:85:9B:D5:E0,-77, WPA2  WPA ,0.000000,0.000000,0.000,0.000,AP
2026-05-20 09:23:29,1900-01-00 00:00:00,Bilagg,7C:C3:85:9B:D5:E0,-77, WPA2  WPA ,0.000000,0.000000,0.000,0.000,AP
2026-05-20 09:23:29,1900-01-00 00:00:00,Bilagg,7C:C3:85:9B:D5:E0,-77, WPA2  WPA ,0.000000,0.000000,0.000,0.000,AP
2026-05-20 09:23:29,1900-01-00 00:00:00,Bilagg,7C:C3:85:9B:D5:E0,-69, WPA2  WPA ,0.000000,0.000000,0.000,0.000,AP
2026-05-20 09:23:29,1900-01-00 00:00:00,Bilagg,7C:C3:85:9B:D5:E0,-93, WPA2  WPA ,0.000000,0.000000,0.000,0.000,AP
2026-05-20 09:23:29,1900-01-00 00:00:00,,0E:C2:DC:A9:4E:3C,-83,,0.000000,0.000000,0.000,0.000,Client
2026-05-20 09:23:29,1900-01-00 00:00:00,Bilagg,7C:C3:85:9B:D5:E0,-75, WPA2  WPA ,0.000000,0.000000,0.000,0.000,AP
2026-05-20 09:23:29,1900-01-00 00:00:00,Bilagg,7C:C3:85:9B:D5:E0,-83, WPA2  WPA ,0.000000,0.000000,0.000,0.000,AP
2026-05-20 09:23:30,1900-01-00 00:00:00,Bilagg,7C:C3:85:9B:D5:E0,-75, WPA2  WPA ,0.000000,0.000000,0.000,0.000,AP
2026-05-20 09:23:30,1900-01-00 00:00:00,Bilagg,7C:C3:85:9B:D5:E0,-69, WPA2  WPA ,0.000000,0.000000,0.000,0.000,AP
2026-05-20 09:23:30,1900-01-00 00:00:00,Bilagg,7C:C3:85:9B:D5:E0,-75, WPA2  WPA ,0.000000,0.000000,0.000,0.000,AP
2026-05-20 09:23:30,1900-01-00 00:00:00,Bilagg,7C:C3:85:9B:D5:E0,-73, WPA2  WPA ,0.000000,0.000000,0.000,0.000,AP
2026-05-20 09:23:30,1900-01-00 00:00:00,Bilagg,7C:C3:85:9B:D5:E0,-77, WPA2  WPA ,0.000000,0.000000,0.000,0.000,AP
2026-05-20 09:23:30,1900-01-00 00:00:00,Bilagg,7C:C3:85:9B:D5:E0,-73, WPA2  WPA ,0.000000,0.000000,0.000,0.000,AP
2026-05-20 09:23:30,1900-01-00 00:00:00,Bilagg,7C:C3:85:9B:D5:E0,-81, WPA2  WPA ,0.000000,0.000000,0.000,0.000,AP
2026-05-20 09:23:30,1900-01-00 00:00:00,Bilagg,7C:C3:85:9B:D5:E0,-75, WPA2  WPA ,0.000000,0.000000,0.000,0.000,AP
2026-05-20 09:23:30,1900-01-00 00:00:00,Bilagg,7C:C3:85:9B:D5:E0,-67, WPA2  WPA ,0.000000,0.000000,0.000,0.000,AP
2026-05-20 09:23:31,1900-01-00 00:00:00,Bilagg,7C:C3:85:9B:D5:E0,-77, WPA2  WPA ,0.000000,0.000000,0.000,0.000,AP
2026-05-20 09:23:31,1900-01-00 00:00:00,Bilagg,7C:C3:85:9B:D5:E0,-77, WPA2  WPA ,0.000000,0.000000,0.000,0.000,AP
2026-05-20 09:23:31,1900-01-00 00:00:00,Bilagg,7C:C3:85:9B:D5:E0,-67, WPA2  WPA ,0.000000,0.000000,0.000,0.000,AP
2026-05-20 09:23:31,1900-01-00 00:00:00,Bilagg,7C:C3:85:9B:D5:E0,-67, WPA2  WPA ,0.000000,0.000000,0.000,0.000,AP
2026-05-20 09:23:31,1900-01-00 00:00:00,Bilagg,7C:C3:85:9B:D5:E0,-75, WPA2  WPA ,0.000000,0.000000,0.000,0.000,AP
2026-05-20 09:23:31,1900-01-00 00:00:00,Bilagg,7C:C3:85:9B:D5:E0,-83, WPA2  WPA ,0.000000,0.000000,0.000,0.000,AP
2026-05-20 09:23:31,1900-01-00 00:00:00,Bilagg,7C:C3:85:9B:D5:E0,-75, WPA2  WPA ,0.000000,0.000000,0.000,0.000,AP
2026-05-20 09:23:32,1900-01-00 00:00:00,Bilagg,7C:C3:85:9B:D5:E0,-93, WPA2  WPA ,0.000000,0.000000,0.000,0.000,AP
2026-05-20 09:23:32,1900-01-00 00:00:00,Bilagg,7C:C3:85:9B:D5:E0,-75, WPA2  WPA ,0.000000,0.000000,0.000,0.000,AP
2026-05-20 09:23:32,1900-01-00 00:00:00,Bilagg,7C:C3:85:9B:D5:E0,-93, WPA2  WPA ,0.000000,0.000000,0.000,0.000,AP
2026-05-20 09:23:32,1900-01-00 00:00:00,Bilagg,7C:C3:85:9B:D5:E0,-71, WPA2  WPA ,0.000000,0.000000,0.000,0.000,AP
2026-05-20 09:23:32,1900-01-00 00:00:00,Bilagg,7C:C3:85:9B:D5:E0,-79, WPA2  WPA ,0.000000,0.000000,0.000,0.000,AP
2026-05-20 09:23:33,1900-01-00 00:00:00,Bilagg,7C:C3:85:9B:D5:E0,-67, WPA2  WPA ,0.000000,0.000000,0.000,0.000,AP
2026-05-20 09:23:33,1900-01-00 00:00:00,Bilagg,7C:C3:85:9B:D5:E0,-73, WPA2  WPA ,0.000000,0.000000,0.000,0.000,AP
2026-05-20 09:23:33,1900-01-00 00:00:00,Bilagg,7C:C3:85:9B:D5:E0,-71, WPA2  WPA ,0.000000,0.000000,0.000,0.000,AP
2026-05-20 09:23:33,1900-01-00 00:00:00,Bilagg,7C:C3:85:9B:D5:E0,-69, WPA2  WPA ,0.000000,0.000000,0.000,0.000,AP
2026-05-20 09:23:33,1900-01-00 00:00:00,Bilagg,7C:C3:85:9B:D5:E0,-93, WPA2  WPA ,0.000000,0.000000,0.000,0.000,AP
2026-05-20 09:23:33,1900-01-00 00:00:00,Bilagg,7C:C3:85:9B:D5:E0,-93, WPA2  WPA ,0.000000,0.000000,0.000,0.000,AP
2026-05-20 09:23:33,1900-01-00 00:00:00,Bilagg,7C:C3:85:9B:D5:E0,-67, WPA2  WPA ,0.000000,0.000000,0.000,0.000,AP
2026-05-20 09:23:33,1900-01-00 00:00:00,Bilagg,7C:C3:85:9B:D5:E0,-73, WPA2  WPA ,0.000000,0.000000,0.000,0.000,AP
2026-05-20 09:23:34,1900-01-00 00:00:00,Bilagg,7C:C3:85:9B:D5:E0,-67, WPA2  WPA ,0.000000,0.000000,0.000,0.000,AP
2026-05-20 09:23:34,1900-01-00 00:00:00,Bilagg,7C:C3:85:9B:D5:E0,-69, WPA2  WPA ,0.000000,0.000000,0.000,0.000,AP
2026-05-20 09:23:34,1900-01-00 00:00:00,Bilagg,7C:C3:85:9B:D5:E0,-69, WPA2  WPA ,0.000000,0.000000,0.000,0.000,AP
2026-05-20 09:23:34,1900-01-00 00:00:00,Bilagg,7C:C3:85:9B:D5:E0,-69, WPA2  WPA ,0.000000,0.000000,0.000,0.000,AP
2026-05-20 09:23:34,1900-01-00 00:00:00,Bilagg,7C:C3:85:9B:D5:E0,-75, WPA2  WPA ,0.000000,0.000000,0.000,0.000,AP
2026-05-20 09:23:34,1900-01-00 00:00:00,Bilagg,7C:C3:85:9B:D5:E0,-73, WPA2  WPA ,0.000000,0.000000,0.000,0.000,AP
2026-05-20 09:23:34,1900-01-00 00:00:00,Bilagg,7C:C3:85:9B:D5:E0,-81, WPA2  WPA ,0.000000,0.000000,0.000,0.000,AP
2026-05-20 09:23:34,1900-01-00 00:00:00,Bilagg,7C:C3:85:9B:D5:E0,-75, WPA2  WPA ,0.000000,0.000000,0.000,0.000,AP
2026-05-20 09:23:34,1900-01-00 00:00:00,Bilagg,7C:C3:85:9B:D5:E0,-77, WPA2  WPA ,0.000000,0.000000,0.000,0.000,AP
2026-05-20 09:23:34,1900-01-00 00:00:00,Bilagg,7C:C3:85:9B:D5:E0,-75, WPA2  WPA ,0.000000,0.000000,0.000,0.000,AP
2026-05-20 09:23:35,1900-01-00 00:00:00,Bilagg,7C:C3:85:9B:D5:E0,-79, WPA2  WPA ,0.000000,0.000000,0.000,0.000,AP
2026-05-20 09:23:35,1900-01-00 00:00:00,Bilagg,7C:C3:85:9B:D5:E0,-75, WPA2  WPA ,0.000000,0.000000,0.000,0.000,AP
2026-05-20 09:23:35,1900-01-00 00:00:00,Bilagg,7C:C3:85:9B:D5:E0,-77, WPA2  WPA ,0.000000,0.000000,0.000,0.000,AP
2026-05-20 09:23:35,1900-01-00 00:00:00,Bilagg,7C:C3:85:9B:D5:E0,-69, WPA2  WPA ,0.000000,0.000000,0.000,0.000,AP
2026-05-20 09:23:35,1900-01-00 00:00:00,Bilagg,7C:C3:85:9B:D5:E0,-75, WPA2  WPA ,0.000000,0.000000,0.000,0.000,AP
2026-05-20 09:23:35,1900-01-00 00:00:00,Bilagg,7C:C3:85:9B:D5:E0,-75, WPA2  WPA ,0.000000,0.000000,0.000,0.000,AP
2026-05-20 09:23:35,1900-01-00 00:00:00,Bilagg,7C:C3:85:9B:D5:E0,-71, WPA2  WPA ,0.000000,0.000000,0.000,0.000,AP
2026-05-20 09:23:35,1900-01-00 00:00:00,Bilagg,7C:C3:85:9B:D5:E0,-77, WPA2  WPA ,0.000000,0.000000,0.000,0.000,AP
2026-05-20 09:23:35,1900-01-00 00:00:00,Bilagg,7C:C3:85:9B:D5:E0,-69, WPA2  WPA ,0.000000,0.000000,0.000,0.000,AP
2026-05-20 09:23:36,1900-01-00 00:00:00,Bilagg,7C:C3:85:9B:D5:E0,-77, WPA2  WPA ,0.000000,0.000000,0.000,0.000,AP
2026-05-20 09:23:36,1900-01-00 00:00:00,Bilagg,7C:C3:85:9B:D5:E0,-67, WPA2  WPA ,0.000000,0.000000,0.000,0.000,AP
2026-05-20 09:23:36,1900-01-00 00:00:00,Bilagg,7C:C3:85:9B:D5:E0,-77, WPA2  WPA ,0.000000,0.000000,0.000,0.000,AP
2026-05-20 09:23:36,1900-01-00 00:00:00,Bilagg,7C:C3:85:9B:D5:E0,-75, WPA2  WPA ,0.000000,0.000000,0.000,0.000,AP
2026-05-20 09:23:36,1900-01-00 00:00:00,Bilagg,7C:C3:85:9B:D5:E0,-75, WPA2  WPA ,0.000000,0.000000,0.000,0.000,AP
2026-05-20 09:23:36,1900-01-00 00:00:00,Bilagg,7C:C3:85:9B:D5:E0,-71, WPA2  WPA ,0.000000,0.000000,0.000,0.000,AP
2026-05-20 09:23:36,1900-01-00 00:00:00,Bilagg,7C:C3:85:9B:D5:E0,-75, WPA2  WPA ,0.000000,0.000000,0.000,0.000,AP
2026-05-20 09:23:36,1900-01-00 00:00:00,Bilagg,7C:C3:85:9B:D5:E0,-69, WPA2  WPA ,0.000000,0.000000,0.000,0.000,AP
2026-05-20 09:23:37,1900-01-00 00:00:00,Bilagg,7C:C3:85:9B:D5:E0,-71, WPA2  WPA ,0.000000,0.000000,0.000,0.000,AP
2026-05-20 09:23:37,1900-01-00 00:00:00,Bilagg,7C:C3:85:9B:D5:E0,-73, WPA2  WPA ,0.000000,0.000000,0.000,0.000,AP
2026-05-20 09:23:37,1900-01-00 00:00:00,Bilagg,7C:C3:85:9B:D5:E0,-73, WPA2  WPA ,0.000000,0.000000,0.000,0.000,AP
2026-05-20 09:23:37,1900-01-00 00:00:00,Bilagg,7C:C3:85:9B:D5:E0,-73, WPA2  WPA ,0.000000,0.000000,0.000,0.000,AP
2026-05-20 09:23:38,1900-01-00 00:00:00,Bilagg,7C:C3:85:9B:D5:E0,-73, WPA2  WPA ,0.000000,0.000000,0.000,0.000,AP
2026-05-20 09:23:38,1900-01-00 00:00:00,Bilagg,7C:C3:85:9B:D5:E0,-75, WPA2  WPA ,0.000000,0.000000,0.000,0.000,AP
2026-05-20 09:23:38,1900-01-00 00:00:00,Bilagg,7C:C3:85:9B:D5:E0,-73, WPA2  WPA ,0.000000,0.000000,0.000,0.000,AP
2026-05-20 09:23:38,1900-01-00 00:00:00,Bilagg,7C:C3:85:9B:D5:E0,-75, WPA2  WPA ,0.000000,0.000000,0.000,0.000,AP
2026-05-20 09:23:38,1900-01-00 00:00:00,Bilagg,7C:C3:85:9B:D5:E0,-75, WPA2  WPA ,0.000000,0.000000,0.000,0.000,AP
2026-05-20 09:23:38,1900-01-00 00:00:00,Bilagg,7C:C3:85:9B:D5:E0,-71, WPA2  WPA ,0.000000,0.000000,0.000,0.000,AP
2026-05-20 09:23:38,1900-01-00 00:00:00,Bilagg,7C:C3:85:9B:D5:E0,-77, WPA2  WPA ,0.000000,0.000000,0.000,0.000,AP
2026-05-20 09:23:39,1900-01-00 00:00:00,Bilagg,7C:C3:85:9B:D5:E0,-67, WPA2  WPA ,0.000000,0.000000,0.000,0.000,AP
2026-05-20 09:23:39,1900-01-00 00:00:00,Bilagg,7C:C3:85:9B:D5:E0,-73, WPA2  WPA ,0.000000,0.000000,0.000,0.000,AP
2026-05-20 09:23:39,1900-01-00 00:00:00,Bilagg,7C:C3:85:9B:D5:E0,-73, WPA2  WPA ,0.000000,0.000000,0.000,0.000,AP
2026-05-20 09:23:39,1900-01-00 00:00:00,Bilagg,7C:C3:85:9B:D5:E0,-77, WPA2  WPA ,0.000000,0.000000,0.000,0.000,AP
2026-05-20 09:23:39,1900-01-00 00:00:00,Bilagg,7C:C3:85:9B:D5:E0,-67, WPA2  WPA ,0.000000,0.000000,0.000,0.000,AP
2026-05-20 09:23:39,1900-01-00 00:00:00,Bilagg,7C:C3:85:9B:D5:E0,-67, WPA2  WPA ,0.000000,0.000000,0.000,0.000,AP
2026-05-20 09:23:39,1900-01-00 00:00:00,Bilagg,7C:C3:85:9B:D5:E0,-67, WPA2  WPA ,0.000000,0.000000,0.000,0.000,AP
2026-05-20 09:23:39,1900-01-00 00:00:00,Bilagg,7C:C3:85:9B:D5:E0,-73, WPA2  WPA ,0.000000,0.000000,0.000,0.000,AP
2026-05-20 09:23:40,1900-01-00 00:00:00,Bilagg,7C:C3:85:9B:D5:E0,-71, WPA2  WPA ,0.000000,0.000000,0.000,0.000,AP
2026-05-20 09:23:40,1900-01-00 00:00:00,Bilagg,7C:C3:85:9B:D5:E0,-75, WPA2  WPA ,0.000000,0.000000,0.000,0.000,AP
2026-05-20 09:23:40,1900-01-00 00:00:00,Bilagg,7C:C3:85:9B:D5:E0,-69, WPA2  WPA ,0.000000,0.000000,0.000,0.000,AP
2026-05-20 09:23:40,1900-01-00 00:00:00,Bilagg,7C:C3:85:9B:D5:E0,-69, WPA2  WPA ,0.000000,0.000000,0.000,0.000,AP
2026-05-20 09:23:40,1900-01-00 00:00:00,Bilagg,7C:C3:85:9B:D5:E0,-73, WPA2  WPA ,0.000000,0.000000,0.000,0.000,AP
2026-05-20 09:23:40,1900-01-00 00:00:00,Bilagg,7C:C3:85:9B:D5:E0,-77, WPA2  WPA ,0.000000,0.000000,0.000,0.000,AP
2026-05-20 09:23:40,1900-01-00 00:00:00,Bilagg,7C:C3:85:9B:D5:E0,-71, WPA2  WPA ,0.000000,0.000000,0.000,0.000,AP
2026-05-20 09:23:41,1900-01-00 00:00:00,Bilagg,7C:C3:85:9B:D5:E0,-71, WPA2  WPA ,0.000000,0.000000,0.000,0.000,AP
2026-05-20 09:23:41,1900-01-00 00:00:00,Bilagg,7C:C3:85:9B:D5:E0,-75, WPA2  WPA ,0.000000,0.000000,0.000,0.000,AP
2026-05-20 09:23:41,1900-01-00 00:00:00,Bilagg,7C:C3:85:9B:D5:E0,-75, WPA2  WPA ,0.000000,0.000000,0.000,0.000,AP
2026-05-20 09:23:41,1900-01-00 00:00:00,Bilagg,7C:C3:85:9B:D5:E0,-71, WPA2  WPA ,0.000000,0.000000,0.000,0.000,AP
2026-05-20 09:23:41,1900-01-00 00:00:00,Bilagg,7C:C3:85:9B:D5:E0,-73, WPA2  WPA ,0.000000,0.000000,0.000,0.000,AP
2026-05-20 09:23:41,1900-01-00 00:00:00,Bilagg,7C:C3:85:9B:D5:E0,-73, WPA2  WPA ,0.000000,0.000000,0.000,0.000,AP
2026-05-20 09:23:41,1900-01-00 00:00:00,Bilagg,7C:C3:85:9B:D5:E0,-73, WPA2  WPA ,0.000000,0.000000,0.000,0.000,AP
2026-05-20 09:23:41,1900-01-00 00:00:00,Bilagg,7C:C3:85:9B:D5:E0,-73, WPA2  WPA ,0.000000,0.000000,0.000,0.000,AP
2026-05-20 09:23:41,1900-01-00 00:00:00,Bilagg,7C:C3:85:9B:D5:E0,-73, WPA2  WPA ,0.000000,0.000000,0.000,0.000,AP
2026-05-20 09:23:41,1900-01-00 00:00:00,Bilagg,7C:C3:85:9B:D5:E0,-69, WPA2  WPA ,0.000000,0.000000,0.000,0.000,AP
2026-05-20 09:23:41,1900-01-00 00:00:00,Bilagg,7C:C3:85:9B:D5:E0,-75, WPA2  WPA ,0.000000,0.000000,0.000,0.000,AP
2026-05-20 09:23:41,1900-01-00 00:00:00,Bilagg,7C:C3:85:9B:D5:E0,-73, WPA2  WPA ,0.000000,0.000000,0.000,0.000,AP
2026-05-20 09:23:41,1900-01-00 00:00:00,Bilagg,7C:C3:85:9B:D5:E0,-75, WPA2  WPA ,0.000000,0.000000,0.000,0.000,AP
2026-05-20 09:23:41,1900-01-00 00:00:00,Bilagg,7C:C3:85:9B:D5:E0,-67, WPA2  WPA ,0.000000,0.000000,0.000,0.000,AP
2026-05-20 09:23:41,1900-01-00 00:00:00,Bilagg,7C:C3:85:9B:D5:E0,-71, WPA2  WPA ,0.000000,0.000000,0.000,0.000,AP
2026-05-20 09:23:41,1900-01-00 00:00:00,Bilagg,7C:C3:85:9B:D5:E0,-93, WPA2  WPA ,0.000000,0.000000,0.000,0.000,AP
2026-05-20 09:23:42,1900-01-00 00:00:00,Bilagg,7C:C3:85:9B:D5:E0,-69, WPA2  WPA ,0.000000,0.000000,0.000,0.000,AP
2026-05-20 09:23:42,1900-01-00 00:00:00,Bilagg,7C:C3:85:9B:D5:E0,-73, WPA2  WPA ,0.000000,0.000000,0.000,0.000,AP
2026-05-20 09:23:42,1900-01-00 00:00:00,Bilagg,7C:C3:85:9B:D5:E0,-75, WPA2  WPA ,0.000000,0.000000,0.000,0.000,AP
2026-05-20 09:23:42,1900-01-00 00:00:00,Bilagg,7C:C3:85:9B:D5:E0,-73, WPA2  WPA ,0.000000,0.000000,0.000,0.000,AP
2026-05-20 09:23:42,1900-01-00 00:00:00,Bilagg,7C:C3:85:9B:D5:E0,-81, WPA2  WPA ,0.000000,0.000000,0.000,0.000,AP
2026-05-20 09:23:42,1900-01-00 00:00:00,Bilagg,7C:C3:85:9B:D5:E0,-75, WPA2  WPA ,0.000000,0.000000,0.000,0.000,AP
2026-05-20 09:23:42,1900-01-00 00:00:00,Bilagg,7C:C3:85:9B:D5:E0,-69, WPA2  WPA ,0.000000,0.000000,0.000,0.000,AP
2026-05-20 09:23:42,1900-01-00 00:00:00,Bilagg,7C:C3:85:9B:D5:E0,-67, WPA2  WPA ,0.000000,0.000000,0.000,0.000,AP
2026-05-20 09:23:43,1900-01-00 00:00:00,Bilagg,7C:C3:85:9B:D5:E0,-69, WPA2  WPA ,0.000000,0.000000,0.000,0.000,AP
2026-05-20 09:23:43,1900-01-00 00:00:00,Bilagg,7C:C3:85:9B:D5:E0,-69, WPA2  WPA ,0.000000,0.000000,0.000,0.000,AP
2026-05-20 09:23:43,1900-01-00 00:00:00,Bilagg,7C:C3:85:9B:D5:E0,-77, WPA2  WPA ,0.000000,0.000000,0.000,0.000,AP
2026-05-20 09:23:43,1900-01-00 00:00:00,Bilagg,7C:C3:85:9B:D5:E0,-75, WPA2  WPA ,0.000000,0.000000,0.000,0.000,AP
2026-05-20 09:23:43,1900-01-00 00:00:00,Bilagg,7C:C3:85:9B:D5:E0,-93, WPA2  WPA ,0.000000,0.000000,0.000,0.000,AP
2026-05-20 09:23:43,1900-01-00 00:00:00,Bilagg,7C:C3:85:9B:D5:E0,-67, WPA2  WPA ,0.000000,0.000000,0.000,0.000,AP
2026-05-20 09:23:43,1900-01-00 00:00:00,Bilagg,7C:C3:85:9B:D5:E0,-75, WPA2  WPA ,0.000000,0.000000,0.000,0.000,AP
2026-05-20 09:23:43,1900-01-00 00:00:00,Bilagg,7C:C3:85:9B:D5:E0,-75, WPA2  WPA ,0.000000,0.000000,0.000,0.000,AP
2026-05-20 09:23:44,1900-01-00 00:00:00,Bilagg,7C:C3:85:9B:D5:E0,-69, WPA2  WPA ,0.000000,0.000000,0.000,0.000,AP
2026-05-20 09:23:44,1900-01-00 00:00:00,Bilagg,7C:C3:85:9B:D5:E0,-75, WPA2  WPA ,0.000000,0.000000,0.000,0.000,AP
2026-05-20 09:23:44,1900-01-00 00:00:00,Bilagg,7C:C3:85:9B:D5:E0,-75, WPA2  WPA ,0.000000,0.000000,0.000,0.000,AP
2026-05-20 09:23:44,1900-01-00 00:00:00,Bilagg,7C:C3:85:9B:D5:E0,-71, WPA2  WPA ,0.000000,0.000000,0.000,0.000,AP
2026-05-20 09:23:44,1900-01-00 00:00:00,Bilagg,7C:C3:85:9B:D5:E0,-75, WPA2  WPA ,0.000000,0.000000,0.000,0.000,AP
2026-05-20 09:23:44,1900-01-00 00:00:00,Bilagg,7C:C3:85:9B:D5:E0,-73, WPA2  WPA ,0.000000,0.000000,0.000,0.000,AP
2026-05-20 09:23:45,1900-01-00 00:00:00,Bilagg,7C:C3:85:9B:D5:E0,-77, WPA2  WPA ,0.000000,0.000000,0.000,0.000,AP
2026-05-20 09:23:45,1900-01-00 00:00:00,Bilagg,7C:C3:85:9B:D5:E0,-77, WPA2  WPA ,0.000000,0.000000,0.000,0.000,AP
2026-05-20 09:23:45,1900-01-00 00:00:00,Bilagg,7C:C3:85:9B:D5:E0,-77, WPA2  WPA ,0.000000,0.000000,0.000,0.000,AP
2026-05-20 09:23:45,1900-01-00 00:00:00,Bilagg,7C:C3:85:9B:D5:E0,-77, WPA2  WPA ,0.000000,0.000000,0.000,0.000,AP
2026-05-20 09:23:45,1900-01-00 00:00:00,Bilagg,7C:C3:85:9B:D5:E0,-73, WPA2  WPA ,0.000000,0.000000,0.000,0.000,AP
2026-05-20 09:23:45,1900-01-00 00:00:00,Bilagg,7C:C3:85:9B:D5:E0,-93, WPA2  WPA ,0.000000,0.000000,0.000,0.000,AP
2026-05-20 09:23:45,1900-01-00 00:00:00,Bilagg,7C:C3:85:9B:D5:E0,-75, WPA2  WPA ,0.000000,0.000000,0.000,0.000,AP
2026-05-20 09:23:45,1900-01-00 00:00:00,Bilagg,7C:C3:85:9B:D5:E0,-93, WPA2  WPA ,0.000000,0.000000,0.000,0.000,AP
2026-05-20 09:23:45,1900-01-00 00:00:00,Bilagg,7C:C3:85:9B:D5:E0,-77, WPA2  WPA ,0.000000,0.000000,0.000,0.000,AP
2026-05-20 09:23:45,1900-01-00 00:00:00,Bilagg,7C:C3:85:9B:D5:E0,-75, WPA2  WPA ,0.000000,0.000000,0.000,0.000,AP
2026-05-20 09:23:46,1900-01-00 00:00:00,Bilagg,7C:C3:85:9B:D5:E0,-75, WPA2  WPA ,0.000000,0.000000,0.000,0.000,AP
2026-05-20 09:23:46,1900-01-00 00:00:00,Bilagg,7C:C3:85:9B:D5:E0,-71, WPA2  WPA ,0.000000,0.000000,0.000,0.000,AP
2026-05-20 09:23:46,1900-01-00 00:00:00,Bilagg,7C:C3:85:9B:D5:E0,-75, WPA2  WPA ,0.000000,0.000000,0.000,0.000,AP
2026-05-20 09:23:46,1900-01-00 00:00:00,Bilagg,7C:C3:85:9B:D5:E0,-75, WPA2  WPA ,0.000000,0.000000,0.000,0.000,AP
2026-05-20 09:23:46,1900-01-00 00:00:00,Bilagg,7C:C3:85:9B:D5:E0,-67, WPA2  WPA ,0.000000,0.000000,0.000,0.000,AP
2026-05-20 09:23:46,1900-01-00 00:00:00,Bilagg,7C:C3:85:9B:D5:E0,-75, WPA2  WPA ,0.000000,0.000000,0.000,0.000,AP
2026-05-20 09:23:46,1900-01-00 00:00:00,Bilagg,7C:C3:85:9B:D5:E0,-67, WPA2  WPA ,0.000000,0.000000,0.000,0.000,AP
2026-05-20 09:23:46,1900-01-00 00:00:00,Bilagg,7C:C3:85:9B:D5:E0,-69, WPA2  WPA ,0.000000,0.000000,0.000,0.000,AP
2026-05-20 09:23:46,1900-01-00 00:00:00,Bilagg,7C:C3:85:9B:D5:E0,-73, WPA2  WPA ,0.000000,0.000000,0.000,0.000,AP
2026-05-20 09:23:46,1900-01-00 00:00:00,Bilagg,7C:C3:85:9B:D5:E0,-93, WPA2  WPA ,0.000000,0.000000,0.000,0.000,AP
2026-05-20 09:23:47,1900-01-00 00:00:00,Bilagg,7C:C3:85:9B:D5:E0,-75, WPA2  WPA ,0.000000,0.000000,0.000,0.000,AP
2026-05-20 09:23:47,1900-01-00 00:00:00,Bilagg,7C:C3:85:9B:D5:E0,-77, WPA2  WPA ,0.000000,0.000000,0.000,0.000,AP
2026-05-20 09:23:47,1900-01-00 00:00:00,Bilagg,7C:C3:85:9B:D5:E0,-79, WPA2  WPA ,0.000000,0.000000,0.000,0.000,AP
2026-05-20 09:23:47,1900-01-00 00:00:00,Bilagg,7C:C3:85:9B:D5:E0,-71, WPA2  WPA ,0.000000,0.000000,0.000,0.000,AP
2026-05-20 09:23:47,1900-01-00 00:00:00,Bilagg,7C:C3:85:9B:D5:E0,-75, WPA2  WPA ,0.000000,0.000000,0.000,0.000,AP
2026-05-20 09:23:47,1900-01-00 00:00:00,Bilagg,7C:C3:85:9B:D5:E0,-71, WPA2  WPA ,0.000000,0.000000,0.000,0.000,AP
2026-05-20 09:23:47,1900-01-00 00:00:00,Bilagg,7C:C3:85:9B:D5:E0,-77, WPA2  WPA ,0.000000,0.000000,0.000,0.000,AP
2026-05-20 09:23:47,1900-01-00 00:00:00,Bilagg,7C:C3:85:9B:D5:E0,-77, WPA2  WPA ,0.000000,0.000000,0.000,0.000,AP
2026-05-20 09:23:47,1900-01-00 00:00:00,Bilagg,7C:C3:85:9B:D5:E0,-67, WPA2  WPA ,0.000000,0.000000,0.000,0.000,AP
2026-05-20 09:23:47,1900-01-00 00:00:00,Bilagg,7C:C3:85:9B:D5:E0,-71, WPA2  WPA ,0.000000,0.000000,0.000,0.000,AP
2026-05-20 09:23:47,1900-01-00 00:00:00,Bilagg,7C:C3:85:9B:D5:E0,-75, WPA2  WPA ,0.000000,0.000000,0.000,0.000,AP
2026-05-20 09:23:48,1900-01-00 00:00:00,Bilagg,7C:C3:85:9B:D5:E0,-67, WPA2  WPA ,0.000000,0.000000,0.000,0.000,AP
2026-05-20 09:23:48,1900-01-00 00:00:00,Bilagg,7C:C3:85:9B:D5:E0,-69, WPA2  WPA ,0.000000,0.000000,0.000,0.000,AP
2026-05-20 09:23:48,1900-01-00 00:00:00,Bilagg,7C:C3:85:9B:D5:E0,-69, WPA2  WPA ,0.000000,0.000000,0.000,0.000,AP
2026-05-20 09:23:48,1900-01-00 00:00:00,Bilagg,7C:C3:85:9B:D5:E0,-75, WPA2  WPA ,0.000000,0.000000,0.000,0.000,AP
2026-05-20 09:23:48,1900-01-00 00:00:00,Bilagg,7C:C3:85:9B:D5:E0,-75, WPA2  WPA ,0.000000,0.000000,0.000,0.000,AP
2026-05-20 09:23:48,1900-01-00 00:00:00,Bilagg,7C:C3:85:9B:D5:E0,-71, WPA2  WPA ,0.000000,0.000000,0.000,0.000,AP
2026-05-20 09:23:48,1900-01-00 00:00:00,Bilagg,7C:C3:85:9B:D5:E0,-67, WPA2  WPA ,0.000000,0.000000,0.000,0.000,AP
2026-05-20 09:23:48,1900-01-00 00:00:00,Bilagg,7C:C3:85:9B:D5:E0,-69, WPA2  WPA ,0.000000,0.000000,0.000,0.000,AP
2026-05-20 09:23:48,1900-01-00 00:00:00,Bilagg,7C:C3:85:9B:D5:E0,-71, WPA2  WPA ,0.000000,0.000000,0.000,0.000,AP
2026-05-20 09:23:48,1900-01-00 00:00:00,Bilagg,7C:C3:85:9B:D5:E0,-91, WPA2  WPA ,0.000000,0.000000,0.000,0.000,AP
2026-05-20 09:23:48,1900-01-00 00:00:00,Bilagg,7C:C3:85:9B:D5:E0,-71, WPA2  WPA ,0.000000,0.000000,0.000,0.000,AP
2026-05-20 09:23:49,1900-01-00 00:00:00,Bilagg,7C:C3:85:9B:D5:E0,-73, WPA2  WPA ,0.000000,0.000000,0.000,0.000,AP
2026-05-20 09:23:49,1900-01-00 00:00:00,Bilagg,7C:C3:85:9B:D5:E0,-93, WPA2  WPA ,0.000000,0.000000,0.000,0.000,AP
2026-05-20 09:23:49,1900-01-00 00:00:00,Bilagg,7C:C3:85:9B:D5:E0,-75, WPA2  WPA ,0.000000,0.000000,0.000,0.000,AP
2026-05-20 09:23:49,1900-01-00 00:00:00,Bilagg,7C:C3:85:9B:D5:E0,-73, WPA2  WPA ,0.000000,0.000000,0.000,0.000,AP
2026-05-20 09:23:49,1900-01-00 00:00:00,Bilagg,7C:C3:85:9B:D5:E0,-93, WPA2  WPA ,0.000000,0.000000,0.000,0.000,AP
2026-05-20 09:23:49,1900-01-00 00:00:00,Bilagg,7C:C3:85:9B:D5:E0,-73, WPA2  WPA ,0.000000,0.000000,0.000,0.000,AP
2026-05-20 09:23:49,1900-01-00 00:00:00,Bilagg,7C:C3:85:9B:D5:E0,-79, WPA2  WPA ,0.000000,0.000000,0.000,0.000,AP
2026-05-20 09:23:49,1900-01-00 00:00:00,Bilagg,7C:C3:85:9B:D5:E0,-75, WPA2  WPA ,0.000000,0.000000,0.000,0.000,AP
2026-05-20 09:23:49,1900-01-00 00:00:00,Bilagg,7C:C3:85:9B:D5:E0,-93, WPA2  WPA ,0.000000,0.000000,0.000,0.000,AP
2026-05-20 09:23:49,1900-01-00 00:00:00,Bilagg,7C:C3:85:9B:D5:E0,-93, WPA2  WPA ,0.000000,0.000000,0.000,0.000,AP
2026-05-20 09:23:50,1900-01-00 00:00:00,Bilagg,7C:C3:85:9B:D5:E0,-77, WPA2  WPA ,0.000000,0.000000,0.000,0.000,AP
2026-05-20 09:23:50,1900-01-00 00:00:00,Bilagg,7C:C3:85:9B:D5:E0,-67, WPA2  WPA ,0.000000,0.000000,0.000,0.000,AP
2026-05-20 09:23:50,1900-01-00 00:00:00,Bilagg,7C:C3:85:9B:D5:E0,-75, WPA2  WPA ,0.000000,0.000000,0.000,0.000,AP
2026-05-20 09:23:50,1900-01-00 00:00:00,Bilagg,7C:C3:85:9B:D5:E0,-77, WPA2  WPA ,0.000000,0.000000,0.000,0.000,AP
2026-05-20 09:23:50,1900-01-00 00:00:00,Bilagg,7C:C3:85:9B:D5:E0,-75, WPA2  WPA ,0.000000,0.000000,0.000,0.000,AP
2026-05-20 09:23:50,1900-01-00 00:00:00,Bilagg,7C:C3:85:9B:D5:E0,-71, WPA2  WPA ,0.000000,0.000000,0.000,0.000,AP
2026-05-20 09:23:51,1900-01-00 00:00:00,Bilagg,7C:C3:85:9B:D5:E0,-67, WPA2  WPA ,0.000000,0.000000,0.000,0.000,AP
2026-05-20 09:23:51,1900-01-00 00:00:00,Bilagg,7C:C3:85:9B:D5:E0,-75, WPA2  WPA ,0.000000,0.000000,0.000,0.000,AP
2026-05-20 09:23:51,1900-01-00 00:00:00,Bilagg,7C:C3:85:9B:D5:E0,-75, WPA2  WPA ,0.000000,0.000000,0.000,0.000,AP
2026-05-20 09:23:51,1900-01-00 00:00:00,Bilagg,7C:C3:85:9B:D5:E0,-89, WPA2  WPA ,0.000000,0.000000,0.000,0.000,AP
2026-05-20 09:23:51,1900-01-00 00:00:00,Bilagg,7C:C3:85:9B:D5:E0,-67, WPA2  WPA ,0.000000,0.000000,0.000,0.000,AP
2026-05-20 09:23:51,1900-01-00 00:00:00,Bilagg,7C:C3:85:9B:D5:E0,-73, WPA2  WPA ,0.000000,0.000000,0.000,0.000,AP
2026-05-20 09:23:51,1900-01-00 00:00:00,Bilagg,7C:C3:85:9B:D5:E0,-77, WPA2  WPA ,0.000000,0.000000,0.000,0.000,AP
2026-05-20 09:23:51,1900-01-00 00:00:00,Bilagg,7C:C3:85:9B:D5:E0,-93, WPA2  WPA ,0.000000,0.000000,0.000,0.000,AP
2026-05-20 09:23:51,1900-01-00 00:00:00,Bilagg,7C:C3:85:9B:D5:E0,-91, WPA2  WPA ,0.000000,0.000000,0.000,0.000,AP
2026-05-20 09:23:51,1900-01-00 00:00:00,Bilagg,7C:C3:85:9B:D5:E0,-89, WPA2  WPA ,0.000000,0.000000,0.000,0.000,AP
2026-05-20 09:23:52,1900-01-00 00:00:00,Bilagg,7C:C3:85:9B:D5:E0,-77, WPA2  WPA ,0.000000,0.000000,0.000,0.000,AP
2026-05-20 09:23:52,1900-01-00 00:00:00,Bilagg,7C:C3:85:9B:D5:E0,-71, WPA2  WPA ,0.000000,0.000000,0.000,0.000,AP
2026-05-20 09:23:52,1900-01-00 00:00:00,Bilagg,7C:C3:85:9B:D5:E0,-75, WPA2  WPA ,0.000000,0.000000,0.000,0.000,AP
2026-05-20 09:23:52,1900-01-00 00:00:00,Bilagg,7C:C3:85:9B:D5:E0,-77, WPA2  WPA ,0.000000,0.000000,0.000,0.000,AP
2026-05-20 09:23:52,1900-01-00 00:00:00,Bilagg,7C:C3:85:9B:D5:E0,-75, WPA2  WPA ,0.000000,0.000000,0.000,0.000,AP
2026-05-20 09:23:52,1900-01-00 00:00:00,Bilagg,7C:C3:85:9B:D5:E0,-71, WPA2  WPA ,0.000000,0.000000,0.000,0.000,AP
2026-05-20 09:23:52,1900-01-00 00:00:00,Bilagg,7C:C3:85:9B:D5:E0,-71, WPA2  WPA ,0.000000,0.000000,0.000,0.000,AP
2026-05-20 09:23:53,1900-01-00 00:00:00,Bilagg,7C:C3:85:9B:D5:E0,-75, WPA2  WPA ,0.000000,0.000000,0.000,0.000,AP
2026-05-20 09:23:53,1900-01-00 00:00:00,Bilagg,7C:C3:85:9B:D5:E0,-91, WPA2  WPA ,0.000000,0.000000,0.000,0.000,AP
2026-05-20 09:23:53,1900-01-00 00:00:00,Bilagg,7C:C3:85:9B:D5:E0,-75, WPA2  WPA ,0.000000,0.000000,0.000,0.000,AP
2026-05-20 09:23:53,1900-01-00 00:00:00,,0E:C2:DC:A9:4E:3C,-85,,0.000000,0.000000,0.000,0.000,Client
2026-05-20 09:23:53,1900-01-00 00:00:00,Bilagg,7C:C3:85:9B:D5:E0,-73, WPA2  WPA ,0.000000,0.000000,0.000,0.000,AP
2026-05-20 09:23:53,1900-01-00 00:00:00,Bilagg,7C:C3:85:9B:D5:E0,-75, WPA2  WPA ,0.000000,0.000000,0.000,0.000,AP
2026-05-20 09:23:53,1900-01-00 00:00:00,Bilagg,7C:C3:85:9B:D5:E0,-69, WPA2  WPA ,0.000000,0.000000,0.000,0.000,AP
2026-05-20 09:23:53,1900-01-00 00:00:00,,0E:C2:DC:A9:4E:3C,-81,,0.000000,0.000000,0.000,0.000,Client
2026-05-20 09:23:53,1900-01-00 00:00:00,Bilagg,7C:C3:85:9B:D5:E0,-75, WPA2  WPA ,0.000000,0.000000,0.000,0.000,AP
2026-05-20 09:23:53,1900-01-00 00:00:00,Bilagg,7C:C3:85:9B:D5:E0,-75, WPA2  WPA ,0.000000,0.000000,0.000,0.000,AP
2026-05-20 09:23:53,1900-01-00 00:00:00,Bilagg,7C:C3:85:9B:D5:E0,-69, WPA2  WPA ,0.000000,0.000000,0.000,0.000,AP
2026-05-20 09:23:53,1900-01-00 00:00:00,Bilagg,7C:C3:85:9B:D5:E0,-73, WPA2  WPA ,0.000000,0.000000,0.000,0.000,AP
2026-05-20 09:23:53,1900-01-00 00:00:00,Bilagg,7C:C3:85:9B:D5:E0,-71, WPA2  WPA ,0.000000,0.000000,0.000,0.000,AP
2026-05-20 09:23:53,1900-01-00 00:00:00,Bilagg,7C:C3:85:9B:D5:E0,-73, WPA2  WPA ,0.000000,0.000000,0.000,0.000,AP
2026-05-20 09:23:53,1900-01-00 00:00:00,Bilagg,7C:C3:85:9B:D5:E0,-69, WPA2  WPA ,0.000000,0.000000,0.000,0.000,AP
2026-05-20 09:23:53,1900-01-00 00:00:00,Bilagg,7C:C3:85:9B:D5:E0,-67, WPA2  WPA ,0.000000,0.000000,0.000,0.000,AP
2026-05-20 09:23:53,1900-01-00 00:00:00,,0E:C2:DC:A9:4E:3C,-85,,0.000000,0.000000,0.000,0.000,Client
2026-05-20 09:23:53,1900-01-00 00:00:00,Bilagg,7C:C3:85:9B:D5:E0,-77, WPA2  WPA ,0.000000,0.000000,0.000,0.000,AP
2026-05-20 09:23:54,1900-01-00 00:00:00,Bilagg,7C:C3:85:9B:D5:E0,-93, WPA2  WPA ,0.000000,0.000000,0.000,0.000,AP
2026-05-20 09:23:54,1900-01-00 00:00:00,Bilagg,7C:C3:85:9B:D5:E0,-69, WPA2  WPA ,0.000000,0.000000,0.000,0.000,AP
2026-05-20 09:23:54,1900-01-00 00:00:00,Bilagg,7C:C3:85:9B:D5:E0,-77, WPA2  WPA ,0.000000,0.000000,0.000,0.000,AP
2026-05-20 09:23:54,1900-01-00 00:00:00,Bilagg,7C:C3:85:9B:D5:E0,-71, WPA2  WPA ,0.000000,0.000000,0.000,0.000,AP
2026-05-20 09:23:54,1900-01-00 00:00:00,Bilagg,7C:C3:85:9B:D5:E0,-75, WPA2  WPA ,0.000000,0.000000,0.000,0.000,AP
2026-05-20 09:23:55,1900-01-00 00:00:00,Bilagg,7C:C3:85:9B:D5:E0,-69, WPA2  WPA ,0.000000,0.000000,0.000,0.000,AP
2026-05-20 09:23:55,1900-01-00 00:00:00,Bilagg,7C:C3:85:9B:D5:E0,-67, WPA2  WPA ,0.000000,0.000000,0.000,0.000,AP
2026-05-20 09:23:55,1900-01-00 00:00:00,Bilagg,7C:C3:85:9B:D5:E0,-81, WPA2  WPA ,0.000000,0.000000,0.000,0.000,AP
2026-05-20 09:23:55,1900-01-00 00:00:00,Bilagg,7C:C3:85:9B:D5:E0,-69, WPA2  WPA ,0.000000,0.000000,0.000,0.000,AP
2026-05-20 09:23:55,1900-01-00 00:00:00,Bilagg,7C:C3:85:9B:D5:E0,-77, WPA2  WPA ,0.000000,0.000000,0.000,0.000,AP
2026-05-20 09:23:55,1900-01-00 00:00:00,Bilagg,7C:C3:85:9B:D5:E0,-67, WPA2  WPA ,0.000000,0.000000,0.000,0.000,AP
2026-05-20 09:23:55,1900-01-00 00:00:00,Bilagg,7C:C3:85:9B:D5:E0,-77, WPA2  WPA ,0.000000,0.000000,0.000,0.000,AP
2026-05-20 09:23:55,1900-01-00 00:00:00,Bilagg,7C:C3:85:9B:D5:E0,-77, WPA2  WPA ,0.000000,0.000000,0.000,0.000,AP
2026-05-20 09:23:56,1900-01-00 00:00:00,Bilagg,7C:C3:85:9B:D5:E0,-75, WPA2  WPA ,0.000000,0.000000,0.000,0.000,AP
2026-05-20 09:23:56,1900-01-00 00:00:00,Bilagg,7C:C3:85:9B:D5:E0,-73, WPA2  WPA ,0.000000,0.000000,0.000,0.000,AP
2026-05-20 09:23:56,1900-01-00 00:00:00,Bilagg,7C:C3:85:9B:D5:E0,-69, WPA2  WPA ,0.000000,0.000000,0.000,0.000,AP
2026-05-20 09:23:56,1900-01-00 00:00:00,Bilagg,7C:C3:85:9B:D5:E0,-93, WPA2  WPA ,0.000000,0.000000,0.000,0.000,AP
2026-05-20 09:23:57,1900-01-00 00:00:00,Bilagg,7C:C3:85:9B:D5:E0,-93, WPA2  WPA ,0.000000,0.000000,0.000,0.000,AP
2026-05-20 09:23:57,1900-01-00 00:00:00,Bilagg,7C:C3:85:9B:D5:E0,-75, WPA2  WPA ,0.000000,0.000000,0.000,0.000,AP
2026-05-20 09:23:57,1900-01-00 00:00:00,Bilagg,7C:C3:85:9B:D5:E0,-93, WPA2  WPA ,0.000000,0.000000,0.000,0.000,AP
2026-05-20 09:23:58,1900-01-00 00:00:00,Bilagg,7C:C3:85:9B:D5:E0,-75, WPA2  WPA ,0.000000,0.000000,0.000,0.000,AP
2026-05-20 09:23:58,1900-01-00 00:00:00,Bilagg,7C:C3:85:9B:D5:E0,-75, WPA2  WPA ,0.000000,0.000000,0.000,0.000,AP
2026-05-20 09:23:58,1900-01-00 00:00:00,Bilagg,7C:C3:85:9B:D5:E0,-75, WPA2  WPA ,0.000000,0.000000,0.000,0.000,AP
2026-05-20 09:23:58,1900-01-00 00:00:00,Bilagg,7C:C3:85:9B:D5:E0,-67, WPA2  WPA ,0.000000,0.000000,0.000,0.000,AP
2026-05-20 09:23:58,1900-01-00 00:00:00,Bilagg,7C:C3:85:9B:D5:E0,-91, WPA2  WPA ,0.000000,0.000000,0.000,0.000,AP
2026-05-20 09:23:58,1900-01-00 00:00:00,Bilagg,7C:C3:85:9B:D5:E0,-77, WPA2  WPA ,0.000000,0.000000,0.000,0.000,AP
2026-05-20 09:23:58,1900-01-00 00:00:00,Bilagg,7C:C3:85:9B:D5:E0,-93, WPA2  WPA ,0.000000,0.000000,0.000,0.000,AP
2026-05-20 09:23:59,1900-01-00 00:00:00,Bilagg,7C:C3:85:9B:D5:E0,-77, WPA2  WPA ,0.000000,0.000000,0.000,0.000,AP
2026-05-20 09:23:59,1900-01-00 00:00:00,Bilagg,7C:C3:85:9B:D5:E0,-77, WPA2  WPA ,0.000000,0.000000,0.000,0.000,AP
2026-05-20 09:23:59,1900-01-00 00:00:00,Bilagg,7C:C3:85:9B:D5:E0,-73, WPA2  WPA ,0.000000,0.000000,0.000,0.000,AP
2026-05-20 09:23:59,1900-01-00 00:00:00,Bilagg,7C:C3:85:9B:D5:E0,-93, WPA2  WPA ,0.000000,0.000000,0.000,0.000,AP
2026-05-20 09:23:59,1900-01-00 00:00:00,Bilagg,7C:C3:85:9B:D5:E0,-75, WPA2  WPA ,0.000000,0.000000,0.000,0.000,AP
2026-05-20 09:23:59,1900-01-00 00:00:00,Bilagg,7C:C3:85:9B:D5:E0,-75, WPA2  WPA ,0.000000,0.000000,0.000,0.000,AP
2026-05-20 09:23:59,1900-01-00 00:00:00,Bilagg,7C:C3:85:9B:D5:E0,-77, WPA2  WPA ,0.000000,0.000000,0.000,0.000,AP
2026-05-20 09:24:00,1900-01-00 00:00:00,Bilagg,7C:C3:85:9B:D5:E0,-77, WPA2  WPA ,0.000000,0.000000,0.000,0.000,AP
2026-05-20 09:24:00,1900-01-00 00:00:00,Bilagg,7C:C3:85:9B:D5:E0,-71, WPA2  WPA ,0.000000,0.000000,0.000,0.000,AP
2026-05-20 09:24:00,1900-01-00 00:00:00,Bilagg,7C:C3:85:9B:D5:E0,-75, WPA2  WPA ,0.000000,0.000000,0.000,0.000,AP
2026-05-20 09:24:00,1900-01-00 00:00:00,Bilagg,7C:C3:85:9B:D5:E0,-77, WPA2  WPA ,0.000000,0.000000,0.000,0.000,AP
2026-05-20 09:24:00,1900-01-00 00:00:00,Bilagg,7C:C3:85:9B:D5:E0,-81, WPA2  WPA ,0.000000,0.000000,0.000,0.000,AP
2026-05-20 09:24:00,1900-01-00 00:00:00,Bilagg,7C:C3:85:9B:D5:E0,-73, WPA2  WPA ,0.000000,0.000000,0.000,0.000,AP
2026-05-20 09:24:00,1900-01-00 00:00:00,Bilagg,7C:C3:85:9B:D5:E0,-73, WPA2  WPA ,0.000000,0.000000,0.000,0.000,AP
2026-05-20 09:24:01,1900-01-00 00:00:00,Bilagg,7C:C3:85:9B:D5:E0,-79, WPA2  WPA ,0.000000,0.000000,0.000,0.000,AP
2026-05-20 09:24:01,1900-01-00 00:00:00,Bilagg,7C:C3:85:9B:D5:E0,-71, WPA2  WPA ,0.000000,0.000000,0.000,0.000,AP
2026-05-20 09:24:01,1900-01-00 00:00:00,Bilagg,7C:C3:85:9B:D5:E0,-79, WPA2  WPA ,0.000000,0.000000,0.000,0.000,AP
2026-05-20 09:24:01,1900-01-00 00:00:00,Bilagg,7C:C3:85:9B:D5:E0,-75, WPA2  WPA ,0.000000,0.000000,0.000,0.000,AP
2026-05-20 09:24:01,1900-01-00 00:00:00,Bilagg,7C:C3:85:9B:D5:E0,-71, WPA2  WPA ,0.000000,0.000000,0.000,0.000,AP
2026-05-20 09:24:01,1900-01-00 00:00:00,Bilagg,7C:C3:85:9B:D5:E0,-77, WPA2  WPA ,0.000000,0.000000,0.000,0.000,AP
2026-05-20 09:24:01,1900-01-00 00:00:00,Bilagg,7C:C3:85:9B:D5:E0,-71, WPA2  WPA ,0.000000,0.000000,0.000,0.000,AP
2026-05-20 09:24:01,1900-01-00 00:00:00,Bilagg,7C:C3:85:9B:D5:E0,-77, WPA2  WPA ,0.000000,0.000000,0.000,0.000,AP
2026-05-20 09:24:01,1900-01-00 00:00:00,Bilagg,7C:C3:85:9B:D5:E0,-73, WPA2  WPA ,0.000000,0.000000,0.000,0.000,AP
2026-05-20 09:24:02,1900-01-00 00:00:00,Bilagg,7C:C3:85:9B:D5:E0,-73, WPA2  WPA ,0.000000,0.000000,0.000,0.000,AP
2026-05-20 09:24:02,1900-01-00 00:00:00,Bilagg,7C:C3:85:9B:D5:E0,-73, WPA2  WPA ,0.000000,0.000000,0.000,0.000,AP
2026-05-20 09:24:02,1900-01-00 00:00:00,Bilagg,7C:C3:85:9B:D5:E0,-75, WPA2  WPA ,0.000000,0.000000,0.000,0.000,AP
2026-05-20 09:24:02,1900-01-00 00:00:00,Bilagg,7C:C3:85:9B:D5:E0,-67, WPA2  WPA ,0.000000,0.000000,0.000,0.000,AP
2026-05-20 09:24:02,1900-01-00 00:00:00,Bilagg,7C:C3:85:9B:D5:E0,-77, WPA2  WPA ,0.000000,0.000000,0.000,0.000,AP
2026-05-20 09:24:02,1900-01-00 00:00:00,Bilagg,7C:C3:85:9B:D5:E0,-67, WPA2  WPA ,0.000000,0.000000,0.000,0.000,AP
2026-05-20 09:24:03,1900-01-00 00:00:00,Bilagg,7C:C3:85:9B:D5:E0,-77, WPA2  WPA ,0.000000,0.000000,0.000,0.000,AP
2026-05-20 09:24:03,1900-01-00 00:00:00,Bilagg,7C:C3:85:9B:D5:E0,-71, WPA2  WPA ,0.000000,0.000000,0.000,0.000,AP
2026-05-20 09:24:03,1900-01-00 00:00:00,Bilagg,7C:C3:85:9B:D5:E0,-77, WPA2  WPA ,0.000000,0.000000,0.000,0.000,AP
2026-05-20 09:24:03,1900-01-00 00:00:00,Bilagg,7C:C3:85:9B:D5:E0,-71, WPA2  WPA ,0.000000,0.000000,0.000,0.000,AP
2026-05-20 09:24:03,1900-01-00 00:00:00,Bilagg,7C:C3:85:9B:D5:E0,-77, WPA2  WPA ,0.000000,0.000000,0.000,0.000,AP
2026-05-20 09:24:03,1900-01-00 00:00:00,Bilagg,7C:C3:85:9B:D5:E0,-71, WPA2  WPA ,0.000000,0.000000,0.000,0.000,AP
2026-05-20 09:24:03,1900-01-00 00:00:00,Bilagg,7C:C3:85:9B:D5:E0,-77, WPA2  WPA ,0.000000,0.000000,0.000,0.000,AP
2026-05-20 09:24:03,1900-01-00 00:00:00,Bilagg,7C:C3:85:9B:D5:E0,-71, WPA2  WPA ,0.000000,0.000000,0.000,0.000,AP
2026-05-20 09:24:04,1900-01-00 00:00:00,Bilagg,7C:C3:85:9B:D5:E0,-75, WPA2  WPA ,0.000000,0.000000,0.000,0.000,AP
2026-05-20 09:24:04,1900-01-00 00:00:00,Bilagg,7C:C3:85:9B:D5:E0,-73, WPA2  WPA ,0.000000,0.000000,0.000,0.000,AP
2026-05-20 09:24:04,1900-01-00 00:00:00,Bilagg,7C:C3:85:9B:D5:E0,-71, WPA2  WPA ,0.000000,0.000000,0.000,0.000,AP
2026-05-20 09:24:04,1900-01-00 00:00:00,Bilagg,7C:C3:85:9B:D5:E0,-75, WPA2  WPA ,0.000000,0.000000,0.000,0.000,AP
2026-05-20 09:24:04,1900-01-00 00:00:00,Bilagg,7C:C3:85:9B:D5:E0,-71, WPA2  WPA ,0.000000,0.000000,0.000,0.000,AP
2026-05-20 09:24:04,1900-01-00 00:00:00,Bilagg,7C:C3:85:9B:D5:E0,-93, WPA2  WPA ,0.000000,0.000000,0.000,0.000,AP
2026-05-20 09:24:04,1900-01-00 00:00:00,Bilagg,7C:C3:85:9B:D5:E0,-75, WPA2  WPA ,0.000000,0.000000,0.000,0.000,AP
2026-05-20 09:24:05,1900-01-00 00:00:00,Bilagg,7C:C3:85:9B:D5:E0,-77, WPA2  WPA ,0.000000,0.000000,0.000,0.000,AP
2026-05-20 09:24:05,1900-01-00 00:00:00,Bilagg,7C:C3:85:9B:D5:E0,-71, WPA2  WPA ,0.000000,0.000000,0.000,0.000,AP
2026-05-20 09:24:05,1900-01-00 00:00:00,Bilagg,7C:C3:85:9B:D5:E0,-77, WPA2  WPA ,0.000000,0.000000,0.000,0.000,AP
2026-05-20 09:24:05,1900-01-00 00:00:00,Bilagg,7C:C3:85:9B:D5:E0,-69, WPA2  WPA ,0.000000,0.000000,0.000,0.000,AP
2026-05-20 09:24:05,1900-01-00 00:00:00,Bilagg,7C:C3:85:9B:D5:E0,-77, WPA2  WPA ,0.000000,0.000000,0.000,0.000,AP
2026-05-20 09:24:05,1900-01-00 00:00:00,Bilagg,7C:C3:85:9B:D5:E0,-75, WPA2  WPA ,0.000000,0.000000,0.000,0.000,AP
2026-05-20 09:24:05,1900-01-00 00:00:00,Bilagg,7C:C3:85:9B:D5:E0,-79, WPA2  WPA ,0.000000,0.000000,0.000,0.000,AP
2026-05-20 09:24:05,1900-01-00 00:00:00,Bilagg,7C:C3:85:9B:D5:E0,-69, WPA2  WPA ,0.000000,0.000000,0.000,0.000,AP
2026-05-20 09:24:05,1900-01-00 00:00:00,Bilagg,7C:C3:85:9B:D5:E0,-93, WPA2  WPA ,0.000000,0.000000,0.000,0.000,AP
2026-05-20 09:24:06,1900-01-00 00:00:00,Bilagg,7C:C3:85:9B:D5:E0,-71, WPA2  WPA ,0.000000,0.000000,0.000,0.000,AP
2026-05-20 09:24:06,1900-01-00 00:00:00,Bilagg,7C:C3:85:9B:D5:E0,-67, WPA2  WPA ,0.000000,0.000000,0.000,0.000,AP
2026-05-20 09:24:06,1900-01-00 00:00:00,Bilagg,7C:C3:85:9B:D5:E0,-81, WPA2  WPA ,0.000000,0.000000,0.000,0.000,AP
2026-05-20 09:24:06,1900-01-00 00:00:00,Bilagg,7C:C3:85:9B:D5:E0,-79, WPA2  WPA ,0.000000,0.000000,0.000,0.000,AP
2026-05-20 09:24:06,1900-01-00 00:00:00,Bilagg,7C:C3:85:9B:D5:E0,-93, WPA2  WPA ,0.000000,0.000000,0.000,0.000,AP
2026-05-20 09:24:06,1900-01-00 00:00:00,Bilagg,7C:C3:85:9B:D5:E0,-79, WPA2  WPA ,0.000000,0.000000,0.000,0.000,AP
2026-05-20 09:24:06,1900-01-00 00:00:00,Bilagg,7C:C3:85:9B:D5:E0,-77, WPA2  WPA ,0.000000,0.000000,0.000,0.000,AP
2026-05-20 09:24:06,1900-01-00 00:00:00,Bilagg,7C:C3:85:9B:D5:E0,-77, WPA2  WPA ,0.000000,0.000000,0.000,0.000,AP
2026-05-20 09:24:06,1900-01-00 00:00:00,Bilagg,7C:C3:85:9B:D5:E0,-77, WPA2  WPA ,0.000000,0.000000,0.000,0.000,AP
2026-05-20 09:24:06,1900-01-00 00:00:00,Bilagg,7C:C3:85:9B:D5:E0,-79, WPA2  WPA ,0.000000,0.000000,0.000,0.000,AP
2026-05-20 09:24:06,1900-01-00 00:00:00,Bilagg,7C:C3:85:9B:D5:E0,-79, WPA2  WPA ,0.000000,0.000000,0.000,0.000,AP
2026-05-20 09:24:06,1900-01-00 00:00:00,Bilagg,7C:C3:85:9B:D5:E0,-77, WPA2  WPA ,0.000000,0.000000,0.000,0.000,AP
2026-05-20 09:24:07,1900-01-00 00:00:00,Bilagg,7C:C3:85:9B:D5:E0,-67, WPA2  WPA ,0.000000,0.000000,0.000,0.000,AP
2026-05-20 09:24:07,1900-01-00 00:00:00,Bilagg,7C:C3:85:9B:D5:E0,-71, WPA2  WPA ,0.000000,0.000000,0.000,0.000,AP
2026-05-20 09:24:07,1900-01-00 00:00:00,Bilagg,7C:C3:85:9B:D5:E0,-73, WPA2  WPA ,0.000000,0.000000,0.000,0.000,AP
2026-05-20 09:24:07,1900-01-00 00:00:00,Bilagg,7C:C3:85:9B:D5:E0,-71, WPA2  WPA ,0.000000,0.000000,0.000,0.000,AP
2026-05-20 09:24:07,1900-01-00 00:00:00,Bilagg,7C:C3:85:9B:D5:E0,-75, WPA2  WPA ,0.000000,0.000000,0.000,0.000,AP
2026-05-20 09:24:07,1900-01-00 00:00:00,Bilagg,7C:C3:85:9B:D5:E0,-71, WPA2  WPA ,0.000000,0.000000,0.000,0.000,AP
2026-05-20 09:24:07,1900-01-00 00:00:00,Bilagg,7C:C3:85:9B:D5:E0,-75, WPA2  WPA ,0.000000,0.000000,0.000,0.000,AP
2026-05-20 09:24:07,1900-01-00 00:00:00,Bilagg,7C:C3:85:9B:D5:E0,-69, WPA2  WPA ,0.000000,0.000000,0.000,0.000,AP
2026-05-20 09:24:08,1900-01-00 00:00:00,Bilagg,7C:C3:85:9B:D5:E0,-77, WPA2  WPA ,0.000000,0.000000,0.000,0.000,AP
2026-05-20 09:24:08,1900-01-00 00:00:00,Bilagg,7C:C3:85:9B:D5:E0,-69, WPA2  WPA ,0.000000,0.000000,0.000,0.000,AP
2026-05-20 09:24:08,1900-01-00 00:00:00,Bilagg,7C:C3:85:9B:D5:E0,-77, WPA2  WPA ,0.000000,0.000000,0.000,0.000,AP
2026-05-20 09:24:08,1900-01-00 00:00:00,Bilagg,7C:C3:85:9B:D5:E0,-69, WPA2  WPA ,0.000000,0.000000,0.000,0.000,AP
2026-05-20 09:24:08,1900-01-00 00:00:00,Bilagg,7C:C3:85:9B:D5:E0,-77, WPA2  WPA ,0.000000,0.000000,0.000,0.000,AP
2026-05-20 09:24:08,1900-01-00 00:00:00,Bilagg,7C:C3:85:9B:D5:E0,-67, WPA2  WPA ,0.000000,0.000000,0.000,0.000,AP
2026-05-20 09:24:08,1900-01-00 00:00:00,Bilagg,7C:C3:85:9B:D5:E0,-79, WPA2  WPA ,0.000000,0.000000,0.000,0.000,AP
2026-05-20 09:24:08,1900-01-00 00:00:00,Bilagg,7C:C3:85:9B:D5:E0,-69, WPA2  WPA ,0.000000,0.000000,0.000,0.000,AP
2026-05-20 09:24:09,1900-01-00 00:00:00,Bilagg,7C:C3:85:9B:D5:E0,-81, WPA2  WPA ,0.000000,0.000000,0.000,0.000,AP
2026-05-20 09:24:09,1900-01-00 00:00:00,Bilagg,7C:C3:85:9B:D5:E0,-69, WPA2  WPA ,0.000000,0.000000,0.000,0.000,AP
2026-05-20 09:24:09,1900-01-00 00:00:00,Bilagg,7C:C3:85:9B:D5:E0,-93, WPA2  WPA ,0.000000,0.000000,0.000,0.000,AP
2026-05-20 09:24:09,1900-01-00 00:00:00,Bilagg,7C:C3:85:9B:D5:E0,-77, WPA2  WPA ,0.000000,0.000000,0.000,0.000,AP
2026-05-20 09:24:09,1900-01-00 00:00:00,Bilagg,7C:C3:85:9B:D5:E0,-71, WPA2  WPA ,0.000000,0.000000,0.000,0.000,AP
2026-05-20 09:24:09,1900-01-00 00:00:00,Bilagg,7C:C3:85:9B:D5:E0,-73, WPA2  WPA ,0.000000,0.000000,0.000,0.000,AP
2026-05-20 09:24:10,1900-01-00 00:00:00,Bilagg,7C:C3:85:9B:D5:E0,-83, WPA2  WPA ,0.000000,0.000000,0.000,0.000,AP
2026-05-20 09:24:10,1900-01-00 00:00:00,Bilagg,7C:C3:85:9B:D5:E0,-71, WPA2  WPA ,0.000000,0.000000,0.000,0.000,AP
2026-05-20 09:24:10,1900-01-00 00:00:00,Bilagg,7C:C3:85:9B:D5:E0,-77, WPA2  WPA ,0.000000,0.000000,0.000,0.000,AP
2026-05-20 09:24:10,1900-01-00 00:00:00,Bilagg,7C:C3:85:9B:D5:E0,-73, WPA2  WPA ,0.000000,0.000000,0.000,0.000,AP
2026-05-20 09:24:10,1900-01-00 00:00:00,Bilagg,7C:C3:85:9B:D5:E0,-71, WPA2  WPA ,0.000000,0.000000,0.000,0.000,AP
2026-05-20 09:24:10,1900-01-00 00:00:00,Bilagg,7C:C3:85:9B:D5:E0,-67, WPA2  WPA ,0.000000,0.000000,0.000,0.000,AP
2026-05-20 09:24:10,1900-01-00 00:00:00,Bilagg,7C:C3:85:9B:D5:E0,-67, WPA2  WPA ,0.000000,0.000000,0.000,0.000,AP
2026-05-20 09:24:11,1900-01-00 00:00:00,Bilagg,7C:C3:85:9B:D5:E0,-77, WPA2  WPA ,0.000000,0.000000,0.000,0.000,AP
2026-05-20 09:24:11,1900-01-00 00:00:00,Bilagg,7C:C3:85:9B:D5:E0,-75, WPA2  WPA ,0.000000,0.000000,0.000,0.000,AP
2026-05-20 09:24:11,1900-01-00 00:00:00,Bilagg,7C:C3:85:9B:D5:E0,-75, WPA2  WPA ,0.000000,0.000000,0.000,0.000,AP
2026-05-20 09:24:11,1900-01-00 00:00:00,Bilagg,7C:C3:85:9B:D5:E0,-77, WPA2  WPA ,0.000000,0.000000,0.000,0.000,AP
2026-05-20 09:24:11,1900-01-00 00:00:00,Bilagg,7C:C3:85:9B:D5:E0,-73, WPA2  WPA ,0.000000,0.000000,0.000,0.000,AP
2026-05-20 09:24:11,1900-01-00 00:00:00,Bilagg,7C:C3:85:9B:D5:E0,-71, WPA2  WPA ,0.000000,0.000000,0.000,0.000,AP
2026-05-20 09:24:11,1900-01-00 00:00:00,Bilagg,7C:C3:85:9B:D5:E0,-75, WPA2  WPA ,0.000000,0.000000,0.000,0.000,AP
2026-05-20 09:24:12,1900-01-00 00:00:00,Bilagg,7C:C3:85:9B:D5:E0,-73, WPA2  WPA ,0.000000,0.000000,0.000,0.000,AP
2026-05-20 09:24:12,1900-01-00 00:00:00,Bilagg,7C:C3:85:9B:D5:E0,-77, WPA2  WPA ,0.000000,0.000000,0.000,0.000,AP
2026-05-20 09:24:12,1900-01-00 00:00:00,Bilagg,7C:C3:85:9B:D5:E0,-75, WPA2  WPA ,0.000000,0.000000,0.000,0.000,AP
2026-05-20 09:24:12,1900-01-00 00:00:00,Bilagg,7C:C3:85:9B:D5:E0,-93, WPA2  WPA ,0.000000,0.000000,0.000,0.000,AP
2026-05-20 09:24:12,1900-01-00 00:00:00,Bilagg,7C:C3:85:9B:D5:E0,-75, WPA2  WPA ,0.000000,0.000000,0.000,0.000,AP
2026-05-20 09:24:12,1900-01-00 00:00:00,Bilagg,7C:C3:85:9B:D5:E0,-69, WPA2  WPA ,0.000000,0.000000,0.000,0.000,AP
2026-05-20 09:24:12,1900-01-00 00:00:00,Bilagg,7C:C3:85:9B:D5:E0,-77, WPA2  WPA ,0.000000,0.000000,0.000,0.000,AP
2026-05-20 09:24:12,1900-01-00 00:00:00,Bilagg,7C:C3:85:9B:D5:E0,-77, WPA2  WPA ,0.000000,0.000000,0.000,0.000,AP
2026-05-20 09:24:12,1900-01-00 00:00:00,Bilagg,7C:C3:85:9B:D5:E0,-65, WPA2  WPA ,0.000000,0.000000,0.000,0.000,AP
2026-05-20 09:24:12,1900-01-00 00:00:00,Bilagg,7C:C3:85:9B:D5:E0,-75, WPA2  WPA ,0.000000,0.000000,0.000,0.000,AP
2026-05-20 09:24:13,1900-01-00 00:00:00,Bilagg,7C:C3:85:9B:D5:E0,-93, WPA2  WPA ,0.000000,0.000000,0.000,0.000,AP
2026-05-20 09:24:13,1900-01-00 00:00:00,Bilagg,7C:C3:85:9B:D5:E0,-77, WPA2  WPA ,0.000000,0.000000,0.000,0.000,AP
2026-05-20 09:24:13,1900-01-00 00:00:00,Bilagg,7C:C3:85:9B:D5:E0,-73, WPA2  WPA ,0.000000,0.000000,0.000,0.000,AP
2026-05-20 09:24:13,1900-01-00 00:00:00,Bilagg,7C:C3:85:9B:D5:E0,-75, WPA2  WPA ,0.000000,0.000000,0.000,0.000,AP
2026-05-20 09:24:13,1900-01-00 00:00:00,Bilagg,7C:C3:85:9B:D5:E0,-73, WPA2  WPA ,0.000000,0.000000,0.000,0.000,AP
2026-05-20 09:24:13,1900-01-00 00:00:00,Bilagg,7C:C3:85:9B:D5:E0,-71, WPA2  WPA ,0.000000,0.000000,0.000,0.000,AP
2026-05-20 09:24:13,1900-01-00 00:00:00,Bilagg,7C:C3:85:9B:D5:E0,-77, WPA2  WPA ,0.000000,0.000000,0.000,0.000,AP
2026-05-20 09:24:14,1900-01-00 00:00:00,Bilagg,7C:C3:85:9B:D5:E0,-67, WPA2  WPA ,0.000000,0.000000,0.000,0.000,AP
2026-05-20 09:24:14,1900-01-00 00:00:00,Bilagg,7C:C3:85:9B:D5:E0,-73, WPA2  WPA ,0.000000,0.000000,0.000,0.000,AP
2026-05-20 09:24:14,1900-01-00 00:00:00,Bilagg,7C:C3:85:9B:D5:E0,-77, WPA2  WPA ,0.000000,0.000000,0.000,0.000,AP
2026-05-20 09:24:14,1900-01-00 00:00:00,Bilagg,7C:C3:85:9B:D5:E0,-79, WPA2  WPA ,0.000000,0.000000,0.000,0.000,AP
2026-05-20 09:24:14,1900-01-00 00:00:00,Bilagg,7C:C3:85:9B:D5:E0,-79, WPA2  WPA ,0.000000,0.000000,0.000,0.000,AP
2026-05-20 09:24:14,1900-01-00 00:00:00,Bilagg,7C:C3:85:9B:D5:E0,-69, WPA2  WPA ,0.000000,0.000000,0.000,0.000,AP
2026-05-20 09:24:15,1900-01-00 00:00:00,Bilagg,7C:C3:85:9B:D5:E0,-71, WPA2  WPA ,0.000000,0.000000,0.000,0.000,AP
2026-05-20 09:24:15,1900-01-00 00:00:00,Bilagg,7C:C3:85:9B:D5:E0,-81, WPA2  WPA ,0.000000,0.000000,0.000,0.000,AP
2026-05-20 09:24:15,1900-01-00 00:00:00,Bilagg,7C:C3:85:9B:D5:E0,-71, WPA2  WPA ,0.000000,0.000000,0.000,0.000,AP
2026-05-20 09:24:15,1900-01-00 00:00:00,Bilagg,7C:C3:85:9B:D5:E0,-69, WPA2  WPA ,0.000000,0.000000,0.000,0.000,AP
2026-05-20 09:24:15,1900-01-00 00:00:00,Bilagg,7C:C3:85:9B:D5:E0,-91, WPA2  WPA ,0.000000,0.000000,0.000,0.000,AP
2026-05-20 09:24:15,1900-01-00 00:00:00,Bilagg,7C:C3:85:9B:D5:E0,-71, WPA2  WPA ,0.000000,0.000000,0.000,0.000,AP
2026-05-20 09:24:15,1900-01-00 00:00:00,Bilagg,7C:C3:85:9B:D5:E0,-77, WPA2  WPA ,0.000000,0.000000,0.000,0.000,AP
2026-05-20 09:24:16,1900-01-00 00:00:00,Bilagg,7C:C3:85:9B:D5:E0,-71, WPA2  WPA ,0.000000,0.000000,0.000,0.000,AP
2026-05-20 09:24:16,1900-01-00 00:00:00,Bilagg,7C:C3:85:9B:D5:E0,-69, WPA2  WPA ,0.000000,0.000000,0.000,0.000,AP
2026-05-20 09:24:16,1900-01-00 00:00:00,Bilagg,7C:C3:85:9B:D5:E0,-75, WPA2  WPA ,0.000000,0.000000,0.000,0.000,AP
2026-05-20 09:24:16,1900-01-00 00:00:00,Bilagg,7C:C3:85:9B:D5:E0,-73, WPA2  WPA ,0.000000,0.000000,0.000,0.000,AP
2026-05-20 09:24:16,1900-01-00 00:00:00,Bilagg,7C:C3:85:9B:D5:E0,-77, WPA2  WPA ,0.000000,0.000000,0.000,0.000,AP
2026-05-20 09:24:16,1900-01-00 00:00:00,Bilagg,7C:C3:85:9B:D5:E0,-75, WPA2  WPA ,0.000000,0.000000,0.000,0.000,AP
2026-05-20 09:24:17,1900-01-00 00:00:00,Bilagg,7C:C3:85:9B:D5:E0,-77, WPA2  WPA ,0.000000,0.000000,0.000,0.000,AP
2026-05-20 09:24:17,1900-01-00 00:00:00,Bilagg,7C:C3:85:9B:D5:E0,-75, WPA2  WPA ,0.000000,0.000000,0.000,0.000,AP
2026-05-20 09:24:17,1900-01-00 00:00:00,Bilagg,7C:C3:85:9B:D5:E0,-75, WPA2  WPA ,0.000000,0.000000,0.000,0.000,AP
2026-05-20 09:24:17,1900-01-00 00:00:00,Bilagg,7C:C3:85:9B:D5:E0,-93, WPA2  WPA ,0.000000,0.000000,0.000,0.000,AP
2026-05-20 09:24:17,1900-01-00 00:00:00,Bilagg,7C:C3:85:9B:D5:E0,-73, WPA2  WPA ,0.000000,0.000000,0.000,0.000,AP
2026-05-20 09:24:17,1900-01-00 00:00:00,Bilagg,7C:C3:85:9B:D5:E0,-77, WPA2  WPA ,0.000000,0.000000,0.000,0.000,AP
2026-05-20 09:24:17,1900-01-00 00:00:00,Bilagg,7C:C3:85:9B:D5:E0,-71, WPA2  WPA ,0.000000,0.000000,0.000,0.000,AP
2026-05-20 09:24:18,1900-01-00 00:00:00,Bilagg,7C:C3:85:9B:D5:E0,-93, WPA2  WPA ,0.000000,0.000000,0.000,0.000,AP
2026-05-20 09:24:18,1900-01-00 00:00:00,Bilagg,7C:C3:85:9B:D5:E0,-75, WPA2  WPA ,0.000000,0.000000,0.000,0.000,AP
2026-05-20 09:24:18,1900-01-00 00:00:00,Bilagg,7C:C3:85:9B:D5:E0,-75, WPA2  WPA ,0.000000,0.000000,0.000,0.000,AP
2026-05-20 09:24:18,1900-01-00 00:00:00,Bilagg,7C:C3:85:9B:D5:E0,-77, WPA2  WPA ,0.000000,0.000000,0.000,0.000,AP
2026-05-20 09:24:18,1900-01-00 00:00:00,Bilagg,7C:C3:85:9B:D5:E0,-75, WPA2  WPA ,0.000000,0.000000,0.000,0.000,AP
2026-05-20 09:24:18,1900-01-00 00:00:00,Bilagg,7C:C3:85:9B:D5:E0,-69, WPA2  WPA ,0.000000,0.000000,0.000,0.000,AP
2026-05-20 09:24:18,1900-01-00 00:00:00,Bilagg,7C:C3:85:9B:D5:E0,-69, WPA2  WPA ,0.000000,0.000000,0.000,0.000,AP
2026-05-20 09:24:19,1900-01-00 00:00:00,Bilagg,7C:C3:85:9B:D5:E0,-75, WPA2  WPA ,0.000000,0.000000,0.000,0.000,AP
2026-05-20 09:24:19,1900-01-00 00:00:00,Bilagg,7C:C3:85:9B:D5:E0,-77, WPA2  WPA ,0.000000,0.000000,0.000,0.000,AP
2026-05-20 09:24:19,1900-01-00 00:00:00,Bilagg,7C:C3:85:9B:D5:E0,-73, WPA2  WPA ,0.000000,0.000000,0.000,0.000,AP
2026-05-20 09:24:19,1900-01-00 00:00:00,Bilagg,7C:C3:85:9B:D5:E0,-67, WPA2  WPA ,0.000000,0.000000,0.000,0.000,AP
2026-05-20 09:24:19,1900-01-00 00:00:00,Bilagg,7C:C3:85:9B:D5:E0,-77, WPA2  WPA ,0.000000,0.000000,0.000,0.000,AP
2026-05-20 09:24:19,1900-01-00 00:00:00,Bilagg,7C:C3:85:9B:D5:E0,-67, WPA2  WPA ,0.000000,0.000000,0.000,0.000,AP
2026-05-20 09:24:19,1900-01-00 00:00:00,Bilagg,7C:C3:85:9B:D5:E0,-89, WPA2  WPA ,0.000000,0.000000,0.000,0.000,AP
2026-05-20 09:24:19,1900-01-00 00:00:00,Bilagg,7C:C3:85:9B:D5:E0,-75, WPA2  WPA ,0.000000,0.000000,0.000,0.000,AP
2026-05-20 09:24:20,1900-01-00 00:00:00,Bilagg,7C:C3:85:9B:D5:E0,-67, WPA2  WPA ,0.000000,0.000000,0.000,0.000,AP
2026-05-20 09:24:20,1900-01-00 00:00:00,Bilagg,7C:C3:85:9B:D5:E0,-67, WPA2  WPA ,0.000000,0.000000,0.000,0.000,AP
2026-05-20 09:24:20,1900-01-00 00:00:00,Bilagg,7C:C3:85:9B:D5:E0,-71, WPA2  WPA ,0.000000,0.000000,0.000,0.000,AP
2026-05-20 09:24:20,1900-01-00 00:00:00,Bilagg,7C:C3:85:9B:D5:E0,-73, WPA2  WPA ,0.000000,0.000000,0.000,0.000,AP
2026-05-20 09:24:20,1900-01-00 00:00:00,Bilagg,7C:C3:85:9B:D5:E0,-71, WPA2  WPA ,0.000000,0.000000,0.000,0.000,AP
2026-05-20 09:24:20,1900-01-00 00:00:00,Bilagg,7C:C3:85:9B:D5:E0,-69, WPA2  WPA ,0.000000,0.000000,0.000,0.000,AP
2026-05-20 09:24:20,1900-01-00 00:00:00,Bilagg,7C:C3:85:9B:D5:E0,-75, WPA2  WPA ,0.000000,0.000000,0.000,0.000,AP
2026-05-20 09:24:21,1900-01-00 00:00:00,Bilagg,7C:C3:85:9B:D5:E0,-71, WPA2  WPA ,0.000000,0.000000,0.000,0.000,AP
2026-05-20 09:24:21,1900-01-00 00:00:00,Bilagg,7C:C3:85:9B:D5:E0,-71, WPA2  WPA ,0.000000,0.000000,0.000,0.000,AP
2026-05-20 09:24:21,1900-01-00 00:00:00,Bilagg,7C:C3:85:9B:D5:E0,-73, WPA2  WPA ,0.000000,0.000000,0.000,0.000,AP
2026-05-20 09:24:21,1900-01-00 00:00:00,Bilagg,7C:C3:85:9B:D5:E0,-73, WPA2  WPA ,0.000000,0.000000,0.000,0.000,AP
2026-05-20 09:24:21,1900-01-00 00:00:00,Bilagg,7C:C3:85:9B:D5:E0,-67, WPA2  WPA ,0.000000,0.000000,0.000,0.000,AP
2026-05-20 09:24:21,1900-01-00 00:00:00,Bilagg,7C:C3:85:9B:D5:E0,-71, WPA2  WPA ,0.000000,0.000000,0.000,0.000,AP
2026-05-20 09:24:22,1900-01-00 00:00:00,Bilagg,7C:C3:85:9B:D5:E0,-81, WPA2  WPA ,0.000000,0.000000,0.000,0.000,AP
2026-05-20 09:24:22,1900-01-00 00:00:00,Bilagg,7C:C3:85:9B:D5:E0,-75, WPA2  WPA ,0.000000,0.000000,0.000,0.000,AP
2026-05-20 09:24:22,1900-01-00 00:00:00,Bilagg,7C:C3:85:9B:D5:E0,-75, WPA2  WPA ,0.000000,0.000000,0.000,0.000,AP
2026-05-20 09:24:22,1900-01-00 00:00:00,Bilagg,7C:C3:85:9B:D5:E0,-93, WPA2  WPA ,0.000000,0.000000,0.000,0.000,AP
2026-05-20 09:24:22,1900-01-00 00:00:00,Bilagg,7C:C3:85:9B:D5:E0,-67, WPA2  WPA ,0.000000,0.000000,0.000,0.000,AP
2026-05-20 09:24:22,1900-01-00 00:00:00,Bilagg,7C:C3:85:9B:D5:E0,-69, WPA2  WPA ,0.000000,0.000000,0.000,0.000,AP
2026-05-20 09:24:22,1900-01-00 00:00:00,Bilagg,7C:C3:85:9B:D5:E0,-75, WPA2  WPA ,0.000000,0.000000,0.000,0.000,AP
2026-05-20 09:24:23,1900-01-00 00:00:00,Bilagg,7C:C3:85:9B:D5:E0,-75, WPA2  WPA ,0.000000,0.000000,0.000,0.000,AP
2026-05-20 09:24:23,1900-01-00 00:00:00,Bilagg,7C:C3:85:9B:D5:E0,-75, WPA2  WPA ,0.000000,0.000000,0.000,0.000,AP
2026-05-20 09:24:23,1900-01-00 00:00:00,Bilagg,7C:C3:85:9B:D5:E0,-71, WPA2  WPA ,0.000000,0.000000,0.000,0.000,AP
2026-05-20 09:24:23,1900-01-00 00:00:00,Bilagg,7C:C3:85:9B:D5:E0,-75, WPA2  WPA ,0.000000,0.000000,0.000,0.000,AP
2026-05-20 09:24:23,1900-01-00 00:00:00,Bilagg,7C:C3:85:9B:D5:E0,-67, WPA2  WPA ,0.000000,0.000000,0.000,0.000,AP
2026-05-20 09:24:23,1900-01-00 00:00:00,Bilagg,7C:C3:85:9B:D5:E0,-67, WPA2  WPA ,0.000000,0.000000,0.000,0.000,AP
2026-05-20 09:24:24,1900-01-00 00:00:00,Bilagg,7C:C3:85:9B:D5:E0,-87, WPA2  WPA ,0.000000,0.000000,0.000,0.000,AP
2026-05-20 09:24:24,1900-01-00 00:00:00,Bilagg,7C:C3:85:9B:D5:E0,-69, WPA2  WPA ,0.000000,0.000000,0.000,0.000,AP
2026-05-20 09:24:24,1900-01-00 00:00:00,Bilagg,7C:C3:85:9B:D5:E0,-75, WPA2  WPA ,0.000000,0.000000,0.000,0.000,AP
2026-05-20 09:24:24,1900-01-00 00:00:00,Bilagg,7C:C3:85:9B:D5:E0,-73, WPA2  WPA ,0.000000,0.000000,0.000,0.000,AP
2026-05-20 09:24:24,1900-01-00 00:00:00,Bilagg,7C:C3:85:9B:D5:E0,-69, WPA2  WPA ,0.000000,0.000000,0.000,0.000,AP
2026-05-20 09:24:24,1900-01-00 00:00:00,Bilagg,7C:C3:85:9B:D5:E0,-69, WPA2  WPA ,0.000000,0.000000,0.000,0.000,AP
2026-05-20 09:24:24,1900-01-00 00:00:00,Bilagg,7C:C3:85:9B:D5:E0,-73, WPA2  WPA ,0.000000,0.000000,0.000,0.000,AP
2026-05-20 09:24:24,1900-01-00 00:00:00,Bilagg,7C:C3:85:9B:D5:E0,-73, WPA2  WPA ,0.000000,0.000000,0.000,0.000,AP
2026-05-20 09:24:24,1900-01-00 00:00:00,Bilagg,7C:C3:85:9B:D5:E0,-73, WPA2  WPA ,0.000000,0.000000,0.000,0.000,AP
2026-05-20 09:24:24,1900-01-00 00:00:00,Bilagg,7C:C3:85:9B:D5:E0,-71, WPA2  WPA ,0.000000,0.000000,0.000,0.000,AP
2026-05-20 09:24:24,1900-01-00 00:00:00,Bilagg,7C:C3:85:9B:D5:E0,-67, WPA2  WPA ,0.000000,0.000000,0.000,0.000,AP
2026-05-20 09:24:24,1900-01-00 00:00:00,Bilagg,7C:C3:85:9B:D5:E0,-73, WPA2  WPA ,0.000000,0.000000,0.000,0.000,AP
2026-05-20 09:24:24,1900-01-00 00:00:00,Bilagg,7C:C3:85:9B:D5:E0,-75, WPA2  WPA ,0.000000,0.000000,0.000,0.000,AP
2026-05-20 09:24:25,1900-01-00 00:00:00,Bilagg,7C:C3:85:9B:D5:E0,-69, WPA2  WPA ,0.000000,0.000000,0.000,0.000,AP
2026-05-20 09:24:25,1900-01-00 00:00:00,Bilagg,7C:C3:85:9B:D5:E0,-73, WPA2  WPA ,0.000000,0.000000,0.000,0.000,AP
2026-05-20 09:24:25,1900-01-00 00:00:00,Bilagg,7C:C3:85:9B:D5:E0,-69, WPA2  WPA ,0.000000,0.000000,0.000,0.000,AP
2026-05-20 09:24:25,1900-01-00 00:00:00,Bilagg,7C:C3:85:9B:D5:E0,-69, WPA2  WPA ,0.000000,0.000000,0.000,0.000,AP
2026-05-20 09:24:25,1900-01-00 00:00:00,Bilagg,7C:C3:85:9B:D5:E0,-71, WPA2  WPA ,0.000000,0.000000,0.000,0.000,AP
2026-05-20 09:24:25,1900-01-00 00:00:00,Bilagg,7C:C3:85:9B:D5:E0,-71, WPA2  WPA ,0.000000,0.000000,0.000,0.000,AP
2026-05-20 09:24:25,1900-01-00 00:00:00,Bilagg,7C:C3:85:9B:D5:E0,-73, WPA2  WPA ,0.000000,0.000000,0.000,0.000,AP
2026-05-20 09:24:25,1900-01-00 00:00:00,Bilagg,7C:C3:85:9B:D5:E0,-69, WPA2  WPA ,0.000000,0.000000,0.000,0.000,AP
2026-05-20 09:24:25,1900-01-00 00:00:00,Bilagg,7C:C3:85:9B:D5:E0,-73, WPA2  WPA ,0.000000,0.000000,0.000,0.000,AP
2026-05-20 09:24:25,1900-01-00 00:00:00,Bilagg,7C:C3:85:9B:D5:E0,-69, WPA2  WPA ,0.000000,0.000000,0.000,0.000,AP
2026-05-20 09:24:25,1900-01-00 00:00:00,Bilagg,7C:C3:85:9B:D5:E0,-71, WPA2  WPA ,0.000000,0.000000,0.000,0.000,AP
2026-05-20 09:24:25,1900-01-00 00:00:00,Bilagg,7C:C3:85:9B:D5:E0,-73, WPA2  WPA ,0.000000,0.000000,0.000,0.000,AP
2026-05-20 09:24:25,1900-01-00 00:00:00,Bilagg,7C:C3:85:9B:D5:E0,-71, WPA2  WPA ,0.000000,0.000000,0.000,0.000,AP
2026-05-20 09:24:25,1900-01-00 00:00:00,Bilagg,7C:C3:85:9B:D5:E0,-73, WPA2  WPA ,0.000000,0.000000,0.000,0.000,AP
2026-05-20 09:24:25,1900-01-00 00:00:00,Bilagg,7C:C3:85:9B:D5:E0,-67, WPA2  WPA ,0.000000,0.000000,0.000,0.000,AP
2026-05-20 09:24:25,1900-01-00 00:00:00,Bilagg,7C:C3:85:9B:D5:E0,-73, WPA2  WPA ,0.000000,0.000000,0.000,0.000,AP
2026-05-20 09:24:25,1900-01-00 00:00:00,Bilagg,7C:C3:85:9B:D5:E0,-75, WPA2  WPA ,0.000000,0.000000,0.000,0.000,AP
2026-05-20 09:24:25,1900-01-00 00:00:00,Bilagg,7C:C3:85:9B:D5:E0,-67, WPA2  WPA ,0.000000,0.000000,0.000,0.000,AP
2026-05-20 09:24:25,1900-01-00 00:00:00,Bilagg,7C:C3:85:9B:D5:E0,-69, WPA2  WPA ,0.000000,0.000000,0.000,0.000,AP
2026-05-20 09:24:25,1900-01-00 00:00:00,Bilagg,7C:C3:85:9B:D5:E0,-69, WPA2  WPA ,0.000000,0.000000,0.000,0.000,AP
2026-05-20 09:24:26,1900-01-00 00:00:00,Bilagg,7C:C3:85:9B:D5:E0,-71, WPA2  WPA ,0.000000,0.000000,0.000,0.000,AP
2026-05-20 09:24:26,1900-01-00 00:00:00,Bilagg,7C:C3:85:9B:D5:E0,-67, WPA2  WPA ,0.000000,0.000000,0.000,0.000,AP
2026-05-20 09:24:26,1900-01-00 00:00:00,Bilagg,7C:C3:85:9B:D5:E0,-71, WPA2  WPA ,0.000000,0.000000,0.000,0.000,AP
2026-05-20 09:24:26,1900-01-00 00:00:00,Bilagg,7C:C3:85:9B:D5:E0,-77, WPA2  WPA ,0.000000,0.000000,0.000,0.000,AP
2026-05-20 09:24:26,1900-01-00 00:00:00,Bilagg,7C:C3:85:9B:D5:E0,-75, WPA2  WPA ,0.000000,0.000000,0.000,0.000,AP
2026-05-20 09:24:26,1900-01-00 00:00:00,Bilagg,7C:C3:85:9B:D5:E0,-69, WPA2  WPA ,0.000000,0.000000,0.000,0.000,AP
2026-05-20 09:24:26,1900-01-00 00:00:00,Bilagg,7C:C3:85:9B:D5:E0,-69, WPA2  WPA ,0.000000,0.000000,0.000,0.000,AP
2026-05-20 09:24:27,1900-01-00 00:00:00,Bilagg,7C:C3:85:9B:D5:E0,-75, WPA2  WPA ,0.000000,0.000000,0.000,0.000,AP
2026-05-20 09:24:27,1900-01-00 00:00:00,Bilagg,7C:C3:85:9B:D5:E0,-75, WPA2  WPA ,0.000000,0.000000,0.000,0.000,AP
2026-05-20 09:24:27,1900-01-00 00:00:00,Bilagg,7C:C3:85:9B:D5:E0,-67, WPA2  WPA ,0.000000,0.000000,0.000,0.000,AP
2026-05-20 09:24:27,1900-01-00 00:00:00,Bilagg,7C:C3:85:9B:D5:E0,-75, WPA2  WPA ,0.000000,0.000000,0.000,0.000,AP
2026-05-20 09:24:27,1900-01-00 00:00:00,Bilagg,7C:C3:85:9B:D5:E0,-71, WPA2  WPA ,0.000000,0.000000,0.000,0.000,AP
2026-05-20 09:24:27,1900-01-00 00:00:00,Bilagg,7C:C3:85:9B:D5:E0,-71, WPA2  WPA ,0.000000,0.000000,0.000,0.000,AP
2026-05-20 09:24:28,1900-01-00 00:00:00,Bilagg,7C:C3:85:9B:D5:E0,-69, WPA2  WPA ,0.000000,0.000000,0.000,0.000,AP
2026-05-20 09:24:28,1900-01-00 00:00:00,Bilagg,7C:C3:85:9B:D5:E0,-71, WPA2  WPA ,0.000000,0.000000,0.000,0.000,AP
2026-05-20 09:24:28,1900-01-00 00:00:00,Bilagg,7C:C3:85:9B:D5:E0,-71, WPA2  WPA ,0.000000,0.000000,0.000,0.000,AP
2026-05-20 09:24:28,1900-01-00 00:00:00,Bilagg,7C:C3:85:9B:D5:E0,-73, WPA2  WPA ,0.000000,0.000000,0.000,0.000,AP
2026-05-20 09:24:28,1900-01-00 00:00:00,Bilagg,7C:C3:85:9B:D5:E0,-75, WPA2  WPA ,0.000000,0.000000,0.000,0.000,AP
2026-05-20 09:24:28,1900-01-00 00:00:00,Bilagg,7C:C3:85:9B:D5:E0,-75, WPA2  WPA ,0.000000,0.000000,0.000,0.000,AP
2026-05-20 09:24:28,1900-01-00 00:00:00,Bilagg,7C:C3:85:9B:D5:E0,-93, WPA2  WPA ,0.000000,0.000000,0.000,0.000,AP
2026-05-20 09:24:29,1900-01-00 00:00:00,Bilagg,7C:C3:85:9B:D5:E0,-71, WPA2  WPA ,0.000000,0.000000,0.000,0.000,AP
2026-05-20 09:24:29,1900-01-00 00:00:00,Bilagg,7C:C3:85:9B:D5:E0,-91, WPA2  WPA ,0.000000,0.000000,0.000,0.000,AP
2026-05-20 09:24:29,1900-01-00 00:00:00,Bilagg,7C:C3:85:9B:D5:E0,-71, WPA2  WPA ,0.000000,0.000000,0.000,0.000,AP
2026-05-20 09:24:29,1900-01-00 00:00:00,Bilagg,7C:C3:85:9B:D5:E0,-77, WPA2  WPA ,0.000000,0.000000,0.000,0.000,AP
2026-05-20 09:24:29,1900-01-00 00:00:00,Bilagg,7C:C3:85:9B:D5:E0,-69, WPA2  WPA ,0.000000,0.000000,0.000,0.000,AP
2026-05-20 09:24:29,1900-01-00 00:00:00,Bilagg,7C:C3:85:9B:D5:E0,-73, WPA2  WPA ,0.000000,0.000000,0.000,0.000,AP
2026-05-20 09:24:29,1900-01-00 00:00:00,Bilagg,7C:C3:85:9B:D5:E0,-73, WPA2  WPA ,0.000000,0.000000,0.000,0.000,AP
2026-05-20 09:24:30,1900-01-00 00:00:00,Bilagg,7C:C3:85:9B:D5:E0,-67, WPA2  WPA ,0.000000,0.000000,0.000,0.000,AP
2026-05-20 09:24:30,1900-01-00 00:00:00,Bilagg,7C:C3:85:9B:D5:E0,-75, WPA2  WPA ,0.000000,0.000000,0.000,0.000,AP
2026-05-20 09:24:31,1900-01-00 00:00:00,Bilagg,7C:C3:85:9B:D5:E0,-69, WPA2  WPA ,0.000000,0.000000,0.000,0.000,AP
2026-05-20 09:24:31,1900-01-00 00:00:00,Bilagg,7C:C3:85:9B:D5:E0,-73, WPA2  WPA ,0.000000,0.000000,0.000,0.000,AP
2026-05-20 09:24:32,1900-01-00 00:00:00,Bilagg,7C:C3:85:9B:D5:E0,-93, WPA2  WPA ,0.000000,0.000000,0.000,0.000,AP
2026-05-20 09:24:32,1900-01-00 00:00:00,Bilagg,7C:C3:85:9B:D5:E0,-71, WPA2  WPA ,0.000000,0.000000,0.000,0.000,AP
2026-05-20 09:24:32,1900-01-00 00:00:00,Bilagg,7C:C3:85:9B:D5:E0,-69, WPA2  WPA ,0.000000,0.000000,0.000,0.000,AP
2026-05-20 09:24:32,1900-01-00 00:00:00,Bilagg,7C:C3:85:9B:D5:E0,-93, WPA2  WPA ,0.000000,0.000000,0.000,0.000,AP
2026-05-20 09:24:33,1900-01-00 00:00:00,Bilagg,7C:C3:85:9B:D5:E0,-73, WPA2  WPA ,0.000000,0.000000,0.000,0.000,AP
2026-05-20 09:24:34,1900-01-00 00:00:00,Bilagg,7C:C3:85:9B:D5:E0,-71, WPA2  WPA ,0.000000,0.000000,0.000,0.000,AP
2026-05-20 09:24:34,1900-01-00 00:00:00,Bilagg,7C:C3:85:9B:D5:E0,-73, WPA2  WPA ,0.000000,0.000000,0.000,0.000,AP
2026-05-20 09:24:34,1900-01-00 00:00:00,Bilagg,7C:C3:85:9B:D5:E0,-77, WPA2  WPA ,0.000000,0.000000,0.000,0.000,AP
2026-05-20 09:24:35,1900-01-00 00:00:00,Bilagg,7C:C3:85:9B:D5:E0,-77, WPA2  WPA ,0.000000,0.000000,0.000,0.000,AP
2026-05-20 09:24:35,1900-01-00 00:00:00,Bilagg,7C:C3:85:9B:D5:E0,-71, WPA2  WPA ,0.000000,0.000000,0.000,0.000,AP
2026-05-20 09:24:35,1900-01-00 00:00:00,Bilagg,7C:C3:85:9B:D5:E0,-67, WPA2  WPA ,0.000000,0.000000,0.000,0.000,AP
2026-05-20 09:24:35,1900-01-00 00:00:00,Bilagg,7C:C3:85:9B:D5:E0,-93, WPA2  WPA ,0.000000,0.000000,0.000,0.000,AP
2026-05-20 09:24:36,1900-01-00 00:00:00,Bilagg,7C:C3:85:9B:D5:E0,-77, WPA2  WPA ,0.000000,0.000000,0.000,0.000,AP
2026-05-20 09:24:36,1900-01-00 00:00:00,Bilagg,7C:C3:85:9B:D5:E0,-73, WPA2  WPA ,0.000000,0.000000,0.000,0.000,AP
2026-05-20 09:24:36,1900-01-00 00:00:00,Bilagg,7C:C3:85:9B:D5:E0,-67, WPA2  WPA ,0.000000,0.000000,0.000,0.000,AP
2026-05-20 09:24:37,1900-01-00 00:00:00,Bilagg,7C:C3:85:9B:D5:E0,-71, WPA2  WPA ,0.000000,0.000000,0.000,0.000,AP
2026-05-20 09:24:37,1900-01-00 00:00:00,Bilagg,7C:C3:85:9B:D5:E0,-73, WPA2  WPA ,0.000000,0.000000,0.000,0.000,AP
2026-05-20 09:24:37,1900-01-00 00:00:00,Bilagg,7C:C3:85:9B:D5:E0,-75, WPA2  WPA ,0.000000,0.000000,0.000,0.000,AP
2026-05-20 09:24:37,1900-01-00 00:00:00,Bilagg,7C:C3:85:9B:D5:E0,-71, WPA2  WPA ,0.000000,0.000000,0.000,0.000,AP
2026-05-20 09:24:37,1900-01-00 00:00:00,Bilagg,7C:C3:85:9B:D5:E0,-71, WPA2  WPA ,0.000000,0.000000,0.000,0.000,AP
2026-05-20 09:24:37,1900-01-00 00:00:00,Bilagg,7C:C3:85:9B:D5:E0,-69, WPA2  WPA ,0.000000,0.000000,0.000,0.000,AP
2026-05-20 09:24:39,1900-01-00 00:00:00,Bilagg,7C:C3:85:9B:D5:E0,-69, WPA2  WPA ,0.000000,0.000000,0.000,0.000,AP
2026-05-20 09:24:41,1900-01-00 00:00:00,Bilagg,7C:C3:85:9B:D5:E0,-75, WPA2  WPA ,0.000000,0.000000,0.000,0.000,AP
2026-05-20 09:24:42,1900-01-00 00:00:00,Bilagg,7C:C3:85:9B:D5:E0,-75, WPA2  WPA ,0.000000,0.000000,0.000,0.000,AP
2026-05-20 09:24:42,1900-01-00 00:00:00,Bilagg,7C:C3:85:9B:D5:E0,-71, WPA2  WPA ,0.000000,0.000000,0.000,0.000,AP
2026-05-20 09:24:43,1900-01-00 00:00:00,Bilagg,7C:C3:85:9B:D5:E0,-73, WPA2  WPA ,0.000000,0.000000,0.000,0.000,AP
2026-05-20 09:24:43,1900-01-00 00:00:00,Bilagg,7C:C3:85:9B:D5:E0,-71, WPA2  WPA ,0.000000,0.000000,0.000,0.000,AP
2026-05-20 09:24:43,1900-01-00 00:00:00,Bilagg,7C:C3:85:9B:D5:E0,-67, WPA2  WPA ,0.000000,0.000000,0.000,0.000,AP
2026-05-20 09:24:43,1900-01-00 00:00:00,Bilagg,7C:C3:85:9B:D5:E0,-71, WPA2  WPA ,0.000000,0.000000,0.000,0.000,AP
2026-05-20 09:24:44,1900-01-00 00:00:00,Bilagg,7C:C3:85:9B:D5:E0,-73, WPA2  WPA ,0.000000,0.000000,0.000,0.000,AP
2026-05-20 09:24:44,1900-01-00 00:00:00,Bilagg,7C:C3:85:9B:D5:E0,-71, WPA2  WPA ,0.000000,0.000000,0.000,0.000,AP
2026-05-20 09:24:44,1900-01-00 00:00:00,Bilagg,7C:C3:85:9B:D5:E0,-71, WPA2  WPA ,0.000000,0.000000,0.000,0.000,AP
2026-05-20 09:24:44,1900-01-00 00:00:00,Bilagg,7C:C3:85:9B:D5:E0,-69, WPA2  WPA ,0.000000,0.000000,0.000,0.000,AP
2026-05-20 09:24:44,1900-01-00 00:00:00,Bilagg,7C:C3:85:9B:D5:E0,-73, WPA2  WPA ,0.000000,0.000000,0.000,0.000,AP
2026-05-20 09:24:44,1900-01-00 00:00:00,Bilagg,7C:C3:85:9B:D5:E0,-73, WPA2  WPA ,0.000000,0.000000,0.000,0.000,AP
2026-05-20 09:24:44,1900-01-00 00:00:00,Bilagg,7C:C3:85:9B:D5:E0,-71, WPA2  WPA ,0.000000,0.000000,0.000,0.000,AP
2026-05-20 09:24:44,1900-01-00 00:00:00,Bilagg,7C:C3:85:9B:D5:E0,-69, WPA2  WPA ,0.000000,0.000000,0.000,0.000,AP
2026-05-20 09:24:45,1900-01-00 00:00:00,Bilagg,7C:C3:85:9B:D5:E0,-69, WPA2  WPA ,0.000000,0.000000,0.000,0.000,AP
2026-05-20 09:24:45,1900-01-00 00:00:00,Bilagg,7C:C3:85:9B:D5:E0,-73, WPA2  WPA ,0.000000,0.000000,0.000,0.000,AP
2026-05-20 09:24:45,1900-01-00 00:00:00,Bilagg,7C:C3:85:9B:D5:E0,-73, WPA2  WPA ,0.000000,0.000000,0.000,0.000,AP
2026-05-20 09:24:45,1900-01-00 00:00:00,Bilagg,7C:C3:85:9B:D5:E0,-71, WPA2  WPA ,0.000000,0.000000,0.000,0.000,AP
2026-05-20 09:24:45,1900-01-00 00:00:00,Bilagg,7C:C3:85:9B:D5:E0,-69, WPA2  WPA ,0.000000,0.000000,0.000,0.000,AP
2026-05-20 09:24:45,1900-01-00 00:00:00,Bilagg,7C:C3:85:9B:D5:E0,-71, WPA2  WPA ,0.000000,0.000000,0.000,0.000,AP
2026-05-20 09:24:46,1900-01-00 00:00:00,Bilagg,7C:C3:85:9B:D5:E0,-73, WPA2  WPA ,0.000000,0.000000,0.000,0.000,AP
2026-05-20 09:24:46,1900-01-00 00:00:00,Bilagg,7C:C3:85:9B:D5:E0,-73, WPA2  WPA ,0.000000,0.000000,0.000,0.000,AP
2026-05-20 09:24:46,1900-01-00 00:00:00,Bilagg,7C:C3:85:9B:D5:E0,-69, WPA2  WPA ,0.000000,0.000000,0.000,0.000,AP
2026-05-20 09:24:46,1900-01-00 00:00:00,Bilagg,7C:C3:85:9B:D5:E0,-73, WPA2  WPA ,0.000000,0.000000,0.000,0.000,AP
2026-05-20 09:24:46,1900-01-00 00:00:00,Bilagg,7C:C3:85:9B:D5:E0,-73, WPA2  WPA ,0.000000,0.000000,0.000,0.000,AP
2026-05-20 09:24:46,1900-01-00 00:00:00,Bilagg,7C:C3:85:9B:D5:E0,-75, WPA2  WPA ,0.000000,0.000000,0.000,0.000,AP
2026-05-20 09:24:46,1900-01-00 00:00:00,Bilagg,7C:C3:85:9B:D5:E0,-71, WPA2  WPA ,0.000000,0.000000,0.000,0.000,AP
2026-05-20 09:24:46,1900-01-00 00:00:00,Bilagg,7C:C3:85:9B:D5:E0,-67, WPA2  WPA ,0.000000,0.000000,0.000,0.000,AP
2026-05-20 09:24:47,1900-01-00 00:00:00,Bilagg,7C:C3:85:9B:D5:E0,-71, WPA2  WPA ,0.000000,0.000000,0.000,0.000,AP
2026-05-20 09:24:47,1900-01-00 00:00:00,Bilagg,7C:C3:85:9B:D5:E0,-69, WPA2  WPA ,0.000000,0.000000,0.000,0.000,AP
2026-05-20 09:24:47,1900-01-00 00:00:00,Bilagg,7C:C3:85:9B:D5:E0,-69, WPA2  WPA ,0.000000,0.000000,0.000,0.000,AP
2026-05-20 09:24:47,1900-01-00 00:00:00,Bilagg,7C:C3:85:9B:D5:E0,-71, WPA2  WPA ,0.000000,0.000000,0.000,0.000,AP
2026-05-20 09:24:47,1900-01-00 00:00:00,Bilagg,7C:C3:85:9B:D5:E0,-69, WPA2  WPA ,0.000000,0.000000,0.000,0.000,AP
2026-05-20 09:24:47,1900-01-00 00:00:00,Bilagg,7C:C3:85:9B:D5:E0,-73, WPA2  WPA ,0.000000,0.000000,0.000,0.000,AP
2026-05-20 09:24:48,1900-01-00 00:00:00,Bilagg,7C:C3:85:9B:D5:E0,-71, WPA2  WPA ,0.000000,0.000000,0.000,0.000,AP
2026-05-20 09:24:48,1900-01-00 00:00:00,Bilagg,7C:C3:85:9B:D5:E0,-73, WPA2  WPA ,0.000000,0.000000,0.000,0.000,AP
2026-05-20 09:24:48,1900-01-00 00:00:00,Bilagg,7C:C3:85:9B:D5:E0,-71, WPA2  WPA ,0.000000,0.000000,0.000,0.000,AP
2026-05-20 09:24:48,1900-01-00 00:00:00,Bilagg,7C:C3:85:9B:D5:E0,-73, WPA2  WPA ,0.000000,0.000000,0.000,0.000,AP
2026-05-20 09:24:48,1900-01-00 00:00:00,Bilagg,7C:C3:85:9B:D5:E0,-73, WPA2  WPA ,0.000000,0.000000,0.000,0.000,AP
2026-05-20 09:24:49,1900-01-00 00:00:00,Bilagg,7C:C3:85:9B:D5:E0,-75, WPA2  WPA ,0.000000,0.000000,0.000,0.000,AP
2026-05-20 09:24:49,1900-01-00 00:00:00,Bilagg,7C:C3:85:9B:D5:E0,-69, WPA2  WPA ,0.000000,0.000000,0.000,0.000,AP
2026-05-20 09:24:49,1900-01-00 00:00:00,Bilagg,7C:C3:85:9B:D5:E0,-71, WPA2  WPA ,0.000000,0.000000,0.000,0.000,AP
2026-05-20 09:24:49,1900-01-00 00:00:00,Bilagg,7C:C3:85:9B:D5:E0,-71, WPA2  WPA ,0.000000,0.000000,0.000,0.000,AP
2026-05-20 09:24:49,1900-01-00 00:00:00,Bilagg,7C:C3:85:9B:D5:E0,-69, WPA2  WPA ,0.000000,0.000000,0.000,0.000,AP
2026-05-20 09:24:49,1900-01-00 00:00:00,Bilagg,7C:C3:85:9B:D5:E0,-67, WPA2  WPA ,0.000000,0.000000,0.000,0.000,AP
2026-05-20 09:24:49,1900-01-00 00:00:00,Bilagg,7C:C3:85:9B:D5:E0,-75, WPA2  WPA ,0.000000,0.000000,0.000,0.000,AP
2026-05-20 09:24:49,1900-01-00 00:00:00,Bilagg,7C:C3:85:9B:D5:E0,-69, WPA2  WPA ,0.000000,0.000000,0.000,0.000,AP
2026-05-20 09:24:50,1900-01-00 00:00:00,Bilagg,7C:C3:85:9B:D5:E0,-71, WPA2  WPA ,0.000000,0.000000,0.000,0.000,AP
2026-05-20 09:24:50,1900-01-00 00:00:00,Bilagg,7C:C3:85:9B:D5:E0,-73, WPA2  WPA ,0.000000,0.000000,0.000,0.000,AP
2026-05-20 09:24:50,1900-01-00 00:00:00,Bilagg,7C:C3:85:9B:D5:E0,-71, WPA2  WPA ,0.000000,0.000000,0.000,0.000,AP
2026-05-20 09:24:50,1900-01-00 00:00:00,Bilagg,7C:C3:85:9B:D5:E0,-71, WPA2  WPA ,0.000000,0.000000,0.000,0.000,AP
2026-05-20 09:24:50,1900-01-00 00:00:00,Bilagg,7C:C3:85:9B:D5:E0,-69, WPA2  WPA ,0.000000,0.000000,0.000,0.000,AP
2026-05-20 09:24:50,1900-01-00 00:00:00,Bilagg,7C:C3:85:9B:D5:E0,-75, WPA2  WPA ,0.000000,0.000000,0.000,0.000,AP
2026-05-20 09:24:50,1900-01-00 00:00:00,Bilagg,7C:C3:85:9B:D5:E0,-75, WPA2  WPA ,0.000000,0.000000,0.000,0.000,AP
2026-05-20 09:24:50,1900-01-00 00:00:00,Bilagg,7C:C3:85:9B:D5:E0,-71, WPA2  WPA ,0.000000,0.000000,0.000,0.000,AP
2026-05-20 09:24:50,1900-01-00 00:00:00,Bilagg,7C:C3:85:9B:D5:E0,-69, WPA2  WPA ,0.000000,0.000000,0.000,0.000,AP
2026-05-20 09:24:50,1900-01-00 00:00:00,Bilagg,7C:C3:85:9B:D5:E0,-77, WPA2  WPA ,0.000000,0.000000,0.000,0.000,AP
2026-05-20 09:24:50,1900-01-00 00:00:00,Bilagg,7C:C3:85:9B:D5:E0,-69, WPA2  WPA ,0.000000,0.000000,0.000,0.000,AP
2026-05-20 09:24:51,1900-01-00 00:00:00,Bilagg,7C:C3:85:9B:D5:E0,-69, WPA2  WPA ,0.000000,0.000000,0.000,0.000,AP
2026-05-20 09:24:51,1900-01-00 00:00:00,Bilagg,7C:C3:85:9B:D5:E0,-73, WPA2  WPA ,0.000000,0.000000,0.000,0.000,AP
2026-05-20 09:24:51,1900-01-00 00:00:00,Bilagg,7C:C3:85:9B:D5:E0,-93, WPA2  WPA ,0.000000,0.000000,0.000,0.000,AP
2026-05-20 09:24:51,1900-01-00 00:00:00,Bilagg,7C:C3:85:9B:D5:E0,-69, WPA2  WPA ,0.000000,0.000000,0.000,0.000,AP
2026-05-20 09:24:51,1900-01-00 00:00:00,Bilagg,7C:C3:85:9B:D5:E0,-75, WPA2  WPA ,0.000000,0.000000,0.000,0.000,AP
2026-05-20 09:24:51,1900-01-00 00:00:00,Bilagg,7C:C3:85:9B:D5:E0,-73, WPA2  WPA ,0.000000,0.000000,0.000,0.000,AP
2026-05-20 09:24:51,1900-01-00 00:00:00,Bilagg,7C:C3:85:9B:D5:E0,-77, WPA2  WPA ,0.000000,0.000000,0.000,0.000,AP
2026-05-20 09:24:51,1900-01-00 00:00:00,Bilagg,7C:C3:85:9B:D5:E0,-71, WPA2  WPA ,0.000000,0.000000,0.000,0.000,AP
2026-05-20 09:24:51,1900-01-00 00:00:00,Bilagg,7C:C3:85:9B:D5:E0,-69, WPA2  WPA ,0.000000,0.000000,0.000,0.000,AP
2026-05-20 09:24:51,1900-01-00 00:00:00,Bilagg,7C:C3:85:9B:D5:E0,-71, WPA2  WPA ,0.000000,0.000000,0.000,0.000,AP
2026-05-20 09:24:51,1900-01-00 00:00:00,Bilagg,7C:C3:85:9B:D5:E0,-73, WPA2  WPA ,0.000000,0.000000,0.000,0.000,AP
2026-05-20 09:24:52,1900-01-00 00:00:00,Bilagg,7C:C3:85:9B:D5:E0,-73, WPA2  WPA ,0.000000,0.000000,0.000,0.000,AP
2026-05-20 09:24:52,1900-01-00 00:00:00,Bilagg,7C:C3:85:9B:D5:E0,-93, WPA2  WPA ,0.000000,0.000000,0.000,0.000,AP
2026-05-20 09:24:52,1900-01-00 00:00:00,Bilagg,7C:C3:85:9B:D5:E0,-73, WPA2  WPA ,0.000000,0.000000,0.000,0.000,AP
2026-05-20 09:24:52,1900-01-00 00:00:00,Bilagg,7C:C3:85:9B:D5:E0,-71, WPA2  WPA ,0.000000,0.000000,0.000,0.000,AP
2026-05-20 09:24:52,1900-01-00 00:00:00,Bilagg,7C:C3:85:9B:D5:E0,-67, WPA2  WPA ,0.000000,0.000000,0.000,0.000,AP
2026-05-20 09:24:52,1900-01-00 00:00:00,Bilagg,7C:C3:85:9B:D5:E0,-67, WPA2  WPA ,0.000000,0.000000,0.000,0.000,AP
2026-05-20 09:24:52,1900-01-00 00:00:00,Bilagg,7C:C3:85:9B:D5:E0,-71, WPA2  WPA ,0.000000,0.000000,0.000,0.000,AP
2026-05-20 09:24:52,1900-01-00 00:00:00,Bilagg,7C:C3:85:9B:D5:E0,-75, WPA2  WPA ,0.000000,0.000000,0.000,0.000,AP
2026-05-20 09:24:53,1900-01-00 00:00:00,Bilagg,7C:C3:85:9B:D5:E0,-69, WPA2  WPA ,0.000000,0.000000,0.000,0.000,AP
2026-05-20 09:24:53,1900-01-00 00:00:00,Bilagg,7C:C3:85:9B:D5:E0,-75, WPA2  WPA ,0.000000,0.000000,0.000,0.000,AP
2026-05-20 09:24:53,1900-01-00 00:00:00,Bilagg,7C:C3:85:9B:D5:E0,-71, WPA2  WPA ,0.000000,0.000000,0.000,0.000,AP
2026-05-20 09:24:53,1900-01-00 00:00:00,Bilagg,7C:C3:85:9B:D5:E0,-77, WPA2  WPA ,0.000000,0.000000,0.000,0.000,AP
2026-05-20 09:24:53,1900-01-00 00:00:00,Bilagg,7C:C3:85:9B:D5:E0,-77, WPA2  WPA ,0.000000,0.000000,0.000,0.000,AP
2026-05-20 09:24:53,1900-01-00 00:00:00,Bilagg,7C:C3:85:9B:D5:E0,-73, WPA2  WPA ,0.000000,0.000000,0.000,0.000,AP
2026-05-20 09:24:53,1900-01-00 00:00:00,Bilagg,7C:C3:85:9B:D5:E0,-69, WPA2  WPA ,0.000000,0.000000,0.000,0.000,AP
2026-05-20 09:24:54,1900-01-00 00:00:00,Bilagg,7C:C3:85:9B:D5:E0,-75, WPA2  WPA ,0.000000,0.000000,0.000,0.000,AP
2026-05-20 09:24:54,1900-01-00 00:00:00,Bilagg,7C:C3:85:9B:D5:E0,-67, WPA2  WPA ,0.000000,0.000000,0.000,0.000,AP
2026-05-20 09:24:54,1900-01-00 00:00:00,Bilagg,7C:C3:85:9B:D5:E0,-67, WPA2  WPA ,0.000000,0.000000,0.000,0.000,AP
2026-05-20 09:24:54,1900-01-00 00:00:00,Bilagg,7C:C3:85:9B:D5:E0,-71, WPA2  WPA ,0.000000,0.000000,0.000,0.000,AP
2026-05-20 09:24:54,1900-01-00 00:00:00,Bilagg,7C:C3:85:9B:D5:E0,-73, WPA2  WPA ,0.000000,0.000000,0.000,0.000,AP
2026-05-20 09:24:54,1900-01-00 00:00:00,Bilagg,7C:C3:85:9B:D5:E0,-71, WPA2  WPA ,0.000000,0.000000,0.000,0.000,AP
2026-05-20 09:24:55,1900-01-00 00:00:00,Bilagg,7C:C3:85:9B:D5:E0,-71, WPA2  WPA ,0.000000,0.000000,0.000,0.000,AP
2026-05-20 09:24:56,1900-01-00 00:00:00,Bilagg,7C:C3:85:9B:D5:E0,-77, WPA2  WPA ,0.000000,0.000000,0.000,0.000,AP
2026-05-20 09:24:56,1900-01-00 00:00:00,Bilagg,7C:C3:85:9B:D5:E0,-67, WPA2  WPA ,0.000000,0.000000,0.000,0.000,AP
2026-05-20 09:24:56,1900-01-00 00:00:00,Bilagg,7C:C3:85:9B:D5:E0,-71, WPA2  WPA ,0.000000,0.000000,0.000,0.000,AP
2026-05-20 09:24:56,1900-01-00 00:00:00,Bilagg,7C:C3:85:9B:D5:E0,-69, WPA2  WPA ,0.000000,0.000000,0.000,0.000,AP
2026-05-20 09:24:56,1900-01-00 00:00:00,Bilagg,7C:C3:85:9B:D5:E0,-71, WPA2  WPA ,0.000000,0.000000,0.000,0.000,AP
2026-05-20 09:24:56,1900-01-00 00:00:00,Bilagg,7C:C3:85:9B:D5:E0,-73, WPA2  WPA ,0.000000,0.000000,0.000,0.000,AP
2026-05-20 09:24:57,1900-01-00 00:00:00,Bilagg,7C:C3:85:9B:D5:E0,-73, WPA2  WPA ,0.000000,0.000000,0.000,0.000,AP
2026-05-20 09:24:57,1900-01-00 00:00:00,Bilagg,7C:C3:85:9B:D5:E0,-73, WPA2  WPA ,0.000000,0.000000,0.000,0.000,AP
2026-05-20 09:24:57,1900-01-00 00:00:00,Bilagg,7C:C3:85:9B:D5:E0,-75, WPA2  WPA ,0.000000,0.000000,0.000,0.000,AP
2026-05-20 09:24:57,1900-01-00 00:00:00,Bilagg,7C:C3:85:9B:D5:E0,-75, WPA2  WPA ,0.000000,0.000000,0.000,0.000,AP
2026-05-20 09:24:57,1900-01-00 00:00:00,Bilagg,7C:C3:85:9B:D5:E0,-73, WPA2  WPA ,0.000000,0.000000,0.000,0.000,AP
2026-05-20 09:24:57,1900-01-00 00:00:00,Bilagg,7C:C3:85:9B:D5:E0,-75, WPA2  WPA ,0.000000,0.000000,0.000,0.000,AP
2026-05-20 09:24:57,1900-01-00 00:00:00,Bilagg,7C:C3:85:9B:D5:E0,-73, WPA2  WPA ,0.000000,0.000000,0.000,0.000,AP
2026-05-20 09:24:58,1900-01-00 00:00:00,Bilagg,7C:C3:85:9B:D5:E0,-73, WPA2  WPA ,0.000000,0.000000,0.000,0.000,AP
2026-05-20 09:24:58,1900-01-00 00:00:00,Bilagg,7C:C3:85:9B:D5:E0,-73, WPA2  WPA ,0.000000,0.000000,0.000,0.000,AP
2026-05-20 09:24:58,1900-01-00 00:00:00,Bilagg,7C:C3:85:9B:D5:E0,-75, WPA2  WPA ,0.000000,0.000000,0.000,0.000,AP
2026-05-20 09:24:58,1900-01-00 00:00:00,Bilagg,7C:C3:85:9B:D5:E0,-71, WPA2  WPA ,0.000000,0.000000,0.000,0.000,AP
2026-05-20 09:24:58,1900-01-00 00:00:00,Bilagg,7C:C3:85:9B:D5:E0,-71, WPA2  WPA ,0.000000,0.000000,0.000,0.000,AP
2026-05-20 09:24:59,1900-01-00 00:00:00,Bilagg,7C:C3:85:9B:D5:E0,-75, WPA2  WPA ,0.000000,0.000000,0.000,0.000,AP
2026-05-20 09:24:59,1900-01-00 00:00:00,Bilagg,7C:C3:85:9B:D5:E0,-71, WPA2  WPA ,0.000000,0.000000,0.000,0.000,AP
2026-05-20 09:24:59,1900-01-00 00:00:00,Bilagg,7C:C3:85:9B:D5:E0,-71, WPA2  WPA ,0.000000,0.000000,0.000,0.000,AP
2026-05-20 09:24:59,1900-01-00 00:00:00,Bilagg,7C:C3:85:9B:D5:E0,-65, WPA2  WPA ,0.000000,0.000000,0.000,0.000,AP
2026-05-20 09:24:59,1900-01-00 00:00:00,Bilagg,7C:C3:85:9B:D5:E0,-73, WPA2  WPA ,0.000000,0.000000,0.000,0.000,AP
2026-05-20 09:24:59,1900-01-00 00:00:00,Bilagg,7C:C3:85:9B:D5:E0,-71, WPA2  WPA ,0.000000,0.000000,0.000,0.000,AP
2026-05-20 09:24:59,1900-01-00 00:00:00,Bilagg,7C:C3:85:9B:D5:E0,-73, WPA2  WPA ,0.000000,0.000000,0.000,0.000,AP
2026-05-20 09:25:00,1900-01-00 00:00:00,Bilagg,7C:C3:85:9B:D5:E0,-75, WPA2  WPA ,0.000000,0.000000,0.000,0.000,AP
2026-05-20 09:25:00,1900-01-00 00:00:00,Bilagg,7C:C3:85:9B:D5:E0,-71, WPA2  WPA ,0.000000,0.000000,0.000,0.000,AP
2026-05-20 09:25:00,1900-01-00 00:00:00,Bilagg,7C:C3:85:9B:D5:E0,-77, WPA2  WPA ,0.000000,0.000000,0.000,0.000,AP
2026-05-20 09:25:00,1900-01-00 00:00:00,Bilagg,7C:C3:85:9B:D5:E0,-71, WPA2  WPA ,0.000000,0.000000,0.000,0.000,AP
2026-05-20 09:25:00,1900-01-00 00:00:00,Bilagg,7C:C3:85:9B:D5:E0,-71, WPA2  WPA ,0.000000,0.000000,0.000,0.000,AP
2026-05-20 09:25:00,1900-01-00 00:00:00,Bilagg,7C:C3:85:9B:D5:E0,-69, WPA2  WPA ,0.000000,0.000000,0.000,0.000,AP
2026-05-20 09:25:01,1900-01-00 00:00:00,Bilagg,7C:C3:85:9B:D5:E0,-71, WPA2  WPA ,0.000000,0.000000,0.000,0.000,AP
2026-05-20 09:25:01,1900-01-00 00:00:00,Bilagg,7C:C3:85:9B:D5:E0,-69, WPA2  WPA ,0.000000,0.000000,0.000,0.000,AP
2026-05-20 09:25:01,1900-01-00 00:00:00,Bilagg,7C:C3:85:9B:D5:E0,-67, WPA2  WPA ,0.000000,0.000000,0.000,0.000,AP
2026-05-20 09:25:01,1900-01-00 00:00:00,Bilagg,7C:C3:85:9B:D5:E0,-71, WPA2  WPA ,0.000000,0.000000,0.000,0.000,AP
2026-05-20 09:25:01,1900-01-00 00:00:00,Bilagg,7C:C3:85:9B:D5:E0,-73, WPA2  WPA ,0.000000,0.000000,0.000,0.000,AP
2026-05-20 09:25:01,1900-01-00 00:00:00,Bilagg,7C:C3:85:9B:D5:E0,-73, WPA2  WPA ,0.000000,0.000000,0.000,0.000,AP
2026-05-20 09:25:01,1900-01-00 00:00:00,Bilagg,7C:C3:85:9B:D5:E0,-69, WPA2  WPA ,0.000000,0.000000,0.000,0.000,AP
2026-05-20 09:25:01,1900-01-00 00:00:00,Bilagg,7C:C3:85:9B:D5:E0,-71, WPA2  WPA ,0.000000,0.000000,0.000,0.000,AP
2026-05-20 09:25:02,1900-01-00 00:00:00,Bilagg,7C:C3:85:9B:D5:E0,-69, WPA2  WPA ,0.000000,0.000000,0.000,0.000,AP
2026-05-20 09:25:02,1900-01-00 00:00:00,Bilagg,7C:C3:85:9B:D5:E0,-73, WPA2  WPA ,0.000000,0.000000,0.000,0.000,AP
2026-05-20 09:25:02,1900-01-00 00:00:00,Bilagg,7C:C3:85:9B:D5:E0,-73, WPA2  WPA ,0.000000,0.000000,0.000,0.000,AP
2026-05-20 09:25:03,1900-01-00 00:00:00,Bilagg,7C:C3:85:9B:D5:E0,-67, WPA2  WPA ,0.000000,0.000000,0.000,0.000,AP
2026-05-20 09:25:03,1900-01-00 00:00:00,Bilagg,7C:C3:85:9B:D5:E0,-73, WPA2  WPA ,0.000000,0.000000,0.000,0.000,AP
2026-05-20 09:25:03,1900-01-00 00:00:00,Bilagg,7C:C3:85:9B:D5:E0,-73, WPA2  WPA ,0.000000,0.000000,0.000,0.000,AP
2026-05-20 09:25:03,1900-01-00 00:00:00,Bilagg,7C:C3:85:9B:D5:E0,-69, WPA2  WPA ,0.000000,0.000000,0.000,0.000,AP
2026-05-20 09:25:03,1900-01-00 00:00:00,Bilagg,7C:C3:85:9B:D5:E0,-71, WPA2  WPA ,0.000000,0.000000,0.000,0.000,AP
2026-05-20 09:25:03,1900-01-00 00:00:00,Bilagg,7C:C3:85:9B:D5:E0,-73, WPA2  WPA ,0.000000,0.000000,0.000,0.000,AP
2026-05-20 09:25:03,1900-01-00 00:00:00,Bilagg,7C:C3:85:9B:D5:E0,-73, WPA2  WPA ,0.000000,0.000000,0.000,0.000,AP
2026-05-20 09:25:03,1900-01-00 00:00:00,Bilagg,7C:C3:85:9B:D5:E0,-69, WPA2  WPA ,0.000000,0.000000,0.000,0.000,AP
2026-05-20 09:25:03,1900-01-00 00:00:00,Bilagg,7C:C3:85:9B:D5:E0,-73, WPA2  WPA ,0.000000,0.000000,0.000,0.000,AP
2026-05-20 09:25:03,1900-01-00 00:00:00,Bilagg,7C:C3:85:9B:D5:E0,-67, WPA2  WPA ,0.000000,0.000000,0.000,0.000,AP
2026-05-20 09:25:03,1900-01-00 00:00:00,Bilagg,7C:C3:85:9B:D5:E0,-77, WPA2  WPA ,0.000000,0.000000,0.000,0.000,AP
2026-05-20 09:25:04,1900-01-00 00:00:00,Bilagg,7C:C3:85:9B:D5:E0,-71, WPA2  WPA ,0.000000,0.000000,0.000,0.000,AP
2026-05-20 09:25:04,1900-01-00 00:00:00,Bilagg,7C:C3:85:9B:D5:E0,-67, WPA2  WPA ,0.000000,0.000000,0.000,0.000,AP
2026-05-20 09:25:04,1900-01-00 00:00:00,Bilagg,7C:C3:85:9B:D5:E0,-71, WPA2  WPA ,0.000000,0.000000,0.000,0.000,AP
2026-05-20 09:25:04,1900-01-00 00:00:00,Bilagg,7C:C3:85:9B:D5:E0,-73, WPA2  WPA ,0.000000,0.000000,0.000,0.000,AP
2026-05-20 09:25:04,1900-01-00 00:00:00,Bilagg,7C:C3:85:9B:D5:E0,-73, WPA2  WPA ,0.000000,0.000000,0.000,0.000,AP
2026-05-20 09:25:04,1900-01-00 00:00:00,Bilagg,7C:C3:85:9B:D5:E0,-69, WPA2  WPA ,0.000000,0.000000,0.000,0.000,AP
2026-05-20 09:25:04,1900-01-00 00:00:00,Bilagg,7C:C3:85:9B:D5:E0,-75, WPA2  WPA ,0.000000,0.000000,0.000,0.000,AP
2026-05-20 09:25:04,1900-01-00 00:00:00,Bilagg,7C:C3:85:9B:D5:E0,-71, WPA2  WPA ,0.000000,0.000000,0.000,0.000,AP
2026-05-20 09:25:04,1900-01-00 00:00:00,Bilagg,7C:C3:85:9B:D5:E0,-75, WPA2  WPA ,0.000000,0.000000,0.000,0.000,AP
2026-05-20 09:25:05,1900-01-00 00:00:00,Bilagg,7C:C3:85:9B:D5:E0,-71, WPA2  WPA ,0.000000,0.000000,0.000,0.000,AP
2026-05-20 09:25:05,1900-01-00 00:00:00,Bilagg,7C:C3:85:9B:D5:E0,-77, WPA2  WPA ,0.000000,0.000000,0.000,0.000,AP
2026-05-20 09:25:05,1900-01-00 00:00:00,Bilagg,7C:C3:85:9B:D5:E0,-73, WPA2  WPA ,0.000000,0.000000,0.000,0.000,AP
2026-05-20 09:25:05,1900-01-00 00:00:00,Bilagg,7C:C3:85:9B:D5:E0,-73, WPA2  WPA ,0.000000,0.000000,0.000,0.000,AP
2026-05-20 09:25:05,1900-01-00 00:00:00,Bilagg,7C:C3:85:9B:D5:E0,-67, WPA2  WPA ,0.000000,0.000000,0.000,0.000,AP
2026-05-20 09:25:05,1900-01-00 00:00:00,Bilagg,7C:C3:85:9B:D5:E0,-71, WPA2  WPA ,0.000000,0.000000,0.000,0.000,AP
2026-05-20 09:25:05,1900-01-00 00:00:00,Bilagg,7C:C3:85:9B:D5:E0,-73, WPA2  WPA ,0.000000,0.000000,0.000,0.000,AP
2026-05-20 09:25:06,1900-01-00 00:00:00,Bilagg,7C:C3:85:9B:D5:E0,-73, WPA2  WPA ,0.000000,0.000000,0.000,0.000,AP
2026-05-20 09:25:06,1900-01-00 00:00:00,Bilagg,7C:C3:85:9B:D5:E0,-75, WPA2  WPA ,0.000000,0.000000,0.000,0.000,AP
2026-05-20 09:25:06,1900-01-00 00:00:00,Bilagg,7C:C3:85:9B:D5:E0,-73, WPA2  WPA ,0.000000,0.000000,0.000,0.000,AP
2026-05-20 09:25:06,1900-01-00 00:00:00,Bilagg,7C:C3:85:9B:D5:E0,-75, WPA2  WPA ,0.000000,0.000000,0.000,0.000,AP
2026-05-20 09:25:06,1900-01-00 00:00:00,Bilagg,7C:C3:85:9B:D5:E0,-69, WPA2  WPA ,0.000000,0.000000,0.000,0.000,AP
2026-05-20 09:25:06,1900-01-00 00:00:00,Bilagg,7C:C3:85:9B:D5:E0,-71, WPA2  WPA ,0.000000,0.000000,0.000,0.000,AP
2026-05-20 09:25:06,1900-01-00 00:00:00,Bilagg,7C:C3:85:9B:D5:E0,-73, WPA2  WPA ,0.000000,0.000000,0.000,0.000,AP
2026-05-20 09:25:07,1900-01-00 00:00:00,Bilagg,7C:C3:85:9B:D5:E0,-75, WPA2  WPA ,0.000000,0.000000,0.000,0.000,AP
2026-05-20 09:25:07,1900-01-00 00:00:00,Bilagg,7C:C3:85:9B:D5:E0,-73, WPA2  WPA ,0.000000,0.000000,0.000,0.000,AP
2026-05-20 09:25:07,1900-01-00 00:00:00,Bilagg,7C:C3:85:9B:D5:E0,-73, WPA2  WPA ,0.000000,0.000000,0.000,0.000,AP
2026-05-20 09:25:07,1900-01-00 00:00:00,Bilagg,7C:C3:85:9B:D5:E0,-69, WPA2  WPA ,0.000000,0.000000,0.000,0.000,AP
2026-05-20 09:25:07,1900-01-00 00:00:00,Bilagg,7C:C3:85:9B:D5:E0,-73, WPA2  WPA ,0.000000,0.000000,0.000,0.000,AP
2026-05-20 09:25:07,1900-01-00 00:00:00,Bilagg,7C:C3:85:9B:D5:E0,-71, WPA2  WPA ,0.000000,0.000000,0.000,0.000,AP
2026-05-20 09:25:07,1900-01-00 00:00:00,Bilagg,7C:C3:85:9B:D5:E0,-75, WPA2  WPA ,0.000000,0.000000,0.000,0.000,AP
2026-05-20 09:25:07,1900-01-00 00:00:00,Bilagg,7C:C3:85:9B:D5:E0,-71, WPA2  WPA ,0.000000,0.000000,0.000,0.000,AP
2026-05-20 09:25:07,1900-01-00 00:00:00,Bilagg,7C:C3:85:9B:D5:E0,-75, WPA2  WPA ,0.000000,0.000000,0.000,0.000,AP
2026-05-20 09:25:07,1900-01-00 00:00:00,Bilagg,7C:C3:85:9B:D5:E0,-69, WPA2  WPA ,0.000000,0.000000,0.000,0.000,AP
2026-05-20 09:25:08,1900-01-00 00:00:00,Bilagg,7C:C3:85:9B:D5:E0,-73, WPA2  WPA ,0.000000,0.000000,0.000,0.000,AP
2026-05-20 09:25:08,1900-01-00 00:00:00,Bilagg,7C:C3:85:9B:D5:E0,-93, WPA2  WPA ,0.000000,0.000000,0.000,0.000,AP
2026-05-20 09:25:08,1900-01-00 00:00:00,Bilagg,7C:C3:85:9B:D5:E0,-69, WPA2  WPA ,0.000000,0.000000,0.000,0.000,AP
2026-05-20 09:25:08,1900-01-00 00:00:00,Bilagg,7C:C3:85:9B:D5:E0,-69, WPA2  WPA ,0.000000,0.000000,0.000,0.000,AP
2026-05-20 09:25:08,1900-01-00 00:00:00,Bilagg,7C:C3:85:9B:D5:E0,-73, WPA2  WPA ,0.000000,0.000000,0.000,0.000,AP
2026-05-20 09:25:09,1900-01-00 00:00:00,Bilagg,7C:C3:85:9B:D5:E0,-73, WPA2  WPA ,0.000000,0.000000,0.000,0.000,AP
2026-05-20 09:25:09,1900-01-00 00:00:00,Bilagg,7C:C3:85:9B:D5:E0,-69, WPA2  WPA ,0.000000,0.000000,0.000,0.000,AP
2026-05-20 09:25:09,1900-01-00 00:00:00,Bilagg,7C:C3:85:9B:D5:E0,-77, WPA2  WPA ,0.000000,0.000000,0.000,0.000,AP
2026-05-20 09:25:09,1900-01-00 00:00:00,Bilagg,7C:C3:85:9B:D5:E0,-73, WPA2  WPA ,0.000000,0.000000,0.000,0.000,AP
2026-05-20 09:25:09,1900-01-00 00:00:00,Bilagg,7C:C3:85:9B:D5:E0,-69, WPA2  WPA ,0.000000,0.000000,0.000,0.000,AP
2026-05-20 09:25:09,1900-01-00 00:00:00,Bilagg,7C:C3:85:9B:D5:E0,-71, WPA2  WPA ,0.000000,0.000000,0.000,0.000,AP
2026-05-20 09:25:10,1900-01-00 00:00:00,Bilagg,7C:C3:85:9B:D5:E0,-73, WPA2  WPA ,0.000000,0.000000,0.000,0.000,AP
2026-05-20 09:25:10,1900-01-00 00:00:00,Bilagg,7C:C3:85:9B:D5:E0,-71, WPA2  WPA ,0.000000,0.000000,0.000,0.000,AP
2026-05-20 09:25:10,1900-01-00 00:00:00,Bilagg,7C:C3:85:9B:D5:E0,-71, WPA2  WPA ,0.000000,0.000000,0.000,0.000,AP
2026-05-20 09:25:10,1900-01-00 00:00:00,Bilagg,7C:C3:85:9B:D5:E0,-69, WPA2  WPA ,0.000000,0.000000,0.000,0.000,AP
2026-05-20 09:25:10,1900-01-00 00:00:00,Bilagg,7C:C3:85:9B:D5:E0,-75, WPA2  WPA ,0.000000,0.000000,0.000,0.000,AP
2026-05-20 09:25:10,1900-01-00 00:00:00,Bilagg,7C:C3:85:9B:D5:E0,-69, WPA2  WPA ,0.000000,0.000000,0.000,0.000,AP
2026-05-20 09:25:10,1900-01-00 00:00:00,Bilagg,7C:C3:85:9B:D5:E0,-67, WPA2  WPA ,0.000000,0.000000,0.000,0.000,AP
2026-05-20 09:25:10,1900-01-00 00:00:00,Bilagg,7C:C3:85:9B:D5:E0,-71, WPA2  WPA ,0.000000,0.000000,0.000,0.000,AP
2026-05-20 09:25:10,1900-01-00 00:00:00,Bilagg,7C:C3:85:9B:D5:E0,-67, WPA2  WPA ,0.000000,0.000000,0.000,0.000,AP
2026-05-20 09:25:11,1900-01-00 00:00:00,Bilagg,7C:C3:85:9B:D5:E0,-69, WPA2  WPA ,0.000000,0.000000,0.000,0.000,AP
2026-05-20 09:25:11,1900-01-00 00:00:00,Bilagg,7C:C3:85:9B:D5:E0,-75, WPA2  WPA ,0.000000,0.000000,0.000,0.000,AP
2026-05-20 09:25:11,1900-01-00 00:00:00,Bilagg,7C:C3:85:9B:D5:E0,-75, WPA2  WPA ,0.000000,0.000000,0.000,0.000,AP
2026-05-20 09:25:11,1900-01-00 00:00:00,Bilagg,7C:C3:85:9B:D5:E0,-73, WPA2  WPA ,0.000000,0.000000,0.000,0.000,AP
2026-05-20 09:25:11,1900-01-00 00:00:00,Bilagg,7C:C3:85:9B:D5:E0,-73, WPA2  WPA ,0.000000,0.000000,0.000,0.000,AP
2026-05-20 09:25:11,1900-01-00 00:00:00,Bilagg,7C:C3:85:9B:D5:E0,-75, WPA2  WPA ,0.000000,0.000000,0.000,0.000,AP
2026-05-20 09:25:11,1900-01-00 00:00:00,Bilagg,7C:C3:85:9B:D5:E0,-75, WPA2  WPA ,0.000000,0.000000,0.000,0.000,AP
2026-05-20 09:25:12,1900-01-00 00:00:00,Bilagg,7C:C3:85:9B:D5:E0,-75, WPA2  WPA ,0.000000,0.000000,0.000,0.000,AP
2026-05-20 09:25:12,1900-01-00 00:00:00,Bilagg,7C:C3:85:9B:D5:E0,-73, WPA2  WPA ,0.000000,0.000000,0.000,0.000,AP
2026-05-20 09:25:12,1900-01-00 00:00:00,Bilagg,7C:C3:85:9B:D5:E0,-73, WPA2  WPA ,0.000000,0.000000,0.000,0.000,AP
2026-05-20 09:25:12,1900-01-00 00:00:00,Bilagg,7C:C3:85:9B:D5:E0,-71, WPA2  WPA ,0.000000,0.000000,0.000,0.000,AP
2026-05-20 09:25:12,1900-01-00 00:00:00,Bilagg,7C:C3:85:9B:D5:E0,-71, WPA2  WPA ,0.000000,0.000000,0.000,0.000,AP
2026-05-20 09:25:12,1900-01-00 00:00:00,Bilagg,7C:C3:85:9B:D5:E0,-71, WPA2  WPA ,0.000000,0.000000,0.000,0.000,AP
2026-05-20 09:25:12,1900-01-00 00:00:00,Bilagg,7C:C3:85:9B:D5:E0,-69, WPA2  WPA ,0.000000,0.000000,0.000,0.000,AP
2026-05-20 09:25:13,1900-01-00 00:00:00,Bilagg,7C:C3:85:9B:D5:E0,-71, WPA2  WPA ,0.000000,0.000000,0.000,0.000,AP
2026-05-20 09:25:13,1900-01-00 00:00:00,Bilagg,7C:C3:85:9B:D5:E0,-93, WPA2  WPA ,0.000000,0.000000,0.000,0.000,AP
2026-05-20 09:25:13,1900-01-00 00:00:00,Bilagg,7C:C3:85:9B:D5:E0,-71, WPA2  WPA ,0.000000,0.000000,0.000,0.000,AP
2026-05-20 09:25:13,1900-01-00 00:00:00,Bilagg,7C:C3:85:9B:D5:E0,-73, WPA2  WPA ,0.000000,0.000000,0.000,0.000,AP
2026-05-20 09:25:13,1900-01-00 00:00:00,Bilagg,7C:C3:85:9B:D5:E0,-71, WPA2  WPA ,0.000000,0.000000,0.000,0.000,AP
2026-05-20 09:25:13,1900-01-00 00:00:00,Bilagg,7C:C3:85:9B:D5:E0,-69, WPA2  WPA ,0.000000,0.000000,0.000,0.000,AP
2026-05-20 09:25:14,1900-01-00 00:00:00,Bilagg,7C:C3:85:9B:D5:E0,-71, WPA2  WPA ,0.000000,0.000000,0.000,0.000,AP
2026-05-20 09:25:14,1900-01-00 00:00:00,Bilagg,7C:C3:85:9B:D5:E0,-67, WPA2  WPA ,0.000000,0.000000,0.000,0.000,AP
2026-05-20 09:25:14,1900-01-00 00:00:00,Bilagg,7C:C3:85:9B:D5:E0,-71, WPA2  WPA ,0.000000,0.000000,0.000,0.000,AP
2026-05-20 09:25:14,1900-01-00 00:00:00,Bilagg,7C:C3:85:9B:D5:E0,-77, WPA2  WPA ,0.000000,0.000000,0.000,0.000,AP
2026-05-20 09:25:14,1900-01-00 00:00:00,Bilagg,7C:C3:85:9B:D5:E0,-73, WPA2  WPA ,0.000000,0.000000,0.000,0.000,AP
2026-05-20 09:25:14,1900-01-00 00:00:00,Bilagg,7C:C3:85:9B:D5:E0,-67, WPA2  WPA ,0.000000,0.000000,0.000,0.000,AP
2026-05-20 09:25:14,1900-01-00 00:00:00,Bilagg,7C:C3:85:9B:D5:E0,-73, WPA2  WPA ,0.000000,0.000000,0.000,0.000,AP
2026-05-20 09:25:14,1900-01-00 00:00:00,Bilagg,7C:C3:85:9B:D5:E0,-69, WPA2  WPA ,0.000000,0.000000,0.000,0.000,AP
2026-05-20 09:25:14,1900-01-00 00:00:00,Bilagg,7C:C3:85:9B:D5:E0,-73, WPA2  WPA ,0.000000,0.000000,0.000,0.000,AP
2026-05-20 09:25:14,1900-01-00 00:00:00,Bilagg,7C:C3:85:9B:D5:E0,-67, WPA2  WPA ,0.000000,0.000000,0.000,0.000,AP
2026-05-20 09:25:15,1900-01-00 00:00:00,Bilagg,7C:C3:85:9B:D5:E0,-73, WPA2  WPA ,0.000000,0.000000,0.000,0.000,AP
2026-05-20 09:25:15,1900-01-00 00:00:00,Bilagg,7C:C3:85:9B:D5:E0,-73, WPA2  WPA ,0.000000,0.000000,0.000,0.000,AP
2026-05-20 09:25:15,1900-01-00 00:00:00,Bilagg,7C:C3:85:9B:D5:E0,-75, WPA2  WPA ,0.000000,0.000000,0.000,0.000,AP
2026-05-20 09:25:15,1900-01-00 00:00:00,Bilagg,7C:C3:85:9B:D5:E0,-69, WPA2  WPA ,0.000000,0.000000,0.000,0.000,AP
2026-05-20 09:25:15,1900-01-00 00:00:00,Bilagg,7C:C3:85:9B:D5:E0,-71, WPA2  WPA ,0.000000,0.000000,0.000,0.000,AP
2026-05-20 09:25:15,1900-01-00 00:00:00,Bilagg,7C:C3:85:9B:D5:E0,-71, WPA2  WPA ,0.000000,0.000000,0.000,0.000,AP
2026-05-20 09:25:16,1900-01-00 00:00:00,Bilagg,7C:C3:85:9B:D5:E0,-91, WPA2  WPA ,0.000000,0.000000,0.000,0.000,AP
2026-05-20 09:25:16,1900-01-00 00:00:00,Bilagg,7C:C3:85:9B:D5:E0,-69, WPA2  WPA ,0.000000,0.000000,0.000,0.000,AP
2026-05-20 09:25:16,1900-01-00 00:00:00,Bilagg,7C:C3:85:9B:D5:E0,-75, WPA2  WPA ,0.000000,0.000000,0.000,0.000,AP
2026-05-20 09:25:16,1900-01-00 00:00:00,Bilagg,7C:C3:85:9B:D5:E0,-69, WPA2  WPA ,0.000000,0.000000,0.000,0.000,AP
2026-05-20 09:25:16,1900-01-00 00:00:00,Bilagg,7C:C3:85:9B:D5:E0,-73, WPA2  WPA ,0.000000,0.000000,0.000,0.000,AP
2026-05-20 09:25:16,1900-01-00 00:00:00,Bilagg,7C:C3:85:9B:D5:E0,-69, WPA2  WPA ,0.000000,0.000000,0.000,0.000,AP
2026-05-20 09:25:16,1900-01-00 00:00:00,Bilagg,7C:C3:85:9B:D5:E0,-71, WPA2  WPA ,0.000000,0.000000,0.000,0.000,AP
2026-05-20 09:25:16,1900-01-00 00:00:00,Bilagg,7C:C3:85:9B:D5:E0,-73, WPA2  WPA ,0.000000,0.000000,0.000,0.000,AP
2026-05-20 09:25:16,1900-01-00 00:00:00,Bilagg,7C:C3:85:9B:D5:E0,-71, WPA2  WPA ,0.000000,0.000000,0.000,0.000,AP
2026-05-20 09:25:16,1900-01-00 00:00:00,Bilagg,7C:C3:85:9B:D5:E0,-71, WPA2  WPA ,0.000000,0.000000,0.000,0.000,AP
2026-05-20 09:25:16,1900-01-00 00:00:00,Bilagg,7C:C3:85:9B:D5:E0,-71, WPA2  WPA ,0.000000,0.000000,0.000,0.000,AP
2026-05-20 09:25:17,1900-01-00 00:00:00,Bilagg,7C:C3:85:9B:D5:E0,-75, WPA2  WPA ,0.000000,0.000000,0.000,0.000,AP
2026-05-20 09:25:17,1900-01-00 00:00:00,Bilagg,7C:C3:85:9B:D5:E0,-67, WPA2  WPA ,0.000000,0.000000,0.000,0.000,AP
2026-05-20 09:25:17,1900-01-00 00:00:00,Bilagg,7C:C3:85:9B:D5:E0,-67, WPA2  WPA ,0.000000,0.000000,0.000,0.000,AP
2026-05-20 09:25:17,1900-01-00 00:00:00,Bilagg,7C:C3:85:9B:D5:E0,-69, WPA2  WPA ,0.000000,0.000000,0.000,0.000,AP
2026-05-20 09:25:17,1900-01-00 00:00:00,Bilagg,7C:C3:85:9B:D5:E0,-71, WPA2  WPA ,0.000000,0.000000,0.000,0.000,AP
2026-05-20 09:25:17,1900-01-00 00:00:00,Bilagg,7C:C3:85:9B:D5:E0,-71, WPA2  WPA ,0.000000,0.000000,0.000,0.000,AP
2026-05-20 09:25:17,1900-01-00 00:00:00,Bilagg,7C:C3:85:9B:D5:E0,-67, WPA2  WPA ,0.000000,0.000000,0.000,0.000,AP
2026-05-20 09:25:17,1900-01-00 00:00:00,Bilagg,7C:C3:85:9B:D5:E0,-73, WPA2  WPA ,0.000000,0.000000,0.000,0.000,AP
2026-05-20 09:25:17,1900-01-00 00:00:00,Bilagg,7C:C3:85:9B:D5:E0,-73, WPA2  WPA ,0.000000,0.000000,0.000,0.000,AP
2026-05-20 09:25:17,1900-01-00 00:00:00,Bilagg,7C:C3:85:9B:D5:E0,-69, WPA2  WPA ,0.000000,0.000000,0.000,0.000,AP
2026-05-20 09:25:18,1900-01-00 00:00:00,Bilagg,7C:C3:85:9B:D5:E0,-69, WPA2  WPA ,0.000000,0.000000,0.000,0.000,AP
2026-05-20 09:25:18,1900-01-00 00:00:00,Bilagg,7C:C3:85:9B:D5:E0,-69, WPA2  WPA ,0.000000,0.000000,0.000,0.000,AP
2026-05-20 09:25:18,1900-01-00 00:00:00,Bilagg,7C:C3:85:9B:D5:E0,-69, WPA2  WPA ,0.000000,0.000000,0.000,0.000,AP
2026-05-20 09:25:18,1900-01-00 00:00:00,Bilagg,7C:C3:85:9B:D5:E0,-67, WPA2  WPA ,0.000000,0.000000,0.000,0.000,AP
2026-05-20 09:25:18,1900-01-00 00:00:00,Bilagg,7C:C3:85:9B:D5:E0,-71, WPA2  WPA ,0.000000,0.000000,0.000,0.000,AP
2026-05-20 09:25:18,1900-01-00 00:00:00,Bilagg,7C:C3:85:9B:D5:E0,-75, WPA2  WPA ,0.000000,0.000000,0.000,0.000,AP
2026-05-20 09:25:18,1900-01-00 00:00:00,Bilagg,7C:C3:85:9B:D5:E0,-71, WPA2  WPA ,0.000000,0.000000,0.000,0.000,AP
2026-05-20 09:25:18,1900-01-00 00:00:00,Bilagg,7C:C3:85:9B:D5:E0,-75, WPA2  WPA ,0.000000,0.000000,0.000,0.000,AP
2026-05-20 09:25:18,1900-01-00 00:00:00,Bilagg,7C:C3:85:9B:D5:E0,-73, WPA2  WPA ,0.000000,0.000000,0.000,0.000,AP
2026-05-20 09:25:19,1900-01-00 00:00:00,Bilagg,7C:C3:85:9B:D5:E0,-75, WPA2  WPA ,0.000000,0.000000,0.000,0.000,AP
2026-05-20 09:25:19,1900-01-00 00:00:00,Bilagg,7C:C3:85:9B:D5:E0,-71, WPA2  WPA ,0.000000,0.000000,0.000,0.000,AP
2026-05-20 09:25:19,1900-01-00 00:00:00,Bilagg,7C:C3:85:9B:D5:E0,-69, WPA2  WPA ,0.000000,0.000000,0.000,0.000,AP
2026-05-20 09:25:19,1900-01-00 00:00:00,Bilagg,7C:C3:85:9B:D5:E0,-69, WPA2  WPA ,0.000000,0.000000,0.000,0.000,AP
2026-05-20 09:25:19,1900-01-00 00:00:00,Bilagg,7C:C3:85:9B:D5:E0,-71, WPA2  WPA ,0.000000,0.000000,0.000,0.000,AP
2026-05-20 09:25:19,1900-01-00 00:00:00,Bilagg,7C:C3:85:9B:D5:E0,-73, WPA2  WPA ,0.000000,0.000000,0.000,0.000,AP
2026-05-20 09:25:19,1900-01-00 00:00:00,Bilagg,7C:C3:85:9B:D5:E0,-69, WPA2  WPA ,0.000000,0.000000,0.000,0.000,AP
2026-05-20 09:25:19,1900-01-00 00:00:00,Bilagg,7C:C3:85:9B:D5:E0,-73, WPA2  WPA ,0.000000,0.000000,0.000,0.000,AP
2026-05-20 09:25:20,1900-01-00 00:00:00,Bilagg,7C:C3:85:9B:D5:E0,-69, WPA2  WPA ,0.000000,0.000000,0.000,0.000,AP
2026-05-20 09:25:20,1900-01-00 00:00:00,Bilagg,7C:C3:85:9B:D5:E0,-75, WPA2  WPA ,0.000000,0.000000,0.000,0.000,AP
2026-05-20 09:25:20,1900-01-00 00:00:00,Bilagg,7C:C3:85:9B:D5:E0,-69, WPA2  WPA ,0.000000,0.000000,0.000,0.000,AP
2026-05-20 09:25:20,1900-01-00 00:00:00,Bilagg,7C:C3:85:9B:D5:E0,-69, WPA2  WPA ,0.000000,0.000000,0.000,0.000,AP
2026-05-20 09:25:20,1900-01-00 00:00:00,Bilagg,7C:C3:85:9B:D5:E0,-71, WPA2  WPA ,0.000000,0.000000,0.000,0.000,AP
2026-05-20 09:25:20,1900-01-00 00:00:00,Bilagg,7C:C3:85:9B:D5:E0,-71, WPA2  WPA ,0.000000,0.000000,0.000,0.000,AP
2026-05-20 09:25:20,1900-01-00 00:00:00,Bilagg,7C:C3:85:9B:D5:E0,-75, WPA2  WPA ,0.000000,0.000000,0.000,0.000,AP
2026-05-20 09:25:20,1900-01-00 00:00:00,Bilagg,7C:C3:85:9B:D5:E0,-71, WPA2  WPA ,0.000000,0.000000,0.000,0.000,AP
2026-05-20 09:25:20,1900-01-00 00:00:00,Bilagg,7C:C3:85:9B:D5:E0,-67, WPA2  WPA ,0.000000,0.000000,0.000,0.000,AP
2026-05-20 09:25:21,1900-01-00 00:00:00,Bilagg,7C:C3:85:9B:D5:E0,-71, WPA2  WPA ,0.000000,0.000000,0.000,0.000,AP
2026-05-20 09:25:21,1900-01-00 00:00:00,Bilagg,7C:C3:85:9B:D5:E0,-73, WPA2  WPA ,0.000000,0.000000,0.000,0.000,AP
2026-05-20 09:25:21,1900-01-00 00:00:00,Bilagg,7C:C3:85:9B:D5:E0,-71, WPA2  WPA ,0.000000,0.000000,0.000,0.000,AP
2026-05-20 09:25:21,1900-01-00 00:00:00,Bilagg,7C:C3:85:9B:D5:E0,-69, WPA2  WPA ,0.000000,0.000000,0.000,0.000,AP
2026-05-20 09:25:21,1900-01-00 00:00:00,Bilagg,7C:C3:85:9B:D5:E0,-71, WPA2  WPA ,0.000000,0.000000,0.000,0.000,AP
2026-05-20 09:25:21,1900-01-00 00:00:00,Bilagg,7C:C3:85:9B:D5:E0,-71, WPA2  WPA ,0.000000,0.000000,0.000,0.000,AP
2026-05-20 09:25:21,1900-01-00 00:00:00,Bilagg,7C:C3:85:9B:D5:E0,-75, WPA2  WPA ,0.000000,0.000000,0.000,0.000,AP
2026-05-20 09:25:21,1900-01-00 00:00:00,Bilagg,7C:C3:85:9B:D5:E0,-73, WPA2  WPA ,0.000000,0.000000,0.000,0.000,AP
2026-05-20 09:25:21,1900-01-00 00:00:00,Bilagg,7C:C3:85:9B:D5:E0,-73, WPA2  WPA ,0.000000,0.000000,0.000,0.000,AP
2026-05-20 09:25:22,1900-01-00 00:00:00,Bilagg,7C:C3:85:9B:D5:E0,-71, WPA2  WPA ,0.000000,0.000000,0.000,0.000,AP
2026-05-20 09:25:22,1900-01-00 00:00:00,Bilagg,7C:C3:85:9B:D5:E0,-71, WPA2  WPA ,0.000000,0.000000,0.000,0.000,AP
2026-05-20 09:25:22,1900-01-00 00:00:00,Bilagg,7C:C3:85:9B:D5:E0,-73, WPA2  WPA ,0.000000,0.000000,0.000,0.000,AP
2026-05-20 09:25:22,1900-01-00 00:00:00,Bilagg,7C:C3:85:9B:D5:E0,-71, WPA2  WPA ,0.000000,0.000000,0.000,0.000,AP
2026-05-20 09:25:22,1900-01-00 00:00:00,Bilagg,7C:C3:85:9B:D5:E0,-71, WPA2  WPA ,0.000000,0.000000,0.000,0.000,AP
2026-05-20 09:25:22,1900-01-00 00:00:00,Bilagg,7C:C3:85:9B:D5:E0,-73, WPA2  WPA ,0.000000,0.000000,0.000,0.000,AP
2026-05-20 09:25:22,1900-01-00 00:00:00,Bilagg,7C:C3:85:9B:D5:E0,-67, WPA2  WPA ,0.000000,0.000000,0.000,0.000,AP
2026-05-20 09:25:22,1900-01-00 00:00:00,Bilagg,7C:C3:85:9B:D5:E0,-69, WPA2  WPA ,0.000000,0.000000,0.000,0.000,AP
2026-05-20 09:25:22,1900-01-00 00:00:00,Bilagg,7C:C3:85:9B:D5:E0,-71, WPA2  WPA ,0.000000,0.000000,0.000,0.000,AP
2026-05-20 09:25:22,1900-01-00 00:00:00,Bilagg,7C:C3:85:9B:D5:E0,-69, WPA2  WPA ,0.000000,0.000000,0.000,0.000,AP
2026-05-20 09:25:22,1900-01-00 00:00:00,Bilagg,7C:C3:85:9B:D5:E0,-73, WPA2  WPA ,0.000000,0.000000,0.000,0.000,AP
2026-05-20 09:25:22,1900-01-00 00:00:00,Bilagg,7C:C3:85:9B:D5:E0,-73, WPA2  WPA ,0.000000,0.000000,0.000,0.000,AP
2026-05-20 09:25:23,1900-01-00 00:00:00,Bilagg,7C:C3:85:9B:D5:E0,-71, WPA2  WPA ,0.000000,0.000000,0.000,0.000,AP
2026-05-20 09:25:23,1900-01-00 00:00:00,Bilagg,7C:C3:85:9B:D5:E0,-75, WPA2  WPA ,0.000000,0.000000,0.000,0.000,AP
2026-05-20 09:25:23,1900-01-00 00:00:00,Bilagg,7C:C3:85:9B:D5:E0,-73, WPA2  WPA ,0.000000,0.000000,0.000,0.000,AP
2026-05-20 09:25:23,1900-01-00 00:00:00,Bilagg,7C:C3:85:9B:D5:E0,-77, WPA2  WPA ,0.000000,0.000000,0.000,0.000,AP
2026-05-20 09:25:23,1900-01-00 00:00:00,Bilagg,7C:C3:85:9B:D5:E0,-71, WPA2  WPA ,0.000000,0.000000,0.000,0.000,AP
2026-05-20 09:25:24,1900-01-00 00:00:00,Bilagg,7C:C3:85:9B:D5:E0,-71, WPA2  WPA ,0.000000,0.000000,0.000,0.000,AP
2026-05-20 09:25:24,1900-01-00 00:00:00,Bilagg,7C:C3:85:9B:D5:E0,-71, WPA2  WPA ,0.000000,0.000000,0.000,0.000,AP
2026-05-20 09:25:24,1900-01-00 00:00:00,Bilagg,7C:C3:85:9B:D5:E0,-69, WPA2  WPA ,0.000000,0.000000,0.000,0.000,AP
2026-05-20 09:25:24,1900-01-00 00:00:00,Bilagg,7C:C3:85:9B:D5:E0,-75, WPA2  WPA ,0.000000,0.000000,0.000,0.000,AP
2026-05-20 09:25:24,1900-01-00 00:00:00,Bilagg,7C:C3:85:9B:D5:E0,-67, WPA2  WPA ,0.000000,0.000000,0.000,0.000,AP
2026-05-20 09:25:24,1900-01-00 00:00:00,Bilagg,7C:C3:85:9B:D5:E0,-75, WPA2  WPA ,0.000000,0.000000,0.000,0.000,AP
2026-05-20 09:25:24,1900-01-00 00:00:00,Bilagg,7C:C3:85:9B:D5:E0,-69, WPA2  WPA ,0.000000,0.000000,0.000,0.000,AP
2026-05-20 09:25:24,1900-01-00 00:00:00,Bilagg,7C:C3:85:9B:D5:E0,-71, WPA2  WPA ,0.000000,0.000000,0.000,0.000,AP
2026-05-20 09:25:24,1900-01-00 00:00:00,Bilagg,7C:C3:85:9B:D5:E0,-67, WPA2  WPA ,0.000000,0.000000,0.000,0.000,AP
2026-05-20 09:25:25,1900-01-00 00:00:00,Bilagg,7C:C3:85:9B:D5:E0,-69, WPA2  WPA ,0.000000,0.000000,0.000,0.000,AP
2026-05-20 09:25:25,1900-01-00 00:00:00,Bilagg,7C:C3:85:9B:D5:E0,-75, WPA2  WPA ,0.000000,0.000000,0.000,0.000,AP
2026-05-20 09:25:25,1900-01-00 00:00:00,Bilagg,7C:C3:85:9B:D5:E0,-71, WPA2  WPA ,0.000000,0.000000,0.000,0.000,AP
2026-05-20 09:25:25,1900-01-00 00:00:00,Bilagg,7C:C3:85:9B:D5:E0,-73, WPA2  WPA ,0.000000,0.000000,0.000,0.000,AP
2026-05-20 09:25:25,1900-01-00 00:00:00,Bilagg,7C:C3:85:9B:D5:E0,-71, WPA2  WPA ,0.000000,0.000000,0.000,0.000,AP
2026-05-20 09:25:25,1900-01-00 00:00:00,Bilagg,7C:C3:85:9B:D5:E0,-71, WPA2  WPA ,0.000000,0.000000,0.000,0.000,AP
2026-05-20 09:25:25,1900-01-00 00:00:00,Bilagg,7C:C3:85:9B:D5:E0,-75, WPA2  WPA ,0.000000,0.000000,0.000,0.000,AP
2026-05-20 09:25:26,1900-01-00 00:00:00,Bilagg,7C:C3:85:9B:D5:E0,-71, WPA2  WPA ,0.000000,0.000000,0.000,0.000,AP
2026-05-20 09:25:26,1900-01-00 00:00:00,Bilagg,7C:C3:85:9B:D5:E0,-73, WPA2  WPA ,0.000000,0.000000,0.000,0.000,AP
2026-05-20 09:25:26,1900-01-00 00:00:00,Bilagg,7C:C3:85:9B:D5:E0,-93, WPA2  WPA ,0.000000,0.000000,0.000,0.000,AP
2026-05-20 09:25:26,1900-01-00 00:00:00,Bilagg,7C:C3:85:9B:D5:E0,-73, WPA2  WPA ,0.000000,0.000000,0.000,0.000,AP
2026-05-20 09:25:26,1900-01-00 00:00:00,Bilagg,7C:C3:85:9B:D5:E0,-69, WPA2  WPA ,0.000000,0.000000,0.000,0.000,AP
2026-05-20 09:25:26,1900-01-00 00:00:00,Bilagg,7C:C3:85:9B:D5:E0,-69, WPA2  WPA ,0.000000,0.000000,0.000,0.000,AP
2026-05-20 09:25:26,1900-01-00 00:00:00,Bilagg,7C:C3:85:9B:D5:E0,-73, WPA2  WPA ,0.000000,0.000000,0.000,0.000,AP
2026-05-20 09:25:26,1900-01-00 00:00:00,Bilagg,7C:C3:85:9B:D5:E0,-71, WPA2  WPA ,0.000000,0.000000,0.000,0.000,AP
2026-05-20 09:25:26,1900-01-00 00:00:00,Bilagg,7C:C3:85:9B:D5:E0,-71, WPA2  WPA ,0.000000,0.000000,0.000,0.000,AP
2026-05-20 09:25:27,1900-01-00 00:00:00,Bilagg,7C:C3:85:9B:D5:E0,-69, WPA2  WPA ,0.000000,0.000000,0.000,0.000,AP
2026-05-20 09:25:27,1900-01-00 00:00:00,Bilagg,7C:C3:85:9B:D5:E0,-73, WPA2  WPA ,0.000000,0.000000,0.000,0.000,AP
2026-05-20 09:25:27,1900-01-00 00:00:00,Bilagg,7C:C3:85:9B:D5:E0,-71, WPA2  WPA ,0.000000,0.000000,0.000,0.000,AP
2026-05-20 09:25:27,1900-01-00 00:00:00,Bilagg,7C:C3:85:9B:D5:E0,-71, WPA2  WPA ,0.000000,0.000000,0.000,0.000,AP
2026-05-20 09:25:27,1900-01-00 00:00:00,Bilagg,7C:C3:85:9B:D5:E0,-71, WPA2  WPA ,0.000000,0.000000,0.000,0.000,AP
2026-05-20 09:25:27,1900-01-00 00:00:00,Bilagg,7C:C3:85:9B:D5:E0,-73, WPA2  WPA ,0.000000,0.000000,0.000,0.000,AP
2026-05-20 09:25:28,1900-01-00 00:00:00,Bilagg,7C:C3:85:9B:D5:E0,-69, WPA2  WPA ,0.000000,0.000000,0.000,0.000,AP
2026-05-20 09:25:28,1900-01-00 00:00:00,Bilagg,7C:C3:85:9B:D5:E0,-75, WPA2  WPA ,0.000000,0.000000,0.000,0.000,AP
2026-05-20 09:25:28,1900-01-00 00:00:00,Bilagg,7C:C3:85:9B:D5:E0,-75, WPA2  WPA ,0.000000,0.000000,0.000,0.000,AP
2026-05-20 09:25:28,1900-01-00 00:00:00,Bilagg,7C:C3:85:9B:D5:E0,-73, WPA2  WPA ,0.000000,0.000000,0.000,0.000,AP
2026-05-20 09:25:28,1900-01-00 00:00:00,Bilagg,7C:C3:85:9B:D5:E0,-75, WPA2  WPA ,0.000000,0.000000,0.000,0.000,AP
2026-05-20 09:25:28,1900-01-00 00:00:00,Bilagg,7C:C3:85:9B:D5:E0,-75, WPA2  WPA ,0.000000,0.000000,0.000,0.000,AP
2026-05-20 09:25:28,1900-01-00 00:00:00,Bilagg,7C:C3:85:9B:D5:E0,-69, WPA2  WPA ,0.000000,0.000000,0.000,0.000,AP
2026-05-20 09:25:28,1900-01-00 00:00:00,Bilagg,7C:C3:85:9B:D5:E0,-73, WPA2  WPA ,0.000000,0.000000,0.000,0.000,AP
2026-05-20 09:25:28,1900-01-00 00:00:00,Bilagg,7C:C3:85:9B:D5:E0,-71, WPA2  WPA ,0.000000,0.000000,0.000,0.000,AP
2026-05-20 09:25:29,1900-01-00 00:00:00,Bilagg,7C:C3:85:9B:D5:E0,-73, WPA2  WPA ,0.000000,0.000000,0.000,0.000,AP
2026-05-20 09:25:29,1900-01-00 00:00:00,Bilagg,7C:C3:85:9B:D5:E0,-71, WPA2  WPA ,0.000000,0.000000,0.000,0.000,AP
2026-05-20 09:25:29,1900-01-00 00:00:00,Bilagg,7C:C3:85:9B:D5:E0,-69, WPA2  WPA ,0.000000,0.000000,0.000,0.000,AP
2026-05-20 09:25:29,1900-01-00 00:00:00,Bilagg,7C:C3:85:9B:D5:E0,-71, WPA2  WPA ,0.000000,0.000000,0.000,0.000,AP
2026-05-20 09:25:29,1900-01-00 00:00:00,Bilagg,7C:C3:85:9B:D5:E0,-73, WPA2  WPA ,0.000000,0.000000,0.000,0.000,AP
2026-05-20 09:25:29,1900-01-00 00:00:00,Bilagg,7C:C3:85:9B:D5:E0,-75, WPA2  WPA ,0.000000,0.000000,0.000,0.000,AP
2026-05-20 09:25:29,1900-01-00 00:00:00,Bilagg,7C:C3:85:9B:D5:E0,-75, WPA2  WPA ,0.000000,0.000000,0.000,0.000,AP
2026-05-20 09:25:29,1900-01-00 00:00:00,Bilagg,7C:C3:85:9B:D5:E0,-69, WPA2  WPA ,0.000000,0.000000,0.000,0.000,AP
2026-05-20 09:25:29,1900-01-00 00:00:00,Bilagg,7C:C3:85:9B:D5:E0,-71, WPA2  WPA ,0.000000,0.000000,0.000,0.000,AP
2026-05-20 09:25:29,1900-01-00 00:00:00,Bilagg,7C:C3:85:9B:D5:E0,-71, WPA2  WPA ,0.000000,0.000000,0.000,0.000,AP
2026-05-20 09:25:29,1900-01-00 00:00:00,Bilagg,7C:C3:85:9B:D5:E0,-71, WPA2  WPA ,0.000000,0.000000,0.000,0.000,AP
2026-05-20 09:25:29,1900-01-00 00:00:00,Bilagg,7C:C3:85:9B:D5:E0,-73, WPA2  WPA ,0.000000,0.000000,0.000,0.000,AP
2026-05-20 09:25:29,1900-01-00 00:00:00,Bilagg,7C:C3:85:9B:D5:E0,-69, WPA2  WPA ,0.000000,0.000000,0.000,0.000,AP
2026-05-20 09:25:29,1900-01-00 00:00:00,Bilagg,7C:C3:85:9B:D5:E0,-67, WPA2  WPA ,0.000000,0.000000,0.000,0.000,AP
2026-05-20 09:25:30,1900-01-00 00:00:00,Bilagg,7C:C3:85:9B:D5:E0,-75, WPA2  WPA ,0.000000,0.000000,0.000,0.000,AP
2026-05-20 09:25:30,1900-01-00 00:00:00,Bilagg,7C:C3:85:9B:D5:E0,-67, WPA2  WPA ,0.000000,0.000000,0.000,0.000,AP
2026-05-20 09:25:30,1900-01-00 00:00:00,Bilagg,7C:C3:85:9B:D5:E0,-75, WPA2  WPA ,0.000000,0.000000,0.000,0.000,AP
2026-05-20 09:25:30,1900-01-00 00:00:00,Bilagg,7C:C3:85:9B:D5:E0,-71, WPA2  WPA ,0.000000,0.000000,0.000,0.000,AP
2026-05-20 09:25:30,1900-01-00 00:00:00,Bilagg,7C:C3:85:9B:D5:E0,-73, WPA2  WPA ,0.000000,0.000000,0.000,0.000,AP
2026-05-20 09:25:30,1900-01-00 00:00:00,Bilagg,7C:C3:85:9B:D5:E0,-69, WPA2  WPA ,0.000000,0.000000,0.000,0.000,AP
2026-05-20 09:25:30,1900-01-00 00:00:00,Bilagg,7C:C3:85:9B:D5:E0,-75, WPA2  WPA ,0.000000,0.000000,0.000,0.000,AP
2026-05-20 09:25:30,1900-01-00 00:00:00,Bilagg,7C:C3:85:9B:D5:E0,-71, WPA2  WPA ,0.000000,0.000000,0.000,0.000,AP
2026-05-20 09:25:31,1900-01-00 00:00:00,Bilagg,7C:C3:85:9B:D5:E0,-75, WPA2  WPA ,0.000000,0.000000,0.000,0.000,AP
2026-05-20 09:25:31,1900-01-00 00:00:00,Bilagg,7C:C3:85:9B:D5:E0,-69, WPA2  WPA ,0.000000,0.000000,0.000,0.000,AP
2026-05-20 09:25:31,1900-01-00 00:00:00,Bilagg,7C:C3:85:9B:D5:E0,-75, WPA2  WPA ,0.000000,0.000000,0.000,0.000,AP
2026-05-20 09:25:31,1900-01-00 00:00:00,Bilagg,7C:C3:85:9B:D5:E0,-69, WPA2  WPA ,0.000000,0.000000,0.000,0.000,AP
2026-05-20 09:25:31,1900-01-00 00:00:00,Bilagg,7C:C3:85:9B:D5:E0,-85, WPA2  WPA ,0.000000,0.000000,0.000,0.000,AP
2026-05-20 09:25:31,1900-01-00 00:00:00,Bilagg,7C:C3:85:9B:D5:E0,-69, WPA2  WPA ,0.000000,0.000000,0.000,0.000,AP
2026-05-20 09:25:31,1900-01-00 00:00:00,Bilagg,7C:C3:85:9B:D5:E0,-67, WPA2  WPA ,0.000000,0.000000,0.000,0.000,AP
2026-05-20 09:25:31,1900-01-00 00:00:00,Bilagg,7C:C3:85:9B:D5:E0,-71, WPA2  WPA ,0.000000,0.000000,0.000,0.000,AP
2026-05-20 09:25:32,1900-01-00 00:00:00,Bilagg,7C:C3:85:9B:D5:E0,-69, WPA2  WPA ,0.000000,0.000000,0.000,0.000,AP
2026-05-20 09:25:32,1900-01-00 00:00:00,Bilagg,7C:C3:85:9B:D5:E0,-73, WPA2  WPA ,0.000000,0.000000,0.000,0.000,AP
2026-05-20 09:25:32,1900-01-00 00:00:00,Bilagg,7C:C3:85:9B:D5:E0,-69, WPA2  WPA ,0.000000,0.000000,0.000,0.000,AP
2026-05-20 09:25:32,1900-01-00 00:00:00,Bilagg,7C:C3:85:9B:D5:E0,-69, WPA2  WPA ,0.000000,0.000000,0.000,0.000,AP
2026-05-20 09:25:32,1900-01-00 00:00:00,Bilagg,7C:C3:85:9B:D5:E0,-73, WPA2  WPA ,0.000000,0.000000,0.000,0.000,AP
2026-05-20 09:25:32,1900-01-00 00:00:00,Bilagg,7C:C3:85:9B:D5:E0,-73, WPA2  WPA ,0.000000,0.000000,0.000,0.000,AP
2026-05-20 09:25:32,1900-01-00 00:00:00,Bilagg,7C:C3:85:9B:D5:E0,-75, WPA2  WPA ,0.000000,0.000000,0.000,0.000,AP
2026-05-20 09:25:32,1900-01-00 00:00:00,Bilagg,7C:C3:85:9B:D5:E0,-73, WPA2  WPA ,0.000000,0.000000,0.000,0.000,AP
2026-05-20 09:25:33,1900-01-00 00:00:00,Bilagg,7C:C3:85:9B:D5:E0,-73, WPA2  WPA ,0.000000,0.000000,0.000,0.000,AP
2026-05-20 09:25:33,1900-01-00 00:00:00,Bilagg,7C:C3:85:9B:D5:E0,-71, WPA2  WPA ,0.000000,0.000000,0.000,0.000,AP
2026-05-20 09:25:33,1900-01-00 00:00:00,Bilagg,7C:C3:85:9B:D5:E0,-73, WPA2  WPA ,0.000000,0.000000,0.000,0.000,AP
2026-05-20 09:25:33,1900-01-00 00:00:00,Bilagg,7C:C3:85:9B:D5:E0,-69, WPA2  WPA ,0.000000,0.000000,0.000,0.000,AP
2026-05-20 09:25:33,1900-01-00 00:00:00,Bilagg,7C:C3:85:9B:D5:E0,-71, WPA2  WPA ,0.000000,0.000000,0.000,0.000,AP
2026-05-20 09:25:33,1900-01-00 00:00:00,Bilagg,7C:C3:85:9B:D5:E0,-75, WPA2  WPA ,0.000000,0.000000,0.000,0.000,AP
2026-05-20 09:25:33,1900-01-00 00:00:00,Bilagg,7C:C3:85:9B:D5:E0,-73, WPA2  WPA ,0.000000,0.000000,0.000,0.000,AP
2026-05-20 09:25:34,1900-01-00 00:00:00,Bilagg,7C:C3:85:9B:D5:E0,-73, WPA2  WPA ,0.000000,0.000000,0.000,0.000,AP
2026-05-20 09:25:34,1900-01-00 00:00:00,Bilagg,7C:C3:85:9B:D5:E0,-73, WPA2  WPA ,0.000000,0.000000,0.000,0.000,AP
2026-05-20 09:25:34,1900-01-00 00:00:00,Bilagg,7C:C3:85:9B:D5:E0,-77, WPA2  WPA ,0.000000,0.000000,0.000,0.000,AP
2026-05-20 09:25:34,1900-01-00 00:00:00,Bilagg,7C:C3:85:9B:D5:E0,-71, WPA2  WPA ,0.000000,0.000000,0.000,0.000,AP
2026-05-20 09:25:34,1900-01-00 00:00:00,Bilagg,7C:C3:85:9B:D5:E0,-73, WPA2  WPA ,0.000000,0.000000,0.000,0.000,AP
2026-05-20 09:25:34,1900-01-00 00:00:00,Bilagg,7C:C3:85:9B:D5:E0,-75, WPA2  WPA ,0.000000,0.000000,0.000,0.000,AP
2026-05-20 09:25:34,1900-01-00 00:00:00,Bilagg,7C:C3:85:9B:D5:E0,-71, WPA2  WPA ,0.000000,0.000000,0.000,0.000,AP
2026-05-20 09:25:35,1900-01-00 00:00:00,Bilagg,7C:C3:85:9B:D5:E0,-73, WPA2  WPA ,0.000000,0.000000,0.000,0.000,AP
2026-05-20 09:25:35,1900-01-00 00:00:00,Bilagg,7C:C3:85:9B:D5:E0,-71, WPA2  WPA ,0.000000,0.000000,0.000,0.000,AP
2026-05-20 09:25:35,1900-01-00 00:00:00,Bilagg,7C:C3:85:9B:D5:E0,-73, WPA2  WPA ,0.000000,0.000000,0.000,0.000,AP
2026-05-20 09:25:35,1900-01-00 00:00:00,Bilagg,7C:C3:85:9B:D5:E0,-67, WPA2  WPA ,0.000000,0.000000,0.000,0.000,AP
2026-05-20 09:25:35,1900-01-00 00:00:00,Bilagg,7C:C3:85:9B:D5:E0,-75, WPA2  WPA ,0.000000,0.000000,0.000,0.000,AP
2026-05-20 09:25:35,1900-01-00 00:00:00,Bilagg,7C:C3:85:9B:D5:E0,-69, WPA2  WPA ,0.000000,0.000000,0.000,0.000,AP
2026-05-20 09:25:35,1900-01-00 00:00:00,Bilagg,7C:C3:85:9B:D5:E0,-67, WPA2  WPA ,0.000000,0.000000,0.000,0.000,AP
2026-05-20 09:25:35,1900-01-00 00:00:00,Bilagg,7C:C3:85:9B:D5:E0,-75, WPA2  WPA ,0.000000,0.000000,0.000,0.000,AP
2026-05-20 09:25:35,1900-01-00 00:00:00,Bilagg,7C:C3:85:9B:D5:E0,-73, WPA2  WPA ,0.000000,0.000000,0.000,0.000,AP
2026-05-20 09:25:35,1900-01-00 00:00:00,Bilagg,7C:C3:85:9B:D5:E0,-69, WPA2  WPA ,0.000000,0.000000,0.000,0.000,AP
2026-05-20 09:25:35,1900-01-00 00:00:00,Bilagg,7C:C3:85:9B:D5:E0,-69, WPA2  WPA ,0.000000,0.000000,0.000,0.000,AP
2026-05-20 09:25:35,1900-01-00 00:00:00,Bilagg,7C:C3:85:9B:D5:E0,-75, WPA2  WPA ,0.000000,0.000000,0.000,0.000,AP
2026-05-20 09:25:35,1900-01-00 00:00:00,Bilagg,7C:C3:85:9B:D5:E0,-67, WPA2  WPA ,0.000000,0.000000,0.000,0.000,AP
2026-05-20 09:25:35,1900-01-00 00:00:00,Bilagg,7C:C3:85:9B:D5:E0,-75, WPA2  WPA ,0.000000,0.000000,0.000,0.000,AP
2026-05-20 09:25:35,1900-01-00 00:00:00,Bilagg,7C:C3:85:9B:D5:E0,-75, WPA2  WPA ,0.000000,0.000000,0.000,0.000,AP
2026-05-20 09:25:35,1900-01-00 00:00:00,Bilagg,7C:C3:85:9B:D5:E0,-73, WPA2  WPA ,0.000000,0.000000,0.000,0.000,AP
2026-05-20 09:25:35,1900-01-00 00:00:00,Bilagg,7C:C3:85:9B:D5:E0,-71, WPA2  WPA ,0.000000,0.000000,0.000,0.000,AP
2026-05-20 09:25:35,1900-01-00 00:00:00,Bilagg,7C:C3:85:9B:D5:E0,-71, WPA2  WPA ,0.000000,0.000000,0.000,0.000,AP
2026-05-20 09:25:35,1900-01-00 00:00:00,Bilagg,7C:C3:85:9B:D5:E0,-71, WPA2  WPA ,0.000000,0.000000,0.000,0.000,AP
2026-05-20 09:25:36,1900-01-00 00:00:00,Bilagg,7C:C3:85:9B:D5:E0,-73, WPA2  WPA ,0.000000,0.000000,0.000,0.000,AP
2026-05-20 09:25:36,1900-01-00 00:00:00,Bilagg,7C:C3:85:9B:D5:E0,-77, WPA2  WPA ,0.000000,0.000000,0.000,0.000,AP
2026-05-20 09:25:36,1900-01-00 00:00:00,Bilagg,7C:C3:85:9B:D5:E0,-73, WPA2  WPA ,0.000000,0.000000,0.000,0.000,AP
2026-05-20 09:25:36,1900-01-00 00:00:00,Bilagg,7C:C3:85:9B:D5:E0,-71, WPA2  WPA ,0.000000,0.000000,0.000,0.000,AP
2026-05-20 09:25:36,1900-01-00 00:00:00,Bilagg,7C:C3:85:9B:D5:E0,-79, WPA2  WPA ,0.000000,0.000000,0.000,0.000,AP
2026-05-20 09:25:36,1900-01-00 00:00:00,Bilagg,7C:C3:85:9B:D5:E0,-69, WPA2  WPA ,0.000000,0.000000,0.000,0.000,AP
2026-05-20 09:25:37,1900-01-00 00:00:00,Bilagg,7C:C3:85:9B:D5:E0,-77, WPA2  WPA ,0.000000,0.000000,0.000,0.000,AP
2026-05-20 09:25:37,1900-01-00 00:00:00,Bilagg,7C:C3:85:9B:D5:E0,-71, WPA2  WPA ,0.000000,0.000000,0.000,0.000,AP
2026-05-20 09:25:37,1900-01-00 00:00:00,Bilagg,7C:C3:85:9B:D5:E0,-71, WPA2  WPA ,0.000000,0.000000,0.000,0.000,AP
2026-05-20 09:25:37,1900-01-00 00:00:00,Bilagg,7C:C3:85:9B:D5:E0,-67, WPA2  WPA ,0.000000,0.000000,0.000,0.000,AP
2026-05-20 09:25:37,1900-01-00 00:00:00,Bilagg,7C:C3:85:9B:D5:E0,-73, WPA2  WPA ,0.000000,0.000000,0.000,0.000,AP
2026-05-20 09:25:37,1900-01-00 00:00:00,Bilagg,7C:C3:85:9B:D5:E0,-69, WPA2  WPA ,0.000000,0.000000,0.000,0.000,AP
2026-05-20 09:25:37,1900-01-00 00:00:00,Bilagg,7C:C3:85:9B:D5:E0,-73, WPA2  WPA ,0.000000,0.000000,0.000,0.000,AP
2026-05-20 09:25:37,1900-01-00 00:00:00,Bilagg,7C:C3:85:9B:D5:E0,-75, WPA2  WPA ,0.000000,0.000000,0.000,0.000,AP
2026-05-20 09:25:37,1900-01-00 00:00:00,Bilagg,7C:C3:85:9B:D5:E0,-73, WPA2  WPA ,0.000000,0.000000,0.000,0.000,AP
2026-05-20 09:25:38,1900-01-00 00:00:00,Bilagg,7C:C3:85:9B:D5:E0,-67, WPA2  WPA ,0.000000,0.000000,0.000,0.000,AP
2026-05-20 09:25:38,1900-01-00 00:00:00,Bilagg,7C:C3:85:9B:D5:E0,-69, WPA2  WPA ,0.000000,0.000000,0.000,0.000,AP
2026-05-20 09:25:38,1900-01-00 00:00:00,Bilagg,7C:C3:85:9B:D5:E0,-75, WPA2  WPA ,0.000000,0.000000,0.000,0.000,AP
2026-05-20 09:25:38,1900-01-00 00:00:00,Bilagg,7C:C3:85:9B:D5:E0,-77, WPA2  WPA ,0.000000,0.000000,0.000,0.000,AP
2026-05-20 09:25:38,1900-01-00 00:00:00,Bilagg,7C:C3:85:9B:D5:E0,-71, WPA2  WPA ,0.000000,0.000000,0.000,0.000,AP
2026-05-20 09:25:38,1900-01-00 00:00:00,Bilagg,7C:C3:85:9B:D5:E0,-69, WPA2  WPA ,0.000000,0.000000,0.000,0.000,AP
2026-05-20 09:25:38,1900-01-00 00:00:00,Bilagg,7C:C3:85:9B:D5:E0,-73, WPA2  WPA ,0.000000,0.000000,0.000,0.000,AP
2026-05-20 09:25:39,1900-01-00 00:00:00,Bilagg,7C:C3:85:9B:D5:E0,-71, WPA2  WPA ,0.000000,0.000000,0.000,0.000,AP
2026-05-20 09:25:39,1900-01-00 00:00:00,Bilagg,7C:C3:85:9B:D5:E0,-73, WPA2  WPA ,0.000000,0.000000,0.000,0.000,AP
2026-05-20 09:25:39,1900-01-00 00:00:00,Bilagg,7C:C3:85:9B:D5:E0,-93, WPA2  WPA ,0.000000,0.000000,0.000,0.000,AP
2026-05-20 09:25:39,1900-01-00 00:00:00,Bilagg,7C:C3:85:9B:D5:E0,-73, WPA2  WPA ,0.000000,0.000000,0.000,0.000,AP
2026-05-20 09:25:39,1900-01-00 00:00:00,Bilagg,7C:C3:85:9B:D5:E0,-75, WPA2  WPA ,0.000000,0.000000,0.000,0.000,AP
2026-05-20 09:25:39,1900-01-00 00:00:00,Bilagg,7C:C3:85:9B:D5:E0,-71, WPA2  WPA ,0.000000,0.000000,0.000,0.000,AP
2026-05-20 09:25:39,1900-01-00 00:00:00,Bilagg,7C:C3:85:9B:D5:E0,-71, WPA2  WPA ,0.000000,0.000000,0.000,0.000,AP
2026-05-20 09:25:39,1900-01-00 00:00:00,Bilagg,7C:C3:85:9B:D5:E0,-69, WPA2  WPA ,0.000000,0.000000,0.000,0.000,AP
2026-05-20 09:25:40,1900-01-00 00:00:00,Bilagg,7C:C3:85:9B:D5:E0,-69, WPA2  WPA ,0.000000,0.000000,0.000,0.000,AP
2026-05-20 09:25:40,1900-01-00 00:00:00,Bilagg,7C:C3:85:9B:D5:E0,-69, WPA2  WPA ,0.000000,0.000000,0.000,0.000,AP
2026-05-20 09:25:40,1900-01-00 00:00:00,Bilagg,7C:C3:85:9B:D5:E0,-71, WPA2  WPA ,0.000000,0.000000,0.000,0.000,AP
2026-05-20 09:25:40,1900-01-00 00:00:00,Bilagg,7C:C3:85:9B:D5:E0,-69, WPA2  WPA ,0.000000,0.000000,0.000,0.000,AP
2026-05-20 09:25:40,1900-01-00 00:00:00,Bilagg,7C:C3:85:9B:D5:E0,-73, WPA2  WPA ,0.000000,0.000000,0.000,0.000,AP
2026-05-20 09:25:40,1900-01-00 00:00:00,Bilagg,7C:C3:85:9B:D5:E0,-73, WPA2  WPA ,0.000000,0.000000,0.000,0.000,AP
2026-05-20 09:25:40,1900-01-00 00:00:00,Bilagg,7C:C3:85:9B:D5:E0,-71, WPA2  WPA ,0.000000,0.000000,0.000,0.000,AP
2026-05-20 09:25:40,1900-01-00 00:00:00,Bilagg,7C:C3:85:9B:D5:E0,-71, WPA2  WPA ,0.000000,0.000000,0.000,0.000,AP
2026-05-20 09:25:40,1900-01-00 00:00:00,Bilagg,7C:C3:85:9B:D5:E0,-67, WPA2  WPA ,0.000000,0.000000,0.000,0.000,AP
2026-05-20 09:25:41,1900-01-00 00:00:00,Bilagg,7C:C3:85:9B:D5:E0,-73, WPA2  WPA ,0.000000,0.000000,0.000,0.000,AP
2026-05-20 09:25:41,1900-01-00 00:00:00,Bilagg,7C:C3:85:9B:D5:E0,-71, WPA2  WPA ,0.000000,0.000000,0.000,0.000,AP
2026-05-20 09:25:41,1900-01-00 00:00:00,Bilagg,7C:C3:85:9B:D5:E0,-73, WPA2  WPA ,0.000000,0.000000,0.000,0.000,AP
2026-05-20 09:25:41,1900-01-00 00:00:00,Bilagg,7C:C3:85:9B:D5:E0,-73, WPA2  WPA ,0.000000,0.000000,0.000,0.000,AP
2026-05-20 09:25:41,1900-01-00 00:00:00,Bilagg,7C:C3:85:9B:D5:E0,-69, WPA2  WPA ,0.000000,0.000000,0.000,0.000,AP
2026-05-20 09:25:41,1900-01-00 00:00:00,Bilagg,7C:C3:85:9B:D5:E0,-69, WPA2  WPA ,0.000000,0.000000,0.000,0.000,AP
2026-05-20 09:25:41,1900-01-00 00:00:00,Bilagg,7C:C3:85:9B:D5:E0,-75, WPA2  WPA ,0.000000,0.000000,0.000,0.000,AP
2026-05-20 09:25:41,1900-01-00 00:00:00,Bilagg,7C:C3:85:9B:D5:E0,-73, WPA2  WPA ,0.000000,0.000000,0.000,0.000,AP
2026-05-20 09:25:41,1900-01-00 00:00:00,Bilagg,7C:C3:85:9B:D5:E0,-75, WPA2  WPA ,0.000000,0.000000,0.000,0.000,AP
2026-05-20 09:25:41,1900-01-00 00:00:00,Bilagg,7C:C3:85:9B:D5:E0,-77, WPA2  WPA ,0.000000,0.000000,0.000,0.000,AP
2026-05-20 09:25:42,1900-01-00 00:00:00,Bilagg,7C:C3:85:9B:D5:E0,-75, WPA2  WPA ,0.000000,0.000000,0.000,0.000,AP
2026-05-20 09:25:42,1900-01-00 00:00:00,Bilagg,7C:C3:85:9B:D5:E0,-71, WPA2  WPA ,0.000000,0.000000,0.000,0.000,AP
2026-05-20 09:25:42,1900-01-00 00:00:00,Bilagg,7C:C3:85:9B:D5:E0,-93, WPA2  WPA ,0.000000,0.000000,0.000,0.000,AP
2026-05-20 09:25:42,1900-01-00 00:00:00,Bilagg,7C:C3:85:9B:D5:E0,-73, WPA2  WPA ,0.000000,0.000000,0.000,0.000,AP
2026-05-20 09:25:42,1900-01-00 00:00:00,Bilagg,7C:C3:85:9B:D5:E0,-75, WPA2  WPA ,0.000000,0.000000,0.000,0.000,AP
2026-05-20 09:25:42,1900-01-00 00:00:00,Bilagg,7C:C3:85:9B:D5:E0,-69, WPA2  WPA ,0.000000,0.000000,0.000,0.000,AP
2026-05-20 09:25:42,1900-01-00 00:00:00,Bilagg,7C:C3:85:9B:D5:E0,-71, WPA2  WPA ,0.000000,0.000000,0.000,0.000,AP
2026-05-20 09:25:42,1900-01-00 00:00:00,Bilagg,7C:C3:85:9B:D5:E0,-69, WPA2  WPA ,0.000000,0.000000,0.000,0.000,AP
2026-05-20 09:25:43,1900-01-00 00:00:00,Bilagg,7C:C3:85:9B:D5:E0,-65, WPA2  WPA ,0.000000,0.000000,0.000,0.000,AP
2026-05-20 09:25:43,1900-01-00 00:00:00,Bilagg,7C:C3:85:9B:D5:E0,-67, WPA2  WPA ,0.000000,0.000000,0.000,0.000,AP
2026-05-20 09:25:43,1900-01-00 00:00:00,Bilagg,7C:C3:85:9B:D5:E0,-71, WPA2  WPA ,0.000000,0.000000,0.000,0.000,AP
2026-05-20 09:25:43,1900-01-00 00:00:00,Bilagg,7C:C3:85:9B:D5:E0,-71, WPA2  WPA ,0.000000,0.000000,0.000,0.000,AP
2026-05-20 09:25:43,1900-01-00 00:00:00,Bilagg,7C:C3:85:9B:D5:E0,-71, WPA2  WPA ,0.000000,0.000000,0.000,0.000,AP
2026-05-20 09:25:43,1900-01-00 00:00:00,Bilagg,7C:C3:85:9B:D5:E0,-71, WPA2  WPA ,0.000000,0.000000,0.000,0.000,AP
2026-05-20 09:25:43,1900-01-00 00:00:00,Bilagg,7C:C3:85:9B:D5:E0,-67, WPA2  WPA ,0.000000,0.000000,0.000,0.000,AP
2026-05-20 09:25:43,1900-01-00 00:00:00,Bilagg,7C:C3:85:9B:D5:E0,-71, WPA2  WPA ,0.000000,0.000000,0.000,0.000,AP
2026-05-20 09:25:43,1900-01-00 00:00:00,Bilagg,7C:C3:85:9B:D5:E0,-73, WPA2  WPA ,0.000000,0.000000,0.000,0.000,AP
2026-05-20 09:25:44,1900-01-00 00:00:00,Bilagg,7C:C3:85:9B:D5:E0,-75, WPA2  WPA ,0.000000,0.000000,0.000,0.000,AP
2026-05-20 09:25:44,1900-01-00 00:00:00,Bilagg,7C:C3:85:9B:D5:E0,-71, WPA2  WPA ,0.000000,0.000000,0.000,0.000,AP
2026-05-20 09:25:44,1900-01-00 00:00:00,Bilagg,7C:C3:85:9B:D5:E0,-69, WPA2  WPA ,0.000000,0.000000,0.000,0.000,AP
2026-05-20 09:25:44,1900-01-00 00:00:00,Bilagg,7C:C3:85:9B:D5:E0,-71, WPA2  WPA ,0.000000,0.000000,0.000,0.000,AP
2026-05-20 09:25:44,1900-01-00 00:00:00,Bilagg,7C:C3:85:9B:D5:E0,-69, WPA2  WPA ,0.000000,0.000000,0.000,0.000,AP
2026-05-20 09:25:45,1900-01-00 00:00:00,Bilagg,7C:C3:85:9B:D5:E0,-73, WPA2  WPA ,0.000000,0.000000,0.000,0.000,AP
2026-05-20 09:25:45,1900-01-00 00:00:00,Bilagg,7C:C3:85:9B:D5:E0,-69, WPA2  WPA ,0.000000,0.000000,0.000,0.000,AP
2026-05-20 09:25:45,1900-01-00 00:00:00,Bilagg,7C:C3:85:9B:D5:E0,-73, WPA2  WPA ,0.000000,0.000000,0.000,0.000,AP
2026-05-20 09:25:45,1900-01-00 00:00:00,Bilagg,7C:C3:85:9B:D5:E0,-73, WPA2  WPA ,0.000000,0.000000,0.000,0.000,AP
2026-05-20 09:25:45,1900-01-00 00:00:00,Bilagg,7C:C3:85:9B:D5:E0,-69, WPA2  WPA ,0.000000,0.000000,0.000,0.000,AP
2026-05-20 09:25:45,1900-01-00 00:00:00,Bilagg,7C:C3:85:9B:D5:E0,-69, WPA2  WPA ,0.000000,0.000000,0.000,0.000,AP
2026-05-20 09:25:45,1900-01-00 00:00:00,Bilagg,7C:C3:85:9B:D5:E0,-73, WPA2  WPA ,0.000000,0.000000,0.000,0.000,AP
2026-05-20 09:25:45,1900-01-00 00:00:00,Bilagg,7C:C3:85:9B:D5:E0,-73, WPA2  WPA ,0.000000,0.000000,0.000,0.000,AP
2026-05-20 09:25:46,1900-01-00 00:00:00,Bilagg,7C:C3:85:9B:D5:E0,-71, WPA2  WPA ,0.000000,0.000000,0.000,0.000,AP
2026-05-20 09:25:46,1900-01-00 00:00:00,Bilagg,7C:C3:85:9B:D5:E0,-71, WPA2  WPA ,0.000000,0.000000,0.000,0.000,AP
2026-05-20 09:25:46,1900-01-00 00:00:00,Bilagg,7C:C3:85:9B:D5:E0,-73, WPA2  WPA ,0.000000,0.000000,0.000,0.000,AP
2026-05-20 09:25:46,1900-01-00 00:00:00,Bilagg,7C:C3:85:9B:D5:E0,-71, WPA2  WPA ,0.000000,0.000000,0.000,0.000,AP
2026-05-20 09:25:46,1900-01-00 00:00:00,Bilagg,7C:C3:85:9B:D5:E0,-73, WPA2  WPA ,0.000000,0.000000,0.000,0.000,AP
2026-05-20 09:25:46,1900-01-00 00:00:00,Bilagg,7C:C3:85:9B:D5:E0,-67, WPA2  WPA ,0.000000,0.000000,0.000,0.000,AP
2026-05-20 09:25:46,1900-01-00 00:00:00,Bilagg,7C:C3:85:9B:D5:E0,-69, WPA2  WPA ,0.000000,0.000000,0.000,0.000,AP
2026-05-20 09:25:46,1900-01-00 00:00:00,Bilagg,7C:C3:85:9B:D5:E0,-75, WPA2  WPA ,0.000000,0.000000,0.000,0.000,AP
2026-05-20 09:25:46,1900-01-00 00:00:00,Bilagg,7C:C3:85:9B:D5:E0,-71, WPA2  WPA ,0.000000,0.000000,0.000,0.000,AP
2026-05-20 09:25:47,1900-01-00 00:00:00,Bilagg,7C:C3:85:9B:D5:E0,-75, WPA2  WPA ,0.000000,0.000000,0.000,0.000,AP
2026-05-20 09:25:47,1900-01-00 00:00:00,Bilagg,7C:C3:85:9B:D5:E0,-69, WPA2  WPA ,0.000000,0.000000,0.000,0.000,AP
2026-05-20 09:25:47,1900-01-00 00:00:00,Bilagg,7C:C3:85:9B:D5:E0,-71, WPA2  WPA ,0.000000,0.000000,0.000,0.000,AP
2026-05-20 09:25:47,1900-01-00 00:00:00,Bilagg,7C:C3:85:9B:D5:E0,-65, WPA2  WPA ,0.000000,0.000000,0.000,0.000,AP
2026-05-20 09:25:47,1900-01-00 00:00:00,Bilagg,7C:C3:85:9B:D5:E0,-75, WPA2  WPA ,0.000000,0.000000,0.000,0.000,AP
2026-05-20 09:25:47,1900-01-00 00:00:00,Bilagg,7C:C3:85:9B:D5:E0,-69, WPA2  WPA ,0.000000,0.000000,0.000,0.000,AP
2026-05-20 09:25:47,1900-01-00 00:00:00,Bilagg,7C:C3:85:9B:D5:E0,-73, WPA2  WPA ,0.000000,0.000000,0.000,0.000,AP
2026-05-20 09:25:47,1900-01-00 00:00:00,Bilagg,7C:C3:85:9B:D5:E0,-73, WPA2  WPA ,0.000000,0.000000,0.000,0.000,AP
2026-05-20 09:25:48,1900-01-00 00:00:00,Bilagg,7C:C3:85:9B:D5:E0,-65, WPA2  WPA ,0.000000,0.000000,0.000,0.000,AP
2026-05-20 09:25:48,1900-01-00 00:00:00,Bilagg,7C:C3:85:9B:D5:E0,-71, WPA2  WPA ,0.000000,0.000000,0.000,0.000,AP
2026-05-20 09:25:48,1900-01-00 00:00:00,Bilagg,7C:C3:85:9B:D5:E0,-73, WPA2  WPA ,0.000000,0.000000,0.000,0.000,AP
2026-05-20 09:25:48,1900-01-00 00:00:00,Bilagg,7C:C3:85:9B:D5:E0,-69, WPA2  WPA ,0.000000,0.000000,0.000,0.000,AP
2026-05-20 09:25:48,1900-01-00 00:00:00,Bilagg,7C:C3:85:9B:D5:E0,-69, WPA2  WPA ,0.000000,0.000000,0.000,0.000,AP
2026-05-20 09:25:48,1900-01-00 00:00:00,Bilagg,7C:C3:85:9B:D5:E0,-75, WPA2  WPA ,0.000000,0.000000,0.000,0.000,AP
2026-05-20 09:25:48,1900-01-00 00:00:00,Bilagg,7C:C3:85:9B:D5:E0,-69, WPA2  WPA ,0.000000,0.000000,0.000,0.000,AP
2026-05-20 09:25:48,1900-01-00 00:00:00,Bilagg,7C:C3:85:9B:D5:E0,-69, WPA2  WPA ,0.000000,0.000000,0.000,0.000,AP
2026-05-20 09:25:48,1900-01-00 00:00:00,Bilagg,7C:C3:85:9B:D5:E0,-75, WPA2  WPA ,0.000000,0.000000,0.000,0.000,AP
2026-05-20 09:25:48,1900-01-00 00:00:00,Bilagg,7C:C3:85:9B:D5:E0,-69, WPA2  WPA ,0.000000,0.000000,0.000,0.000,AP
2026-05-20 09:25:48,1900-01-00 00:00:00,Bilagg,7C:C3:85:9B:D5:E0,-75, WPA2  WPA ,0.000000,0.000000,0.000,0.000,AP
2026-05-20 09:25:48,1900-01-00 00:00:00,Bilagg,7C:C3:85:9B:D5:E0,-71, WPA2  WPA ,0.000000,0.000000,0.000,0.000,AP
2026-05-20 09:25:48,1900-01-00 00:00:00,Bilagg,7C:C3:85:9B:D5:E0,-75, WPA2  WPA ,0.000000,0.000000,0.000,0.000,AP
2026-05-20 09:25:48,1900-01-00 00:00:00,Bilagg,7C:C3:85:9B:D5:E0,-69, WPA2  WPA ,0.000000,0.000000,0.000,0.000,AP
2026-05-20 09:25:48,1900-01-00 00:00:00,Bilagg,7C:C3:85:9B:D5:E0,-69, WPA2  WPA ,0.000000,0.000000,0.000,0.000,AP
2026-05-20 09:25:48,1900-01-00 00:00:00,Bilagg,7C:C3:85:9B:D5:E0,-75, WPA2  WPA ,0.000000,0.000000,0.000,0.000,AP
2026-05-20 09:25:48,1900-01-00 00:00:00,Bilagg,7C:C3:85:9B:D5:E0,-67, WPA2  WPA ,0.000000,0.000000,0.000,0.000,AP
2026-05-20 09:25:48,1900-01-00 00:00:00,Bilagg,7C:C3:85:9B:D5:E0,-75, WPA2  WPA ,0.000000,0.000000,0.000,0.000,AP
2026-05-20 09:25:49,1900-01-00 00:00:00,Bilagg,7C:C3:85:9B:D5:E0,-73, WPA2  WPA ,0.000000,0.000000,0.000,0.000,AP
2026-05-20 09:25:49,1900-01-00 00:00:00,Bilagg,7C:C3:85:9B:D5:E0,-69, WPA2  WPA ,0.000000,0.000000,0.000,0.000,AP
2026-05-20 09:25:49,1900-01-00 00:00:00,Bilagg,7C:C3:85:9B:D5:E0,-73, WPA2  WPA ,0.000000,0.000000,0.000,0.000,AP
2026-05-20 09:25:49,1900-01-00 00:00:00,Bilagg,7C:C3:85:9B:D5:E0,-69, WPA2  WPA ,0.000000,0.000000,0.000,0.000,AP
2026-05-20 09:25:49,1900-01-00 00:00:00,Bilagg,7C:C3:85:9B:D5:E0,-71, WPA2  WPA ,0.000000,0.000000,0.000,0.000,AP
2026-05-20 09:25:49,1900-01-00 00:00:00,Bilagg,7C:C3:85:9B:D5:E0,-75, WPA2  WPA ,0.000000,0.000000,0.000,0.000,AP
2026-05-20 09:25:50,1900-01-00 00:00:00,Bilagg,7C:C3:85:9B:D5:E0,-67, WPA2  WPA ,0.000000,0.000000,0.000,0.000,AP
2026-05-20 09:25:50,1900-01-00 00:00:00,Bilagg,7C:C3:85:9B:D5:E0,-71, WPA2  WPA ,0.000000,0.000000,0.000,0.000,AP
2026-05-20 09:25:50,1900-01-00 00:00:00,Bilagg,7C:C3:85:9B:D5:E0,-71, WPA2  WPA ,0.000000,0.000000,0.000,0.000,AP
2026-05-20 09:25:50,1900-01-00 00:00:00,Bilagg,7C:C3:85:9B:D5:E0,-73, WPA2  WPA ,0.000000,0.000000,0.000,0.000,AP
2026-05-20 09:25:50,1900-01-00 00:00:00,Bilagg,7C:C3:85:9B:D5:E0,-71, WPA2  WPA ,0.000000,0.000000,0.000,0.000,AP
2026-05-20 09:25:50,1900-01-00 00:00:00,Bilagg,7C:C3:85:9B:D5:E0,-69, WPA2  WPA ,0.000000,0.000000,0.000,0.000,AP
2026-05-20 09:25:50,1900-01-00 00:00:00,Bilagg,7C:C3:85:9B:D5:E0,-69, WPA2  WPA ,0.000000,0.000000,0.000,0.000,AP
2026-05-20 09:25:50,1900-01-00 00:00:00,Bilagg,7C:C3:85:9B:D5:E0,-75, WPA2  WPA ,0.000000,0.000000,0.000,0.000,AP
2026-05-20 09:25:50,1900-01-00 00:00:00,Bilagg,7C:C3:85:9B:D5:E0,-73, WPA2  WPA ,0.000000,0.000000,0.000,0.000,AP
2026-05-20 09:25:50,1900-01-00 00:00:00,Bilagg,7C:C3:85:9B:D5:E0,-67, WPA2  WPA ,0.000000,0.000000,0.000,0.000,AP
2026-05-20 09:25:50,1900-01-00 00:00:00,Bilagg,7C:C3:85:9B:D5:E0,-71, WPA2  WPA ,0.000000,0.000000,0.000,0.000,AP
2026-05-20 09:25:50,1900-01-00 00:00:00,Bilagg,7C:C3:85:9B:D5:E0,-73, WPA2  WPA ,0.000000,0.000000,0.000,0.000,AP
2026-05-20 09:25:50,1900-01-00 00:00:00,Bilagg,7C:C3:85:9B:D5:E0,-67, WPA2  WPA ,0.000000,0.000000,0.000,0.000,AP
2026-05-20 09:25:51,1900-01-00 00:00:00,Bilagg,7C:C3:85:9B:D5:E0,-71, WPA2  WPA ,0.000000,0.000000,0.000,0.000,AP
2026-05-20 09:25:51,1900-01-00 00:00:00,Bilagg,7C:C3:85:9B:D5:E0,-73, WPA2  WPA ,0.000000,0.000000,0.000,0.000,AP
2026-05-20 09:25:51,1900-01-00 00:00:00,Bilagg,7C:C3:85:9B:D5:E0,-71, WPA2  WPA ,0.000000,0.000000,0.000,0.000,AP
2026-05-20 09:25:51,1900-01-00 00:00:00,Bilagg,7C:C3:85:9B:D5:E0,-67, WPA2  WPA ,0.000000,0.000000,0.000,0.000,AP
2026-05-20 09:25:51,1900-01-00 00:00:00,Bilagg,7C:C3:85:9B:D5:E0,-77, WPA2  WPA ,0.000000,0.000000,0.000,0.000,AP
2026-05-20 09:25:51,1900-01-00 00:00:00,Bilagg,7C:C3:85:9B:D5:E0,-67, WPA2  WPA ,0.000000,0.000000,0.000,0.000,AP
2026-05-20 09:25:51,1900-01-00 00:00:00,Bilagg,7C:C3:85:9B:D5:E0,-75, WPA2  WPA ,0.000000,0.000000,0.000,0.000,AP
2026-05-20 09:25:51,1900-01-00 00:00:00,Bilagg,7C:C3:85:9B:D5:E0,-67, WPA2  WPA ,0.000000,0.000000,0.000,0.000,AP
2026-05-20 09:25:51,1900-01-00 00:00:00,Bilagg,7C:C3:85:9B:D5:E0,-69, WPA2  WPA ,0.000000,0.000000,0.000,0.000,AP
2026-05-20 09:25:52,1900-01-00 00:00:00,Bilagg,7C:C3:85:9B:D5:E0,-67, WPA2  WPA ,0.000000,0.000000,0.000,0.000,AP
2026-05-20 09:25:52,1900-01-00 00:00:00,Bilagg,7C:C3:85:9B:D5:E0,-67, WPA2  WPA ,0.000000,0.000000,0.000,0.000,AP
2026-05-20 09:25:52,1900-01-00 00:00:00,Bilagg,7C:C3:85:9B:D5:E0,-71, WPA2  WPA ,0.000000,0.000000,0.000,0.000,AP
2026-05-20 09:25:52,1900-01-00 00:00:00,Bilagg,7C:C3:85:9B:D5:E0,-75, WPA2  WPA ,0.000000,0.000000,0.000,0.000,AP
2026-05-20 09:25:52,1900-01-00 00:00:00,Bilagg,7C:C3:85:9B:D5:E0,-71, WPA2  WPA ,0.000000,0.000000,0.000,0.000,AP
2026-05-20 09:25:52,1900-01-00 00:00:00,Bilagg,7C:C3:85:9B:D5:E0,-69, WPA2  WPA ,0.000000,0.000000,0.000,0.000,AP
2026-05-20 09:25:53,1900-01-00 00:00:00,Bilagg,7C:C3:85:9B:D5:E0,-75, WPA2  WPA ,0.000000,0.000000,0.000,0.000,AP
2026-05-20 09:25:53,1900-01-00 00:00:00,Bilagg,7C:C3:85:9B:D5:E0,-73, WPA2  WPA ,0.000000,0.000000,0.000,0.000,AP
2026-05-20 09:25:53,1900-01-00 00:00:00,Bilagg,7C:C3:85:9B:D5:E0,-71, WPA2  WPA ,0.000000,0.000000,0.000,0.000,AP
2026-05-20 09:25:53,1900-01-00 00:00:00,Bilagg,7C:C3:85:9B:D5:E0,-71, WPA2  WPA ,0.000000,0.000000,0.000,0.000,AP
2026-05-20 09:25:53,1900-01-00 00:00:00,Bilagg,7C:C3:85:9B:D5:E0,-73, WPA2  WPA ,0.000000,0.000000,0.000,0.000,AP
2026-05-20 09:25:53,1900-01-00 00:00:00,Bilagg,7C:C3:85:9B:D5:E0,-71, WPA2  WPA ,0.000000,0.000000,0.000,0.000,AP
2026-05-20 09:25:53,1900-01-00 00:00:00,Bilagg,7C:C3:85:9B:D5:E0,-73, WPA2  WPA ,0.000000,0.000000,0.000,0.000,AP
2026-05-20 09:25:53,1900-01-00 00:00:00,Bilagg,7C:C3:85:9B:D5:E0,-75, WPA2  WPA ,0.000000,0.000000,0.000,0.000,AP
2026-05-20 09:25:53,1900-01-00 00:00:00,Bilagg,7C:C3:85:9B:D5:E0,-69, WPA2  WPA ,0.000000,0.000000,0.000,0.000,AP
2026-05-20 09:25:53,1900-01-00 00:00:00,Bilagg,7C:C3:85:9B:D5:E0,-73, WPA2  WPA ,0.000000,0.000000,0.000,0.000,AP
2026-05-20 09:25:53,1900-01-00 00:00:00,Bilagg,7C:C3:85:9B:D5:E0,-93, WPA2  WPA ,0.000000,0.000000,0.000,0.000,AP
2026-05-20 09:25:54,1900-01-00 00:00:00,Bilagg,7C:C3:85:9B:D5:E0,-69, WPA2  WPA ,0.000000,0.000000,0.000,0.000,AP
2026-05-20 09:25:54,1900-01-00 00:00:00,Bilagg,7C:C3:85:9B:D5:E0,-71, WPA2  WPA ,0.000000,0.000000,0.000,0.000,AP
2026-05-20 09:25:54,1900-01-00 00:00:00,Bilagg,7C:C3:85:9B:D5:E0,-69, WPA2  WPA ,0.000000,0.000000,0.000,0.000,AP
2026-05-20 09:25:54,1900-01-00 00:00:00,Bilagg,7C:C3:85:9B:D5:E0,-77, WPA2  WPA ,0.000000,0.000000,0.000,0.000,AP
2026-05-20 09:25:54,1900-01-00 00:00:00,Bilagg,7C:C3:85:9B:D5:E0,-73, WPA2  WPA ,0.000000,0.000000,0.000,0.000,AP
2026-05-20 09:25:54,1900-01-00 00:00:00,Bilagg,7C:C3:85:9B:D5:E0,-75, WPA2  WPA ,0.000000,0.000000,0.000,0.000,AP
2026-05-20 09:25:54,1900-01-00 00:00:00,Bilagg,7C:C3:85:9B:D5:E0,-69, WPA2  WPA ,0.000000,0.000000,0.000,0.000,AP
2026-05-20 09:25:54,1900-01-00 00:00:00,Bilagg,7C:C3:85:9B:D5:E0,-79, WPA2  WPA ,0.000000,0.000000,0.000,0.000,AP
2026-05-20 09:25:54,1900-01-00 00:00:00,Bilagg,7C:C3:85:9B:D5:E0,-69, WPA2  WPA ,0.000000,0.000000,0.000,0.000,AP
2026-05-20 09:25:54,1900-01-00 00:00:00,Bilagg,7C:C3:85:9B:D5:E0,-67, WPA2  WPA ,0.000000,0.000000,0.000,0.000,AP
2026-05-20 09:25:54,1900-01-00 00:00:00,Bilagg,7C:C3:85:9B:D5:E0,-73, WPA2  WPA ,0.000000,0.000000,0.000,0.000,AP
2026-05-20 09:25:54,1900-01-00 00:00:00,Bilagg,7C:C3:85:9B:D5:E0,-67, WPA2  WPA ,0.000000,0.000000,0.000,0.000,AP
2026-05-20 09:25:55,1900-01-00 00:00:00,Bilagg,7C:C3:85:9B:D5:E0,-71, WPA2  WPA ,0.000000,0.000000,0.000,0.000,AP
2026-05-20 09:25:55,1900-01-00 00:00:00,Bilagg,7C:C3:85:9B:D5:E0,-67, WPA2  WPA ,0.000000,0.000000,0.000,0.000,AP
2026-05-20 09:25:55,1900-01-00 00:00:00,Bilagg,7C:C3:85:9B:D5:E0,-75, WPA2  WPA ,0.000000,0.000000,0.000,0.000,AP
2026-05-20 09:25:55,1900-01-00 00:00:00,Bilagg,7C:C3:85:9B:D5:E0,-71, WPA2  WPA ,0.000000,0.000000,0.000,0.000,AP
2026-05-20 09:25:55,1900-01-00 00:00:00,Bilagg,7C:C3:85:9B:D5:E0,-73, WPA2  WPA ,0.000000,0.000000,0.000,0.000,AP
2026-05-20 09:25:55,1900-01-00 00:00:00,Bilagg,7C:C3:85:9B:D5:E0,-73, WPA2  WPA ,0.000000,0.000000,0.000,0.000,AP
2026-05-20 09:25:55,1900-01-00 00:00:00,Bilagg,7C:C3:85:9B:D5:E0,-71, WPA2  WPA ,0.000000,0.000000,0.000,0.000,AP
2026-05-20 09:25:55,1900-01-00 00:00:00,Bilagg,7C:C3:85:9B:D5:E0,-75, WPA2  WPA ,0.000000,0.000000,0.000,0.000,AP
2026-05-20 09:25:55,1900-01-00 00:00:00,Bilagg,7C:C3:85:9B:D5:E0,-69, WPA2  WPA ,0.000000,0.000000,0.000,0.000,AP
2026-05-20 09:25:55,1900-01-00 00:00:00,Bilagg,7C:C3:85:9B:D5:E0,-71, WPA2  WPA ,0.000000,0.000000,0.000,0.000,AP
2026-05-20 09:25:55,1900-01-00 00:00:00,Bilagg,7C:C3:85:9B:D5:E0,-69, WPA2  WPA ,0.000000,0.000000,0.000,0.000,AP
2026-05-20 09:25:55,1900-01-00 00:00:00,Bilagg,7C:C3:85:9B:D5:E0,-69, WPA2  WPA ,0.000000,0.000000,0.000,0.000,AP
2026-05-20 09:25:55,1900-01-00 00:00:00,Bilagg,7C:C3:85:9B:D5:E0,-71, WPA2  WPA ,0.000000,0.000000,0.000,0.000,AP
2026-05-20 09:25:55,1900-01-00 00:00:00,Bilagg,7C:C3:85:9B:D5:E0,-71, WPA2  WPA ,0.000000,0.000000,0.000,0.000,AP
2026-05-20 09:25:55,1900-01-00 00:00:00,Bilagg,7C:C3:85:9B:D5:E0,-73, WPA2  WPA ,0.000000,0.000000,0.000,0.000,AP
2026-05-20 09:25:55,1900-01-00 00:00:00,Bilagg,7C:C3:85:9B:D5:E0,-71, WPA2  WPA ,0.000000,0.000000,0.000,0.000,AP
2026-05-20 09:25:55,1900-01-00 00:00:00,Bilagg,7C:C3:85:9B:D5:E0,-73, WPA2  WPA ,0.000000,0.000000,0.000,0.000,AP
2026-05-20 09:25:55,1900-01-00 00:00:00,Bilagg,7C:C3:85:9B:D5:E0,-71, WPA2  WPA ,0.000000,0.000000,0.000,0.000,AP
2026-05-20 09:25:55,1900-01-00 00:00:00,Bilagg,7C:C3:85:9B:D5:E0,-69, WPA2  WPA ,0.000000,0.000000,0.000,0.000,AP
2026-05-20 09:25:55,1900-01-00 00:00:00,Bilagg,7C:C3:85:9B:D5:E0,-69, WPA2  WPA ,0.000000,0.000000,0.000,0.000,AP
2026-05-20 09:25:55,1900-01-00 00:00:00,Bilagg,7C:C3:85:9B:D5:E0,-71, WPA2  WPA ,0.000000,0.000000,0.000,0.000,AP
2026-05-20 09:25:55,1900-01-00 00:00:00,Bilagg,7C:C3:85:9B:D5:E0,-73, WPA2  WPA ,0.000000,0.000000,0.000,0.000,AP
2026-05-20 09:25:55,1900-01-00 00:00:00,Bilagg,7C:C3:85:9B:D5:E0,-71, WPA2  WPA ,0.000000,0.000000,0.000,0.000,AP
2026-05-20 09:25:55,1900-01-00 00:00:00,Bilagg,7C:C3:85:9B:D5:E0,-71, WPA2  WPA ,0.000000,0.000000,0.000,0.000,AP
2026-05-20 09:25:56,1900-01-00 00:00:00,Bilagg,7C:C3:85:9B:D5:E0,-73, WPA2  WPA ,0.000000,0.000000,0.000,0.000,AP
2026-05-20 09:25:56,1900-01-00 00:00:00,Bilagg,7C:C3:85:9B:D5:E0,-77, WPA2  WPA ,0.000000,0.000000,0.000,0.000,AP
2026-05-20 09:25:56,1900-01-00 00:00:00,Bilagg,7C:C3:85:9B:D5:E0,-73, WPA2  WPA ,0.000000,0.000000,0.000,0.000,AP
2026-05-20 09:25:56,1900-01-00 00:00:00,Bilagg,7C:C3:85:9B:D5:E0,-73, WPA2  WPA ,0.000000,0.000000,0.000,0.000,AP
2026-05-20 09:25:56,1900-01-00 00:00:00,Bilagg,7C:C3:85:9B:D5:E0,-67, WPA2  WPA ,0.000000,0.000000,0.000,0.000,AP
2026-05-20 09:25:56,1900-01-00 00:00:00,Bilagg,7C:C3:85:9B:D5:E0,-75, WPA2  WPA ,0.000000,0.000000,0.000,0.000,AP
2026-05-20 09:25:56,1900-01-00 00:00:00,Bilagg,7C:C3:85:9B:D5:E0,-71, WPA2  WPA ,0.000000,0.000000,0.000,0.000,AP
2026-05-20 09:25:56,1900-01-00 00:00:00,Bilagg,7C:C3:85:9B:D5:E0,-75, WPA2  WPA ,0.000000,0.000000,0.000,0.000,AP
2026-05-20 09:25:56,1900-01-00 00:00:00,Bilagg,7C:C3:85:9B:D5:E0,-71, WPA2  WPA ,0.000000,0.000000,0.000,0.000,AP
2026-05-20 09:25:56,1900-01-00 00:00:00,Bilagg,7C:C3:85:9B:D5:E0,-69, WPA2  WPA ,0.000000,0.000000,0.000,0.000,AP
2026-05-20 09:25:57,1900-01-00 00:00:00,Bilagg,7C:C3:85:9B:D5:E0,-69, WPA2  WPA ,0.000000,0.000000,0.000,0.000,AP
2026-05-20 09:25:57,1900-01-00 00:00:00,Bilagg,7C:C3:85:9B:D5:E0,-71, WPA2  WPA ,0.000000,0.000000,0.000,0.000,AP
2026-05-20 09:25:57,1900-01-00 00:00:00,Bilagg,7C:C3:85:9B:D5:E0,-67, WPA2  WPA ,0.000000,0.000000,0.000,0.000,AP
2026-05-20 09:25:57,1900-01-00 00:00:00,Bilagg,7C:C3:85:9B:D5:E0,-69, WPA2  WPA ,0.000000,0.000000,0.000,0.000,AP
2026-05-20 09:25:57,1900-01-00 00:00:00,Bilagg,7C:C3:85:9B:D5:E0,-69, WPA2  WPA ,0.000000,0.000000,0.000,0.000,AP
2026-05-20 09:25:57,1900-01-00 00:00:00,Bilagg,7C:C3:85:9B:D5:E0,-71, WPA2  WPA ,0.000000,0.000000,0.000,0.000,AP
2026-05-20 09:25:57,1900-01-00 00:00:00,Bilagg,7C:C3:85:9B:D5:E0,-75, WPA2  WPA ,0.000000,0.000000,0.000,0.000,AP
2026-05-20 09:25:57,1900-01-00 00:00:00,Bilagg,7C:C3:85:9B:D5:E0,-73, WPA2  WPA ,0.000000,0.000000,0.000,0.000,AP
2026-05-20 09:25:57,1900-01-00 00:00:00,Bilagg,7C:C3:85:9B:D5:E0,-65, WPA2  WPA ,0.000000,0.000000,0.000,0.000,AP
2026-05-20 09:25:58,1900-01-00 00:00:00,Bilagg,7C:C3:85:9B:D5:E0,-73, WPA2  WPA ,0.000000,0.000000,0.000,0.000,AP
2026-05-20 09:25:58,1900-01-00 00:00:00,Bilagg,7C:C3:85:9B:D5:E0,-69, WPA2  WPA ,0.000000,0.000000,0.000,0.000,AP
2026-05-20 09:25:58,1900-01-00 00:00:00,Bilagg,7C:C3:85:9B:D5:E0,-71, WPA2  WPA ,0.000000,0.000000,0.000,0.000,AP
2026-05-20 09:25:58,1900-01-00 00:00:00,Bilagg,7C:C3:85:9B:D5:E0,-73, WPA2  WPA ,0.000000,0.000000,0.000,0.000,AP
2026-05-20 09:25:58,1900-01-00 00:00:00,Bilagg,7C:C3:85:9B:D5:E0,-73, WPA2  WPA ,0.000000,0.000000,0.000,0.000,AP
2026-05-20 09:25:58,1900-01-00 00:00:00,Bilagg,7C:C3:85:9B:D5:E0,-69, WPA2  WPA ,0.000000,0.000000,0.000,0.000,AP
2026-05-20 09:25:58,1900-01-00 00:00:00,Bilagg,7C:C3:85:9B:D5:E0,-73, WPA2  WPA ,0.000000,0.000000,0.000,0.000,AP
2026-05-20 09:25:59,1900-01-00 00:00:00,Bilagg,7C:C3:85:9B:D5:E0,-73, WPA2  WPA ,0.000000,0.000000,0.000,0.000,AP
2026-05-20 09:25:59,1900-01-00 00:00:00,Bilagg,7C:C3:85:9B:D5:E0,-71, WPA2  WPA ,0.000000,0.000000,0.000,0.000,AP
2026-05-20 09:25:59,1900-01-00 00:00:00,Bilagg,7C:C3:85:9B:D5:E0,-67, WPA2  WPA ,0.000000,0.000000,0.000,0.000,AP
2026-05-20 09:25:59,1900-01-00 00:00:00,Bilagg,7C:C3:85:9B:D5:E0,-73, WPA2  WPA ,0.000000,0.000000,0.000,0.000,AP
2026-05-20 09:25:59,1900-01-00 00:00:00,Bilagg,7C:C3:85:9B:D5:E0,-71, WPA2  WPA ,0.000000,0.000000,0.000,0.000,AP
2026-05-20 09:25:59,1900-01-00 00:00:00,Bilagg,7C:C3:85:9B:D5:E0,-73, WPA2  WPA ,0.000000,0.000000,0.000,0.000,AP
2026-05-20 09:25:59,1900-01-00 00:00:00,Bilagg,7C:C3:85:9B:D5:E0,-73, WPA2  WPA ,0.000000,0.000000,0.000,0.000,AP
2026-05-20 09:25:59,1900-01-00 00:00:00,Bilagg,7C:C3:85:9B:D5:E0,-73, WPA2  WPA ,0.000000,0.000000,0.000,0.000,AP
2026-05-20 09:25:59,1900-01-00 00:00:00,Bilagg,7C:C3:85:9B:D5:E0,-69, WPA2  WPA ,0.000000,0.000000,0.000,0.000,AP
2026-05-20 09:25:59,1900-01-00 00:00:00,Bilagg,7C:C3:85:9B:D5:E0,-75, WPA2  WPA ,0.000000,0.000000,0.000,0.000,AP
2026-05-20 09:26:00,1900-01-00 00:00:00,Bilagg,7C:C3:85:9B:D5:E0,-69, WPA2  WPA ,0.000000,0.000000,0.000,0.000,AP
2026-05-20 09:26:00,1900-01-00 00:00:00,Bilagg,7C:C3:85:9B:D5:E0,-71, WPA2  WPA ,0.000000,0.000000,0.000,0.000,AP
2026-05-20 09:26:00,1900-01-00 00:00:00,Bilagg,7C:C3:85:9B:D5:E0,-71, WPA2  WPA ,0.000000,0.000000,0.000,0.000,AP
2026-05-20 09:26:00,1900-01-00 00:00:00,Bilagg,7C:C3:85:9B:D5:E0,-67, WPA2  WPA ,0.000000,0.000000,0.000,0.000,AP
2026-05-20 09:26:00,1900-01-00 00:00:00,Bilagg,7C:C3:85:9B:D5:E0,-73, WPA2  WPA ,0.000000,0.000000,0.000,0.000,AP
2026-05-20 09:26:00,1900-01-00 00:00:00,Bilagg,7C:C3:85:9B:D5:E0,-73, WPA2  WPA ,0.000000,0.000000,0.000,0.000,AP
2026-05-20 09:26:00,1900-01-00 00:00:00,Bilagg,7C:C3:85:9B:D5:E0,-69, WPA2  WPA ,0.000000,0.000000,0.000,0.000,AP
2026-05-20 09:26:00,1900-01-00 00:00:00,Bilagg,7C:C3:85:9B:D5:E0,-73, WPA2  WPA ,0.000000,0.000000,0.000,0.000,AP
2026-05-20 09:26:00,1900-01-00 00:00:00,Bilagg,7C:C3:85:9B:D5:E0,-71, WPA2  WPA ,0.000000,0.000000,0.000,0.000,AP
2026-05-20 09:26:01,1900-01-00 00:00:00,Bilagg,7C:C3:85:9B:D5:E0,-65, WPA2  WPA ,0.000000,0.000000,0.000,0.000,AP
2026-05-20 09:26:01,1900-01-00 00:00:00,Bilagg,7C:C3:85:9B:D5:E0,-75, WPA2  WPA ,0.000000,0.000000,0.000,0.000,AP
2026-05-20 09:26:01,1900-01-00 00:00:00,Bilagg,7C:C3:85:9B:D5:E0,-75, WPA2  WPA ,0.000000,0.000000,0.000,0.000,AP
2026-05-20 09:26:01,1900-01-00 00:00:00,Bilagg,7C:C3:85:9B:D5:E0,-71, WPA2  WPA ,0.000000,0.000000,0.000,0.000,AP
2026-05-20 09:26:01,1900-01-00 00:00:00,Bilagg,7C:C3:85:9B:D5:E0,-67, WPA2  WPA ,0.000000,0.000000,0.000,0.000,AP
2026-05-20 09:26:01,1900-01-00 00:00:00,Bilagg,7C:C3:85:9B:D5:E0,-77, WPA2  WPA ,0.000000,0.000000,0.000,0.000,AP
2026-05-20 09:26:01,1900-01-00 00:00:00,Bilagg,7C:C3:85:9B:D5:E0,-69, WPA2  WPA ,0.000000,0.000000,0.000,0.000,AP
2026-05-20 09:26:01,1900-01-00 00:00:00,Bilagg,7C:C3:85:9B:D5:E0,-77, WPA2  WPA ,0.000000,0.000000,0.000,0.000,AP
2026-05-20 09:26:02,1900-01-00 00:00:00,Bilagg,7C:C3:85:9B:D5:E0,-73, WPA2  WPA ,0.000000,0.000000,0.000,0.000,AP
2026-05-20 09:26:02,1900-01-00 00:00:00,Bilagg,7C:C3:85:9B:D5:E0,-67, WPA2  WPA ,0.000000,0.000000,0.000,0.000,AP
2026-05-20 09:26:02,1900-01-00 00:00:00,Bilagg,7C:C3:85:9B:D5:E0,-79, WPA2  WPA ,0.000000,0.000000,0.000,0.000,AP
2026-05-20 09:26:02,1900-01-00 00:00:00,Bilagg,7C:C3:85:9B:D5:E0,-75, WPA2  WPA ,0.000000,0.000000,0.000,0.000,AP
2026-05-20 09:26:02,1900-01-00 00:00:00,Bilagg,7C:C3:85:9B:D5:E0,-67, WPA2  WPA ,0.000000,0.000000,0.000,0.000,AP
2026-05-20 09:26:02,1900-01-00 00:00:00,Bilagg,7C:C3:85:9B:D5:E0,-71, WPA2  WPA ,0.000000,0.000000,0.000,0.000,AP
2026-05-20 09:26:03,1900-01-00 00:00:00,Bilagg,7C:C3:85:9B:D5:E0,-71, WPA2  WPA ,0.000000,0.000000,0.000,0.000,AP
2026-05-20 09:26:03,1900-01-00 00:00:00,Bilagg,7C:C3:85:9B:D5:E0,-79, WPA2  WPA ,0.000000,0.000000,0.000,0.000,AP
2026-05-20 09:26:03,1900-01-00 00:00:00,Bilagg,7C:C3:85:9B:D5:E0,-73, WPA2  WPA ,0.000000,0.000000,0.000,0.000,AP
2026-05-20 09:26:03,1900-01-00 00:00:00,Bilagg,7C:C3:85:9B:D5:E0,-77, WPA2  WPA ,0.000000,0.000000,0.000,0.000,AP
2026-05-20 09:26:03,1900-01-00 00:00:00,Bilagg,7C:C3:85:9B:D5:E0,-69, WPA2  WPA ,0.000000,0.000000,0.000,0.000,AP
2026-05-20 09:26:03,1900-01-00 00:00:00,Bilagg,7C:C3:85:9B:D5:E0,-75, WPA2  WPA ,0.000000,0.000000,0.000,0.000,AP
2026-05-20 09:26:03,1900-01-00 00:00:00,Bilagg,7C:C3:85:9B:D5:E0,-77, WPA2  WPA ,0.000000,0.000000,0.000,0.000,AP
2026-05-20 09:26:03,1900-01-00 00:00:00,Bilagg,7C:C3:85:9B:D5:E0,-93, WPA2  WPA ,0.000000,0.000000,0.000,0.000,AP
2026-05-20 09:26:03,1900-01-00 00:00:00,Bilagg,7C:C3:85:9B:D5:E0,-75, WPA2  WPA ,0.000000,0.000000,0.000,0.000,AP
2026-05-20 09:26:03,1900-01-00 00:00:00,Bilagg,7C:C3:85:9B:D5:E0,-73, WPA2  WPA ,0.000000,0.000000,0.000,0.000,AP
2026-05-20 09:26:03,1900-01-00 00:00:00,Bilagg,7C:C3:85:9B:D5:E0,-71, WPA2  WPA ,0.000000,0.000000,0.000,0.000,AP
2026-05-20 09:26:03,1900-01-00 00:00:00,Bilagg,7C:C3:85:9B:D5:E0,-73, WPA2  WPA ,0.000000,0.000000,0.000,0.000,AP
2026-05-20 09:26:03,1900-01-00 00:00:00,Bilagg,7C:C3:85:9B:D5:E0,-71, WPA2  WPA ,0.000000,0.000000,0.000,0.000,AP
2026-05-20 09:26:03,1900-01-00 00:00:00,Bilagg,7C:C3:85:9B:D5:E0,-75, WPA2  WPA ,0.000000,0.000000,0.000,0.000,AP
2026-05-20 09:26:04,1900-01-00 00:00:00,Bilagg,7C:C3:85:9B:D5:E0,-67, WPA2  WPA ,0.000000,0.000000,0.000,0.000,AP
2026-05-20 09:26:04,1900-01-00 00:00:00,Bilagg,7C:C3:85:9B:D5:E0,-75, WPA2  WPA ,0.000000,0.000000,0.000,0.000,AP
2026-05-20 09:26:04,1900-01-00 00:00:00,Bilagg,7C:C3:85:9B:D5:E0,-73, WPA2  WPA ,0.000000,0.000000,0.000,0.000,AP
2026-05-20 09:26:04,1900-01-00 00:00:00,Bilagg,7C:C3:85:9B:D5:E0,-75, WPA2  WPA ,0.000000,0.000000,0.000,0.000,AP
2026-05-20 09:26:04,1900-01-00 00:00:00,Bilagg,7C:C3:85:9B:D5:E0,-73, WPA2  WPA ,0.000000,0.000000,0.000,0.000,AP
2026-05-20 09:26:04,1900-01-00 00:00:00,Bilagg,7C:C3:85:9B:D5:E0,-77, WPA2  WPA ,0.000000,0.000000,0.000,0.000,AP
2026-05-20 09:26:05,1900-01-00 00:00:00,Bilagg,7C:C3:85:9B:D5:E0,-77, WPA2  WPA ,0.000000,0.000000,0.000,0.000,AP
2026-05-20 09:26:05,1900-01-00 00:00:00,Bilagg,7C:C3:85:9B:D5:E0,-69, WPA2  WPA ,0.000000,0.000000,0.000,0.000,AP
2026-05-20 09:26:05,1900-01-00 00:00:00,Bilagg,7C:C3:85:9B:D5:E0,-69, WPA2  WPA ,0.000000,0.000000,0.000,0.000,AP
2026-05-20 09:26:05,1900-01-00 00:00:00,Bilagg,7C:C3:85:9B:D5:E0,-73, WPA2  WPA ,0.000000,0.000000,0.000,0.000,AP
2026-05-20 09:26:05,1900-01-00 00:00:00,Bilagg,7C:C3:85:9B:D5:E0,-69, WPA2  WPA ,0.000000,0.000000,0.000,0.000,AP
2026-05-20 09:26:05,1900-01-00 00:00:00,Bilagg,7C:C3:85:9B:D5:E0,-71, WPA2  WPA ,0.000000,0.000000,0.000,0.000,AP
2026-05-20 09:26:06,1900-01-00 00:00:00,Bilagg,7C:C3:85:9B:D5:E0,-75, WPA2  WPA ,0.000000,0.000000,0.000,0.000,AP
2026-05-20 09:26:06,1900-01-00 00:00:00,Bilagg,7C:C3:85:9B:D5:E0,-73, WPA2  WPA ,0.000000,0.000000,0.000,0.000,AP
2026-05-20 09:26:06,1900-01-00 00:00:00,Bilagg,7C:C3:85:9B:D5:E0,-77, WPA2  WPA ,0.000000,0.000000,0.000,0.000,AP
2026-05-20 09:26:06,1900-01-00 00:00:00,Bilagg,7C:C3:85:9B:D5:E0,-79, WPA2  WPA ,0.000000,0.000000,0.000,0.000,AP
2026-05-20 09:26:06,1900-01-00 00:00:00,Bilagg,7C:C3:85:9B:D5:E0,-73, WPA2  WPA ,0.000000,0.000000,0.000,0.000,AP
2026-05-20 09:26:06,1900-01-00 00:00:00,Bilagg,7C:C3:85:9B:D5:E0,-71, WPA2  WPA ,0.000000,0.000000,0.000,0.000,AP
2026-05-20 09:26:06,1900-01-00 00:00:00,Bilagg,7C:C3:85:9B:D5:E0,-79, WPA2  WPA ,0.000000,0.000000,0.000,0.000,AP
2026-05-20 09:26:07,1900-01-00 00:00:00,Bilagg,7C:C3:85:9B:D5:E0,-73, WPA2  WPA ,0.000000,0.000000,0.000,0.000,AP
2026-05-20 09:26:07,1900-01-00 00:00:00,Bilagg,7C:C3:85:9B:D5:E0,-69, WPA2  WPA ,0.000000,0.000000,0.000,0.000,AP
2026-05-20 09:26:07,1900-01-00 00:00:00,Bilagg,7C:C3:85:9B:D5:E0,-91, WPA2  WPA ,0.000000,0.000000,0.000,0.000,AP
2026-05-20 09:26:07,1900-01-00 00:00:00,Bilagg,7C:C3:85:9B:D5:E0,-89, WPA2  WPA ,0.000000,0.000000,0.000,0.000,AP
2026-05-20 09:26:07,1900-01-00 00:00:00,Bilagg,7C:C3:85:9B:D5:E0,-93, WPA2  WPA ,0.000000,0.000000,0.000,0.000,AP
2026-05-20 09:26:08,1900-01-00 00:00:00,Bilagg,7C:C3:85:9B:D5:E0,-75, WPA2  WPA ,0.000000,0.000000,0.000,0.000,AP
2026-05-20 09:26:08,1900-01-00 00:00:00,Bilagg,7C:C3:85:9B:D5:E0,-77, WPA2  WPA ,0.000000,0.000000,0.000,0.000,AP
2026-05-20 09:26:08,1900-01-00 00:00:00,Bilagg,7C:C3:85:9B:D5:E0,-77, WPA2  WPA ,0.000000,0.000000,0.000,0.000,AP
2026-05-20 09:26:08,1900-01-00 00:00:00,Bilagg,7C:C3:85:9B:D5:E0,-67, WPA2  WPA ,0.000000,0.000000,0.000,0.000,AP
2026-05-20 09:26:08,1900-01-00 00:00:00,Bilagg,7C:C3:85:9B:D5:E0,-67, WPA2  WPA ,0.000000,0.000000,0.000,0.000,AP
2026-05-20 09:26:08,1900-01-00 00:00:00,Bilagg,7C:C3:85:9B:D5:E0,-75, WPA2  WPA ,0.000000,0.000000,0.000,0.000,AP
2026-05-20 09:26:09,1900-01-00 00:00:00,Bilagg,7C:C3:85:9B:D5:E0,-75, WPA2  WPA ,0.000000,0.000000,0.000,0.000,AP
2026-05-20 09:26:09,1900-01-00 00:00:00,Bilagg,7C:C3:85:9B:D5:E0,-75, WPA2  WPA ,0.000000,0.000000,0.000,0.000,AP
2026-05-20 09:26:09,1900-01-00 00:00:00,Bilagg,7C:C3:85:9B:D5:E0,-75, WPA2  WPA ,0.000000,0.000000,0.000,0.000,AP
2026-05-20 09:26:09,1900-01-00 00:00:00,Bilagg,7C:C3:85:9B:D5:E0,-69, WPA2  WPA ,0.000000,0.000000,0.000,0.000,AP
2026-05-20 09:26:09,1900-01-00 00:00:00,Bilagg,7C:C3:85:9B:D5:E0,-71, WPA2  WPA ,0.000000,0.000000,0.000,0.000,AP
2026-05-20 09:26:09,1900-01-00 00:00:00,Bilagg,7C:C3:85:9B:D5:E0,-75, WPA2  WPA ,0.000000,0.000000,0.000,0.000,AP
2026-05-20 09:26:09,1900-01-00 00:00:00,Bilagg,7C:C3:85:9B:D5:E0,-71, WPA2  WPA ,0.000000,0.000000,0.000,0.000,AP
2026-05-20 09:26:09,1900-01-00 00:00:00,Bilagg,7C:C3:85:9B:D5:E0,-67, WPA2  WPA ,0.000000,0.000000,0.000,0.000,AP
2026-05-20 09:26:09,1900-01-00 00:00:00,Bilagg,7C:C3:85:9B:D5:E0,-69, WPA2  WPA ,0.000000,0.000000,0.000,0.000,AP
2026-05-20 09:26:09,1900-01-00 00:00:00,Bilagg,7C:C3:85:9B:D5:E0,-71, WPA2  WPA ,0.000000,0.000000,0.000,0.000,AP
2026-05-20 09:26:09,1900-01-00 00:00:00,Bilagg,7C:C3:85:9B:D5:E0,-77, WPA2  WPA ,0.000000,0.000000,0.000,0.000,AP
2026-05-20 09:26:09,1900-01-00 00:00:00,Bilagg,7C:C3:85:9B:D5:E0,-69, WPA2  WPA ,0.000000,0.000000,0.000,0.000,AP
2026-05-20 09:26:09,1900-01-00 00:00:00,Bilagg,7C:C3:85:9B:D5:E0,-71, WPA2  WPA ,0.000000,0.000000,0.000,0.000,AP
2026-05-20 09:26:09,1900-01-00 00:00:00,Bilagg,7C:C3:85:9B:D5:E0,-73, WPA2  WPA ,0.000000,0.000000,0.000,0.000,AP
2026-05-20 09:26:09,1900-01-00 00:00:00,Bilagg,7C:C3:85:9B:D5:E0,-69, WPA2  WPA ,0.000000,0.000000,0.000,0.000,AP
2026-05-20 09:26:09,1900-01-00 00:00:00,Bilagg,7C:C3:85:9B:D5:E0,-73, WPA2  WPA ,0.000000,0.000000,0.000,0.000,AP
2026-05-20 09:26:09,1900-01-00 00:00:00,Bilagg,7C:C3:85:9B:D5:E0,-73, WPA2  WPA ,0.000000,0.000000,0.000,0.000,AP
2026-05-20 09:26:09,1900-01-00 00:00:00,Bilagg,7C:C3:85:9B:D5:E0,-71, WPA2  WPA ,0.000000,0.000000,0.000,0.000,AP
2026-05-20 09:26:10,1900-01-00 00:00:00,Bilagg,7C:C3:85:9B:D5:E0,-71, WPA2  WPA ,0.000000,0.000000,0.000,0.000,AP
2026-05-20 09:26:10,1900-01-00 00:00:00,Bilagg,7C:C3:85:9B:D5:E0,-69, WPA2  WPA ,0.000000,0.000000,0.000,0.000,AP
2026-05-20 09:26:10,1900-01-00 00:00:00,Bilagg,7C:C3:85:9B:D5:E0,-71, WPA2  WPA ,0.000000,0.000000,0.000,0.000,AP
2026-05-20 09:26:10,1900-01-00 00:00:00,Bilagg,7C:C3:85:9B:D5:E0,-73, WPA2  WPA ,0.000000,0.000000,0.000,0.000,AP
2026-05-20 09:26:10,1900-01-00 00:00:00,Bilagg,7C:C3:85:9B:D5:E0,-71, WPA2  WPA ,0.000000,0.000000,0.000,0.000,AP
2026-05-20 09:26:10,1900-01-00 00:00:00,Bilagg,7C:C3:85:9B:D5:E0,-71, WPA2  WPA ,0.000000,0.000000,0.000,0.000,AP
2026-05-20 09:26:10,1900-01-00 00:00:00,Bilagg,7C:C3:85:9B:D5:E0,-69, WPA2  WPA ,0.000000,0.000000,0.000,0.000,AP
2026-05-20 09:26:10,1900-01-00 00:00:00,Bilagg,7C:C3:85:9B:D5:E0,-71, WPA2  WPA ,0.000000,0.000000,0.000,0.000,AP
2026-05-20 09:26:11,1900-01-00 00:00:00,Bilagg,7C:C3:85:9B:D5:E0,-71, WPA2  WPA ,0.000000,0.000000,0.000,0.000,AP
2026-05-20 09:26:11,1900-01-00 00:00:00,Bilagg,7C:C3:85:9B:D5:E0,-71, WPA2  WPA ,0.000000,0.000000,0.000,0.000,AP
2026-05-20 09:26:11,1900-01-00 00:00:00,Bilagg,7C:C3:85:9B:D5:E0,-73, WPA2  WPA ,0.000000,0.000000,0.000,0.000,AP
2026-05-20 09:26:11,1900-01-00 00:00:00,Bilagg,7C:C3:85:9B:D5:E0,-69, WPA2  WPA ,0.000000,0.000000,0.000,0.000,AP
2026-05-20 09:26:11,1900-01-00 00:00:00,Bilagg,7C:C3:85:9B:D5:E0,-69, WPA2  WPA ,0.000000,0.000000,0.000,0.000,AP
2026-05-20 09:26:11,1900-01-00 00:00:00,Bilagg,7C:C3:85:9B:D5:E0,-69, WPA2  WPA ,0.000000,0.000000,0.000,0.000,AP
2026-05-20 09:26:12,1900-01-00 00:00:00,Bilagg,7C:C3:85:9B:D5:E0,-75, WPA2  WPA ,0.000000,0.000000,0.000,0.000,AP
2026-05-20 09:26:12,1900-01-00 00:00:00,Bilagg,7C:C3:85:9B:D5:E0,-71, WPA2  WPA ,0.000000,0.000000,0.000,0.000,AP
2026-05-20 09:26:12,1900-01-00 00:00:00,Bilagg,7C:C3:85:9B:D5:E0,-71, WPA2  WPA ,0.000000,0.000000,0.000,0.000,AP
2026-05-20 09:26:12,1900-01-00 00:00:00,Bilagg,7C:C3:85:9B:D5:E0,-69, WPA2  WPA ,0.000000,0.000000,0.000,0.000,AP
2026-05-20 09:26:12,1900-01-00 00:00:00,Bilagg,7C:C3:85:9B:D5:E0,-71, WPA2  WPA ,0.000000,0.000000,0.000,0.000,AP
2026-05-20 09:26:12,1900-01-00 00:00:00,Bilagg,7C:C3:85:9B:D5:E0,-75, WPA2  WPA ,0.000000,0.000000,0.000,0.000,AP
2026-05-20 09:26:12,1900-01-00 00:00:00,Bilagg,7C:C3:85:9B:D5:E0,-69, WPA2  WPA ,0.000000,0.000000,0.000,0.000,AP
2026-05-20 09:26:13,1900-01-00 00:00:00,Bilagg,7C:C3:85:9B:D5:E0,-69, WPA2  WPA ,0.000000,0.000000,0.000,0.000,AP
2026-05-20 09:26:13,1900-01-00 00:00:00,Bilagg,7C:C3:85:9B:D5:E0,-71, WPA2  WPA ,0.000000,0.000000,0.000,0.000,AP
2026-05-20 09:26:13,1900-01-00 00:00:00,Bilagg,7C:C3:85:9B:D5:E0,-73, WPA2  WPA ,0.000000,0.000000,0.000,0.000,AP
2026-05-20 09:26:13,1900-01-00 00:00:00,Bilagg,7C:C3:85:9B:D5:E0,-69, WPA2  WPA ,0.000000,0.000000,0.000,0.000,AP
2026-05-20 09:26:13,1900-01-00 00:00:00,Bilagg,7C:C3:85:9B:D5:E0,-69, WPA2  WPA ,0.000000,0.000000,0.000,0.000,AP
2026-05-20 09:26:13,1900-01-00 00:00:00,Bilagg,7C:C3:85:9B:D5:E0,-75, WPA2  WPA ,0.000000,0.000000,0.000,0.000,AP
2026-05-20 09:26:13,1900-01-00 00:00:00,Bilagg,7C:C3:85:9B:D5:E0,-73, WPA2  WPA ,0.000000,0.000000,0.000,0.000,AP
2026-05-20 09:26:14,1900-01-00 00:00:00,Bilagg,7C:C3:85:9B:D5:E0,-69, WPA2  WPA ,0.000000,0.000000,0.000,0.000,AP
2026-05-20 09:26:14,1900-01-00 00:00:00,Bilagg,7C:C3:85:9B:D5:E0,-69, WPA2  WPA ,0.000000,0.000000,0.000,0.000,AP
2026-05-20 09:26:14,1900-01-00 00:00:00,Bilagg,7C:C3:85:9B:D5:E0,-69, WPA2  WPA ,0.000000,0.000000,0.000,0.000,AP
2026-05-20 09:26:14,1900-01-00 00:00:00,Bilagg,7C:C3:85:9B:D5:E0,-67, WPA2  WPA ,0.000000,0.000000,0.000,0.000,AP
2026-05-20 09:26:14,1900-01-00 00:00:00,Bilagg,7C:C3:85:9B:D5:E0,-75, WPA2  WPA ,0.000000,0.000000,0.000,0.000,AP
2026-05-20 09:26:14,1900-01-00 00:00:00,Bilagg,7C:C3:85:9B:D5:E0,-69, WPA2  WPA ,0.000000,0.000000,0.000,0.000,AP
2026-05-20 09:26:14,1900-01-00 00:00:00,Bilagg,7C:C3:85:9B:D5:E0,-69, WPA2  WPA ,0.000000,0.000000,0.000,0.000,AP
2026-05-20 09:26:14,1900-01-00 00:00:00,Bilagg,7C:C3:85:9B:D5:E0,-69, WPA2  WPA ,0.000000,0.000000,0.000,0.000,AP
2026-05-20 09:26:15,1900-01-00 00:00:00,Bilagg,7C:C3:85:9B:D5:E0,-71, WPA2  WPA ,0.000000,0.000000,0.000,0.000,AP
2026-05-20 09:26:15,1900-01-00 00:00:00,Bilagg,7C:C3:85:9B:D5:E0,-71, WPA2  WPA ,0.000000,0.000000,0.000,0.000,AP
2026-05-20 09:26:15,1900-01-00 00:00:00,Bilagg,7C:C3:85:9B:D5:E0,-75, WPA2  WPA ,0.000000,0.000000,0.000,0.000,AP
2026-05-20 09:26:15,1900-01-00 00:00:00,Bilagg,7C:C3:85:9B:D5:E0,-69, WPA2  WPA ,0.000000,0.000000,0.000,0.000,AP
2026-05-20 09:26:15,1900-01-00 00:00:00,Bilagg,7C:C3:85:9B:D5:E0,-67, WPA2  WPA ,0.000000,0.000000,0.000,0.000,AP
2026-05-20 09:26:15,1900-01-00 00:00:00,Bilagg,7C:C3:85:9B:D5:E0,-69, WPA2  WPA ,0.000000,0.000000,0.000,0.000,AP
2026-05-20 09:26:15,1900-01-00 00:00:00,Bilagg,7C:C3:85:9B:D5:E0,-69, WPA2  WPA ,0.000000,0.000000,0.000,0.000,AP
2026-05-20 09:26:15,1900-01-00 00:00:00,Bilagg,7C:C3:85:9B:D5:E0,-75, WPA2  WPA ,0.000000,0.000000,0.000,0.000,AP
2026-05-20 09:26:15,1900-01-00 00:00:00,Bilagg,7C:C3:85:9B:D5:E0,-71, WPA2  WPA ,0.000000,0.000000,0.000,0.000,AP
2026-05-20 09:26:15,1900-01-00 00:00:00,Bilagg,7C:C3:85:9B:D5:E0,-71, WPA2  WPA ,0.000000,0.000000,0.000,0.000,AP
2026-05-20 09:26:16,1900-01-00 00:00:00,Bilagg,7C:C3:85:9B:D5:E0,-77, WPA2  WPA ,0.000000,0.000000,0.000,0.000,AP
2026-05-20 09:26:16,1900-01-00 00:00:00,Bilagg,7C:C3:85:9B:D5:E0,-69, WPA2  WPA ,0.000000,0.000000,0.000,0.000,AP
2026-05-20 09:26:16,1900-01-00 00:00:00,Bilagg,7C:C3:85:9B:D5:E0,-77, WPA2  WPA ,0.000000,0.000000,0.000,0.000,AP
2026-05-20 09:26:16,1900-01-00 00:00:00,Bilagg,7C:C3:85:9B:D5:E0,-75, WPA2  WPA ,0.000000,0.000000,0.000,0.000,AP
2026-05-20 09:26:16,1900-01-00 00:00:00,Bilagg,7C:C3:85:9B:D5:E0,-77, WPA2  WPA ,0.000000,0.000000,0.000,0.000,AP
2026-05-20 09:26:16,1900-01-00 00:00:00,Bilagg,7C:C3:85:9B:D5:E0,-79, WPA2  WPA ,0.000000,0.000000,0.000,0.000,AP
2026-05-20 09:26:16,1900-01-00 00:00:00,Bilagg,7C:C3:85